,0,gamma_op,b_weight
2005-04,-0.023579084343630877,2,0.0
2005-05,0.02727559048343892,2,0.0
2005-06,0.00805133271342969,2,0.0
2005-07,0.04027125894460179,2,0.0
2005-08,-0.011553522883227783,2,0.0
2005-09,0.00839939434568184,2,0.0
2005-10,-0.02726602906631627,2,0.0
2005-11,0.03369239380178264,2,0.0
2005-12,-0.0011679931774644906,2,0.0
2006-01,0.03569274749228324,2,0.0
2006-02,-0.0022555502251156217,2,0.0
2006-03,0.013827324978894502,2,0.0
2006-04,0.008953701552190264,2,0.0
2006-05,-0.031462735101889044,2,0.0
2006-06,0.0033414204356044205,2,0.0
2006-07,0.0006803567044245595,2,0.0
2006-08,0.018172614360082474,2,0.0
2006-09,0.01196880704569887,2,0.0
2006-10,0.03578287411793967,2,0.0
2006-11,0.02067208698555699,2,0.0
2006-12,0.006756880156719172,2,0.0
2007-01,0.01722665381094635,2,0.0
2007-02,-0.011293527543766311,2,0.0
2007-03,0.014444912873883223,2,0.0
2007-04,0.03446047550566633,2,0.0
2007-05,0.0387213256205403,2,0.0
2007-06,-0.02059823028630095,2,0.0
2007-07,-0.0319316378640141,2,0.0
2007-08,0.007528495491892691,2,0.0
2007-09,0.03966050572652893,2,0.0
2007-10,0.01964582848185708,2,0.0
2007-11,-0.042892943761251565,2,0.0
2007-12,-0.0006347323423595307,2,0.0
2008-01,-0.06457023019327368,2,0.0
2008-02,-0.027166709703975965,2,0.0
2008-03,-0.0039110379752072405,2,0.0
2008-04,0.04989235629960799,2,0.0
2008-05,0.02557028894731403,2,0.0
2008-06,-0.07369069322578992,2,0.0
2008-07,-0.019366231346803712,2,0.0
2008-08,0.011361495771777759,2,0.0
2008-09,-0.10847983268981023,2,0.0
2008-10,-0.17124636982045133,2,0.0
2008-11,-0.0633631943440939,2,0.0
2008-12,0.015340967661522271,2,0.0
2009-01,-0.07689596547048935,2,0.0
2009-02,-0.09872745887705668,2,0.0
2009-03,0.08571350574290831,2,0.0
2009-04,0.10006862758477938,2,0.0
2009-05,0.05414777501754678,2,0.0
2009-06,0.0016694284090214093,2,0.0
2009-07,0.0766106313221126,2,0.0
2009-08,0.027786141066528554,2,0.0
2009-09,0.043241516991579826,2,0.0
2009-10,-0.025223605526804842,2,0.0
2009-11,0.06218008415120546,2,0.0
2009-12,0.029169408623816846,2,0.0
2010-01,-0.041687641880681386,2,0.0
2010-02,0.029934440493147627,2,0.0
2010-03,0.05920429350421186,2,0.0
2010-04,0.0174516590497765,2,0.0
2010-05,-0.0763049058487136,2,0.0
2010-06,-0.04908731048279537,2,0.0
2010-07,0.07565237197223833,2,0.0
2010-08,-0.03271802492626259,2,0.0
2010-09,0.08926766924660852,2,0.0
2010-10,0.037312821971626914,2,0.0
2010-11,0.003812888672381491,2,0.0
2010-12,0.06724595389856527,2,0.0
2011-01,0.016020640985950792,2,0.0
2011-02,0.03340789538914507,2,0.0
2011-03,0.01125179939506931,2,0.0
2011-04,0.03149236514849859,2,0.0
2011-05,-0.006914748566260133,2,0.0
2011-06,-0.01549495068098625,2,0.0
2011-07,-0.023904241032116705,2,0.0
2011-08,-0.04989003029644236,2,0.0
2011-09,-0.07638402065420535,2,0.0
2011-10,0.10857160754557241,2,0.0
2011-11,0.0004905865214968799,2,0.0
2011-12,0.00959493279282321,2,0.0
2012-01,0.0411225732278437,2,0.0
2012-02,0.036294830652440435,2,0.0
2012-03,0.023312674209346677,2,0.0
2012-04,0.0006692245727544701,2,0.0
2012-05,-0.05344761031246796,2,0.0
2012-06,0.04056717154470302,2,0.0
2012-07,0.01569500778964969,2,0.0
2012-08,0.01609514109098702,2,0.0
2012-09,0.02667281532225077,2,0.0
2012-10,-0.015287218082457671,2,0.0
2012-11,0.0027834266808820407,2,0.0
2012-12,0.01007653787409115,2,0.0
2013-01,0.052252902848834624,2,0.0
2013-02,0.01155552542939269,2,0.0
2013-03,0.03800147413632542,2,0.0
2013-04,0.02280038783518138,2,0.0
2013-05,0.007541252394774051,2,0.0
2013-06,-0.012451592173787171,2,0.0
2013-07,0.04926395140566127,2,0.0
2013-08,-0.028167896127467805,2,0.0
2013-09,0.031274638914735337,2,0.0
2013-10,0.04695609995114039,2,0.0
2013-11,0.01814975589201255,2,0.0
2013-12,0.02509721623612984,2,0.0
2014-01,-0.02959739715785243,2,0.0
2014-02,0.043844956281940586,2,0.0
2014-03,0.011932012691536811,2,0.0
2014-04,0.00958100672122316,2,0.0
2014-05,0.02221057532065268,2,0.0
2014-06,0.022342293979964522,2,0.0
2014-07,-0.019301432691115093,2,0.0
2014-08,0.03782632838803794,2,0.0
2014-09,-0.0200962754203132,2,0.0
2014-10,0.02374333139913855,2,0.0
2014-11,0.01814558600122711,2,0.0
2014-12,-0.005745982525013271,2,0.0
2015-01,-0.021481761614608533,2,0.0
2015-02,0.0505493162623922,2,0.0
2015-03,-0.01662917070881215,2,0.0
2015-04,0.014146088577465698,2,0.0
2015-05,0.005962170078748691,2,0.0
2015-06,-0.02445516654323828,2,0.0
2015-07,0.00782468629468672,2,0.0
2015-08,-0.053632421036803185,2,0.0
2015-09,-0.0305673489397568,2,0.0
2015-10,0.08097287116300295,2,0.0
2015-11,-0.0006167200796080698,2,0.0
2015-12,-0.01829156055595537,2,0.0
2016-01,-0.03820422375687284,2,0.0
2016-02,0.00923090193186022,2,0.0
2016-03,0.07222326875289399,2,0.0
2016-04,0.011308455097088742,2,0.0
2016-05,0.01142281086806042,2,0.0
2016-06,0.01763221941115544,2,0.0
2016-07,0.03046794926991643,2,0.0
2016-08,-0.00828454776860834,2,0.0
2016-09,0.0008553647776081508,2,0.0
2016-10,-0.02335034243073171,2,0.0
2016-11,0.03749257870267516,2,0.0
2016-12,0.02325183308529246,2,0.0
2017-01,0.01600234616680115,2,0.0
2017-02,0.03025773409198542,2,0.0
2017-03,-9.34918899906604e-05,2,0.0
2017-04,0.0034958960563977307,2,0.0
2017-05,0.0072323324776724695,2,0.0
2017-06,0.001044350582573799,2,0.0
2017-07,0.02207379937659241,2,0.0
2017-08,-0.00199750733523913,2,0.0
2017-09,0.023837110060356312,2,0.0
2017-10,0.010891530121179521,2,0.0
2017-11,0.03175813935502592,2,0.0
2017-12,0.012310267039892481,2,0.0
2018-01,0.03866882055349133,2,0.0
2018-02,-0.049823061898514126,2,0.0
2018-03,-0.01474426090332771,2,0.0
2018-04,0.006901738277176147,2,0.0
2018-05,0.01565957132423216,2,0.0
2018-06,0.010267529712518632,2,0.0
2018-07,0.029548355721021602,2,0.0
2018-08,0.01947818340837309,2,0.0
2018-09,0.003473109411665419,2,0.0
2018-10,-0.06371954335725628,2,0.0
2018-11,0.02034477666031702,2,0.0
2018-12,-0.08943463468647586,2,0.0
2019-01,0.07358122049090621,2,0.0
2019-02,0.03089114618743031,2,0.0
2019-03,0.014702224807515351,2,0.0
2019-04,0.02561324220785524,2,0.0
2019-05,-0.06353076462910535,2,0.0
2019-06,0.07125550108735185,2,0.0
2019-07,0.004776265989535702,2,0.0
2019-08,-0.01567838602998032,2,0.0
2019-09,0.02392974447249791,2,0.0
2019-10,0.011129580224910536,2,0.0
2019-11,0.023521372702300508,2,0.0
2019-12,0.030282599496456633,2,0.0
2020-01,-0.014637076743822402,2,0.0
2020-02,-0.08829869231799192,2,0.0
2020-03,-0.1481611828927234,2,0.0
2020-04,0.13516462834513326,2,0.0
2020-05,0.04634763952525825,2,0.0
2020-06,0.006978424320554611,2,0.0
2020-07,0.04996604201299415,2,0.0
2020-08,0.04946663145092661,2,0.0
2020-09,-0.03528069626536129,2,0.0
2020-10,-0.019526493655801443,2,0.0
2020-11,0.1238713380665539,2,0.0
2020-12,0.0340115125539201,2,0.0
2021-01,-0.00864169878588673,2,0.0
2021-02,0.03537759116705248,2,0.0
2021-03,0.05246337458597909,2,0.0
2021-04,0.04353949760439562,2,0.0
2021-05,0.00921427528060698,2,0.0
2021-06,0.008477827119857128,2,0.0
2021-07,0.01046464669778072,2,0.0
2021-08,0.01494729213332218,2,0.0
2021-09,-0.033675911171653486,2,0.0
2021-10,0.061309779083608615,2,0.0
2021-11,-0.0259085714564948,2,0.0
2005-04,-0.033119071537835866,2,0.5
2005-05,0.025868365745818432,2,0.5
2005-06,0.012505238965818616,2,0.5
2005-07,0.04661188684324377,2,0.5
2005-08,0.012827138788740639,2,0.5
2005-09,0.028576029127484477,2,0.5
2005-10,-0.04552390834281462,2,0.5
2005-11,0.02903599608521057,2,0.5
2005-12,0.004545419301002961,2,0.5
2006-01,0.0791698960455899,2,0.5
2006-02,-0.04495136473795304,2,0.5
2006-03,0.02752514156275919,2,0.5
2006-04,0.028525718917222553,2,0.5
2006-05,-0.03449699363090878,2,0.5
2006-06,0.009243271616513754,2,0.5
2006-07,0.020847581619635562,2,0.5
2006-08,-0.012408084150072284,2,0.5
2006-09,-0.012168154091661217,2,0.5
2006-10,0.03922079090696067,2,0.5
2006-11,0.05107016402167462,2,0.5
2006-12,-0.009747646216096785,2,0.5
2007-01,-0.00024627404772201936,2,0.5
2007-02,-0.015663859171919012,2,0.5
2007-03,0.03562414257492732,2,0.5
2007-04,0.04138852183817882,2,0.5
2007-05,0.05321426352969623,2,0.5
2007-06,-0.0041784758006801264,2,0.5
2007-07,-0.015593597793920848,2,0.5
2007-08,0.0046919493851824215,2,0.5
2007-09,0.058515600804756825,2,0.5
2007-10,0.015481742071814185,2,0.5
2007-11,-0.043899519717747866,2,0.5
2007-12,0.03494435984556584,2,0.5
2008-01,-0.08699255132278971,2,0.5
2008-02,0.023123724452494155,2,0.5
2008-03,-0.014093030746151106,2,0.5
2008-04,0.07861733771227425,2,0.5
2008-05,0.030885034951812926,2,0.5
2008-06,-0.024348821545488886,2,0.5
2008-07,-0.08212410404706796,2,0.5
2008-08,0.0028335872191067694,2,0.5
2008-09,-0.11723452488272897,2,0.5
2008-10,-0.18056800469662637,2,0.5
2008-11,-0.03249927531821659,2,0.5
2008-12,-0.0131739247241561,2,0.5
2009-01,-0.05133114348049728,2,0.5
2009-02,-0.1077261148112192,2,0.5
2009-03,0.06190375401274656,2,0.5
2009-04,0.08413176608739863,2,0.5
2009-05,0.08254193141256923,2,0.5
2009-06,-0.025124885624672536,2,0.5
2009-07,0.06138745446742032,2,0.5
2009-08,0.016889653084028667,2,0.5
2009-09,0.04652399067641662,2,0.5
2009-10,-0.007979199898337008,2,0.5
2009-11,0.04463661142139668,2,0.5
2009-12,0.015600461713383404,2,0.5
2010-01,-0.04274783581863571,2,0.5
2010-02,0.023984585814453344,2,0.5
2010-03,0.04735800330112823,2,0.5
2010-04,0.021987166931235414,2,0.5
2010-05,-0.09162726356582757,2,0.5
2010-06,-0.05661348715316461,2,0.5
2010-07,0.08300587319869498,2,0.5
2010-08,-0.028985730303740277,2,0.5
2010-09,0.08643039273726089,2,0.5
2010-10,0.046883055810013764,2,0.5
2010-11,0.010557113277113738,2,0.5
2010-12,0.07621277022455705,2,0.5
2011-01,0.016994029032109954,2,0.5
2011-02,0.03709715204496342,2,0.5
2011-03,0.016046639498779276,2,0.5
2011-04,0.02566358411876269,2,0.5
2011-05,-0.012983834380366724,2,0.5
2011-06,-0.015858200540725353,2,0.5
2011-07,-0.01970913515921964,2,0.5
2011-08,-0.05171898531969737,2,0.5
2011-09,-0.08844043763290788,2,0.5
2011-10,0.09068618416706116,2,0.5
2011-11,0.004735233224848626,2,0.5
2011-12,0.011262327714494157,2,0.5
2012-01,0.02642660306181489,2,0.5
2012-02,0.04307854827219246,2,0.5
2012-03,0.02205580991197926,2,0.5
2012-04,-0.006467558006109698,2,0.5
2012-05,-0.05106814099286702,2,0.5
2012-06,0.026673755046394174,2,0.5
2012-07,0.01705845758640764,2,0.5
2012-08,0.013717957712937372,2,0.5
2012-09,0.02141109474660484,2,0.5
2012-10,-0.012273732757231162,2,0.5
2012-11,0.012604090431843146,2,0.5
2012-12,0.005694299008097149,2,0.5
2013-01,0.05750735208611418,2,0.5
2013-02,0.010161489669035214,2,0.5
2013-03,0.04506942136762257,2,0.5
2013-04,0.02476074098216842,2,0.5
2013-05,0.013806931308207445,2,0.5
2013-06,-0.006469477492897693,2,0.5
2013-07,0.0533260434308807,2,0.5
2013-08,-0.0316000518444459,2,0.5
2013-09,0.0428838435080586,2,0.5
2013-10,0.04883822843937831,2,0.5
2013-11,0.0269308152835456,2,0.5
2013-12,0.023744762208828596,2,0.5
2014-01,-0.03862266550666921,2,0.5
2014-02,0.054002349500631375,2,0.5
2014-03,-0.004964285506421382,2,0.5
2014-04,-0.0014664876868771366,2,0.5
2014-05,0.025005959458820694,2,0.5
2014-06,0.018617801623200862,2,0.5
2014-07,-0.014944776980255656,2,0.5
2014-08,0.03954623225915149,2,0.5
2014-09,-0.019604230943854387,2,0.5
2014-10,0.02975696851960289,2,0.5
2014-11,0.029990950892402987,2,0.5
2014-12,0.004953921545111886,2,0.5
2015-01,-0.020760750294277697,2,0.5
2015-02,0.06088388894700404,2,0.5
2015-03,-0.007022958400874453,2,0.5
2015-04,-0.0001403187180238465,2,0.5
2015-05,0.027768361577750693,2,0.5
2015-06,-0.012108383595873401,2,0.5
2015-07,0.017920594351934084,2,0.5
2015-08,-0.06606411903116724,2,0.5
2015-09,-0.04752611094593399,2,0.5
2015-10,0.07716095569974042,2,0.5
2015-11,-0.0010707010068347735,2,0.5
2015-12,-0.00222979540956913,2,0.5
2016-01,-0.06178500153483074,2,0.5
2016-02,0.0028904768046945787,2,0.5
2016-03,0.05130519740243798,2,0.5
2016-04,0.012661937139175794,2,0.5
2016-05,0.015980370366007864,2,0.5
2016-06,0.011111566930229941,2,0.5
2016-07,0.04127637515820422,2,0.5
2016-08,-0.020711917866720466,2,0.5
2016-09,7.903698500204054e-05,2,0.5
2016-10,-0.039988694006643316,2,0.5
2016-11,0.034820511186669574,2,0.5
2016-12,0.013667524031033041,2,0.5
2017-01,0.018578516279485837,2,0.5
2017-02,0.02760899152924709,2,0.5
2017-03,-0.0022799613095468955,2,0.5
2017-04,0.012405872771841544,2,0.5
2017-05,0.0058854452075257765,2,0.5
2017-06,0.009065584462089648,2,0.5
2017-07,0.013942205299796877,2,0.5
2017-08,0.008794327549670298,2,0.5
2017-09,0.016258691279507957,2,0.5
2017-10,0.006987285554629675,2,0.5
2017-11,0.020589723113800425,2,0.5
2017-12,0.005480512703303946,2,0.5
2018-01,0.05491332142330531,2,0.5
2018-02,-0.0231093713196956,2,0.5
2018-03,-0.026376274558144407,2,0.5
2018-04,0.0021269159407943726,2,0.5
2018-05,0.044674464853916664,2,0.5
2018-06,-0.0001608224513010301,2,0.5
2018-07,0.025566107954626074,2,0.5
2018-08,0.04593618545509779,2,0.5
2018-09,-0.0026159780033793074,2,0.5
2018-10,-0.07477931942426384,2,0.5
2018-11,-0.000686374656634404,2,0.5
2018-12,-0.08615781349864042,2,0.5
2019-01,0.0792281419074678,2,0.5
2019-02,0.04124996102284309,2,0.5
2019-03,0.027128730193956976,2,0.5
2019-04,0.045597256813285136,2,0.5
2019-05,-0.08038520777116727,2,0.5
2019-06,0.07424934485069248,2,0.5
2019-07,0.024002562352933927,2,0.5
2019-08,-0.02286597239942724,2,0.5
2019-09,0.019883272578505633,2,0.5
2019-10,0.02190448652344469,2,0.5
2019-11,0.03882343844989264,2,0.5
2019-12,0.035648161804266554,2,0.5
2020-01,0.012240272697315837,2,0.5
2020-02,-0.07829056831546294,2,0.5
2020-03,-0.12015646144871037,2,0.5
2020-04,0.14266019655074877,2,0.5
2020-05,0.06038416946903516,2,0.5
2020-06,0.0369408268608945,2,0.5
2020-07,0.05678711159917545,2,0.5
2020-08,0.08455319443067107,2,0.5
2020-09,-0.04813489020894987,2,0.5
2020-10,-0.020941977056936265,2,0.5
2020-11,0.11480593266273448,2,0.5
2020-12,0.04040774909779585,2,0.5
2021-01,-0.00047484628416219043,2,0.5
2021-02,0.024688024272928565,2,0.5
2021-03,0.03247283641159717,2,0.5
2021-04,0.054182900893722276,2,0.5
2021-05,0.001842188313862579,2,0.5
2021-06,0.04200924728435379,2,0.5
2021-07,0.025292569267586072,2,0.5
2021-08,0.03258083546661244,2,0.5
2021-09,-0.04936129651646963,2,0.5
2021-10,0.07546789452690086,2,0.5
2021-11,0.0018854468306504484,2,0.5
2005-04,-0.036299067269237525,2,0.6666666666666666
2005-05,0.025399290833278267,2,0.6666666666666666
2005-06,0.01398987438328159,2,0.6666666666666666
2005-07,0.04872542947612443,2,0.6666666666666666
2005-08,0.02095402601273011,2,0.6666666666666666
2005-09,0.03530157405475202,2,0.6666666666666666
2005-10,-0.0516098681016474,2,0.6666666666666666
2005-11,0.02748386351301987,2,0.6666666666666666
2005-12,0.006449890127158778,2,0.6666666666666666
2006-01,0.09366227889669211,2,0.6666666666666666
2006-02,-0.05918330290889883,2,0.6666666666666666
2006-03,0.03209108042404742,2,0.6666666666666666
2006-04,0.03504972470556665,2,0.6666666666666666
2006-05,-0.03550841314058203,2,0.6666666666666666
2006-06,0.011210555343483534,2,0.6666666666666666
2006-07,0.027569989924705888,2,0.6666666666666666
2006-08,-0.022601650320123873,2,0.6666666666666666
2006-09,-0.02021380780411458,2,0.6666666666666666
2006-10,0.04036676316996767,2,0.6666666666666666
2006-11,0.06120285636704716,2,0.6666666666666666
2006-12,-0.015249155007035433,2,0.6666666666666666
2007-01,-0.006070583333944806,2,0.6666666666666666
2007-02,-0.017120636381303244,2,0.6666666666666666
2007-03,0.042683885808608685,2,0.6666666666666666
2007-04,0.04369787061568299,2,0.6666666666666666
2007-05,0.0580452428327482,2,0.6666666666666666
2007-06,0.0012947756945268104,2,0.6666666666666666
2007-07,-0.0101475844372231,2,0.6666666666666666
2007-08,0.003746434016278999,2,0.6666666666666666
2007-09,0.06480063249749944,2,0.6666666666666666
2007-10,0.014093713268466552,2,0.6666666666666666
2007-11,-0.04423504503657996,2,0.6666666666666666
2007-12,0.04680405724154096,2,0.6666666666666666
2008-01,-0.09446665836596171,2,0.6666666666666666
2008-02,0.03988720250465085,2,0.6666666666666666
2008-03,-0.01748702833646572,2,0.6666666666666666
2008-04,0.08819233151649633,2,0.6666666666666666
2008-05,0.03265661695331255,2,0.6666666666666666
2008-06,-0.007901530985388545,2,0.6666666666666666
2008-07,-0.10304339494715604,2,0.6666666666666666
2008-08,-9.048965116894604e-06,2,0.6666666666666666
2008-09,-0.12015275561370188,2,0.6666666666666666
2008-10,-0.18367521632201805,2,0.6666666666666666
2008-11,-0.022211302309590827,2,0.6666666666666666
2008-12,-0.022678888852715552,2,0.6666666666666666
2009-01,-0.04280953615049992,2,0.6666666666666666
2009-02,-0.11072566678927336,2,0.6666666666666666
2009-03,0.05396717010269265,2,0.6666666666666666
2009-04,0.07881947892160504,2,0.6666666666666666
2009-05,0.09200665021091006,2,0.6666666666666666
2009-06,-0.034056323635903836,2,0.6666666666666666
2009-07,0.0563130621825229,2,0.6666666666666666
2009-08,0.013257490423195371,2,0.6666666666666666
2009-09,0.047618148571362214,2,0.6666666666666666
2009-10,-0.0022310646888477337,2,0.6666666666666666
2009-11,0.03878878717812709,2,0.6666666666666666
2009-12,0.01107747940990559,2,0.6666666666666666
2010-01,-0.04310123379795383,2,0.6666666666666666
2010-02,0.022001300921555247,2,0.6666666666666666
2010-03,0.04340923990010035,2,0.6666666666666666
2010-04,0.023499002891721726,2,0.6666666666666666
2010-05,-0.0967347161381989,2,0.6666666666666666
2010-06,-0.05912221270995435,2,0.6666666666666666
2010-07,0.08545704027418057,2,0.6666666666666666
2010-08,-0.027741632096232836,2,0.6666666666666666
2010-09,0.08548463390081167,2,0.6666666666666666
2010-10,0.05007313375614272,2,0.6666666666666666
2010-11,0.012805188145357822,2,0.6666666666666666
2010-12,0.07920170899988763,2,0.6666666666666666
2011-01,0.017318491714163015,2,0.6666666666666666
2011-02,0.038326904263569536,2,0.6666666666666666
2011-03,0.017644919533349266,2,0.6666666666666666
2011-04,0.023720657108850726,2,0.6666666666666666
2011-05,-0.01500686298506892,2,0.6666666666666666
2011-06,-0.015979283827305055,2,0.6666666666666666
2011-07,-0.018310766534920614,2,0.6666666666666666
2011-08,-0.0523286369941157,2,0.6666666666666666
2011-09,-0.09245924329247539,2,0.6666666666666666
2011-10,0.08472437637422409,2,0.6666666666666666
2011-11,0.0061501154592992074,2,0.6666666666666666
2011-12,0.011818126021717806,2,0.6666666666666666
2012-01,0.021527946339805287,2,0.6666666666666666
2012-02,0.045339787478776455,2,0.6666666666666666
2012-03,0.02163685514619012,2,0.6666666666666666
2012-04,-0.008846485532397754,2,0.6666666666666666
2012-05,-0.05027498455300004,2,0.6666666666666666
2012-06,0.022042616213624557,2,0.6666666666666666
2012-07,0.017512940851993623,2,0.6666666666666666
2012-08,0.012925563253587489,2,0.6666666666666666
2012-09,0.019657187888056198,2,0.6666666666666666
2012-10,-0.011269237648822327,2,0.6666666666666666
2012-11,0.015877645015496846,2,0.6666666666666666
2012-12,0.004233552719432482,2,0.6666666666666666
2013-01,0.059258835165207364,2,0.6666666666666666
2013-02,0.009696811082249387,2,0.6666666666666666
2013-03,0.04742540377805496,2,0.6666666666666666
2013-04,0.0254141920311641,2,0.6666666666666666
2013-05,0.015895490946018574,2,0.6666666666666666
2013-06,-0.0044754392659345325,2,0.6666666666666666
2013-07,0.05468007410595384,2,0.6666666666666666
2013-08,-0.032744103750105266,2,0.6666666666666666
2013-09,0.04675357837249968,2,0.6666666666666666
2013-10,0.0494656046021243,2,0.6666666666666666
2013-11,0.02985783508072328,2,0.6666666666666666
2013-12,0.023293944199728186,2,0.6666666666666666
2014-01,-0.04163108828960814,2,0.6666666666666666
2014-02,0.05738814724019497,2,0.6666666666666666
2014-03,-0.010596384905740781,2,0.6666666666666666
2014-04,-0.005148985822910568,2,0.6666666666666666
2014-05,0.025937754171543363,2,0.6666666666666666
2014-06,0.017376304170946308,2,0.6666666666666666
2014-07,-0.013492558409969178,2,0.6666666666666666
2014-08,0.04011953354952267,2,0.6666666666666666
2014-09,-0.01944021611836811,2,0.6666666666666666
2014-10,0.03176151422642433,2,0.6666666666666666
2014-11,0.03393940585612828,2,0.6666666666666666
2014-12,0.008520556235153602,2,0.6666666666666666
2015-01,-0.020520413187500752,2,0.6666666666666666
2015-02,0.06432874650854133,2,0.6666666666666666
2015-03,-0.003820887631561887,2,0.6666666666666666
2015-04,-0.004902454483187027,2,0.6666666666666666
2015-05,0.03503709207741802,2,0.6666666666666666
2015-06,-0.007992789280085108,2,0.6666666666666666
2015-07,0.021285897037683202,2,0.6666666666666666
2015-08,-0.07020801836262193,2,0.6666666666666666
2015-09,-0.05317903161465972,2,0.6666666666666666
2015-10,0.07589031721198623,2,0.6666666666666666
2015-11,-0.001222027982577008,2,0.6666666666666666
2015-12,0.0031241263058929478,2,0.6666666666666666
2016-01,-0.06964526079415004,2,0.6666666666666666
2016-02,0.0007770017623060324,2,0.6666666666666666
2016-03,0.04433250695228598,2,0.6666666666666666
2016-04,0.01311309781987148,2,0.6666666666666666
2016-05,0.01749955686532367,2,0.6666666666666666
2016-06,0.008938016103254778,2,0.6666666666666666
2016-07,0.04487918378763347,2,0.6666666666666666
2016-08,-0.024854374566091172,2,0.6666666666666666
2016-09,-0.0001797389458666622,2,0.6666666666666666
2016-10,-0.045534811198613856,2,0.6666666666666666
2016-11,0.03392982201466771,2,0.6666666666666666
2016-12,0.010472754346279903,2,0.6666666666666666
2017-01,0.01943723965038073,2,0.6666666666666666
2017-02,0.026726077341667646,2,0.6666666666666666
2017-03,-0.003008784449398974,2,0.6666666666666666
2017-04,0.015375865010322813,2,0.6666666666666666
2017-05,0.005436482784143547,2,0.6666666666666666
2017-06,0.011739329088594931,2,0.6666666666666666
2017-07,0.011231673940865031,2,0.6666666666666666
2017-08,0.012391605844640108,2,0.6666666666666666
2017-09,0.01373255168589184,2,0.6666666666666666
2017-10,0.005685870699113059,2,0.6666666666666666
2017-11,0.016866917700058593,2,0.6666666666666666
2017-12,0.0032039279244411023,2,0.6666666666666666
2018-01,0.06032815504657663,2,0.6666666666666666
2018-02,-0.014204807793422761,2,0.6666666666666666
2018-03,-0.030253612443083305,2,0.6666666666666666
2018-04,0.0005353084953337809,2,0.6666666666666666
2018-05,0.05434609603047816,2,0.6666666666666666
2018-06,-0.003636939839240917,2,0.6666666666666666
2018-07,0.02423869203249423,2,0.6666666666666666
2018-08,0.05475551947067269,2,0.6666666666666666
2018-09,-0.004645673808394215,2,0.6666666666666666
2018-10,-0.07846591144659969,2,0.6666666666666666
2018-11,-0.007696758428951546,2,0.6666666666666666
2018-12,-0.08506553976936196,2,0.6666666666666666
2019-01,0.08111044904632168,2,0.6666666666666666
2019-02,0.04470289930131402,2,0.6666666666666666
2019-03,0.031270898656104176,2,0.6666666666666666
2019-04,0.0522585950150951,2,0.6666666666666666
2019-05,-0.08600335548518791,2,0.6666666666666666
2019-06,0.07524729277180602,2,0.6666666666666666
2019-07,0.0304113278074,2,0.6666666666666666
2019-08,-0.02526183452257621,2,0.6666666666666666
2019-09,0.018534448613841542,2,0.6666666666666666
2019-10,0.025496121956289412,2,0.6666666666666666
2019-11,0.04392412703242335,2,0.6666666666666666
2019-12,0.03743668257353653,2,0.6666666666666666
2020-01,0.021199389177695246,2,0.6666666666666666
2020-02,-0.0749545269812866,2,0.6666666666666666
2020-03,-0.11082155430070606,2,0.6666666666666666
2020-04,0.14515871928595392,2,0.6666666666666666
2020-05,0.06506301278362747,2,0.6666666666666666
2020-06,0.04692829437434112,2,0.6666666666666666
2020-07,0.059060801461235886,2,0.6666666666666666
2020-08,0.09624871542391923,2,0.6666666666666666
2020-09,-0.0524196215234794,2,0.6666666666666666
2020-10,-0.021413804857314537,2,0.6666666666666666
2020-11,0.11178413086146133,2,0.6666666666666666
2020-12,0.04253982794575442,2,0.6666666666666666
2021-01,0.0022474378830793203,2,0.6666666666666666
2021-02,0.021124835308220593,2,0.6666666666666666
2021-03,0.0258093236868032,2,0.6666666666666666
2021-04,0.05773070199016449,2,0.6666666666666666
2021-05,-0.0006151740083855549,2,0.6666666666666666
2021-06,0.05318638733918601,2,0.6666666666666666
2021-07,0.030235210124187853,2,0.6666666666666666
2021-08,0.03845868324437585,2,0.6666666666666666
2021-09,-0.05458975829807501,2,0.6666666666666666
2021-10,0.08018726634133161,2,0.6666666666666666
2021-11,0.011150119593032196,2,0.6666666666666666
2005-04,-0.04265905873204085,2,1.0
2005-05,0.024461141008197938,2,1.0
2005-06,0.01695914521820754,2,1.0
2005-07,0.05295251474188575,2,1.0
2005-08,0.03720780046070907,2,1.0
2005-09,0.048752663909287106,2,1.0
2005-10,-0.06378178761931297,2,1.0
2005-11,0.024379598368638487,2,1.0
2005-12,0.010258831779470413,2,1.0
2006-01,0.12264704459889657,2,1.0
2006-02,-0.08764717925079044,2,1.0
2006-03,0.041222958146623884,2,1.0
2006-04,0.04809773628225484,2,1.0
2006-05,-0.03753125215992852,2,1.0
2006-06,0.015145122797423092,2,1.0
2006-07,0.04101480653484656,2,1.0
2006-08,-0.04298878266022705,2,1.0
2006-09,-0.03630511522902131,2,1.0
2006-10,0.04265870769598167,2,1.0
2006-11,0.08146824105779225,2,1.0
2006-12,-0.026252172588912742,2,1.0
2007-01,-0.01771920190639039,2,1.0
2007-02,-0.020034190800071707,2,1.0
2007-03,0.056803372275971424,2,1.0
2007-04,0.048316568170691306,2,1.0
2007-05,0.06770720143885213,2,1.0
2007-06,0.012241278684940697,2,1.0
2007-07,0.0007444422761724023,2,1.0
2007-08,0.0018554032784721527,2,1.0
2007-09,0.0773706958829847,2,1.0
2007-10,0.011317655661771288,2,1.0
2007-11,-0.04490609567424416,2,1.0
2007-12,0.07052345203349121,2,1.0
2008-01,-0.10941487245230574,2,1.0
2008-02,0.07341415860896428,2,1.0
2008-03,-0.024275023517094967,2,1.0
2008-04,0.10734231912494051,2,1.0
2008-05,0.03619978095631182,2,1.0
2008-06,0.024993050134812143,2,1.0
2008-07,-0.14488197674733222,2,1.0
2008-08,-0.005694321333564223,2,1.0
2008-09,-0.1259892170756477,2,1.0
2008-10,-0.18988963957280142,2,1.0
2008-11,-0.0016353562923392881,2,1.0
2008-12,-0.04168881710983447,2,1.0
2009-01,-0.02576632149050521,2,1.0
2009-02,-0.11672477074538173,2,1.0
2009-03,0.03809400228258481,2,1.0
2009-04,0.06819490459001787,2,1.0
2009-05,0.11093608780759172,2,1.0
2009-06,-0.051919199658366465,2,1.0
2009-07,0.046164277612728045,2,1.0
2009-08,0.005993165101528783,2,1.0
2009-09,0.0498064643612534,2,1.0
2009-10,0.00926520573013082,2,1.0
2009-11,0.02709313869158789,2,1.0
2009-12,0.0020315148029499573,2,1.0
2010-01,-0.04380802975659004,2,1.0
2010-02,0.01803473113575906,2,1.0
2010-03,0.035511713098044594,2,1.0
2010-04,0.026522674812694335,2,1.0
2010-05,-0.10694962128294153,2,1.0
2010-06,-0.06413966382353385,2,1.0
2010-07,0.09035937442515167,2,1.0
2010-08,-0.025253435681217955,2,1.0
2010-09,0.08359311622791324,2,1.0
2010-10,0.05645328964840062,2,1.0
2010-11,0.01730133788184599,2,1.0
2010-12,0.08517958655054882,2,1.0
2011-01,0.01796741707826912,2,1.0
2011-02,0.040786408700781776,2,1.0
2011-03,0.02084147960248924,2,1.0
2011-04,0.019834803089026794,2,1.0
2011-05,-0.019052920194473317,2,1.0
2011-06,-0.01622145040046446,2,1.0
2011-07,-0.015514029286322575,2,1.0
2011-08,-0.05354794034295237,2,1.0
2011-09,-0.10049685461161041,2,1.0
2011-10,0.07280076078854991,2,1.0
2011-11,0.008979879928200372,2,1.0
2011-12,0.012929722636165104,2,1.0
2012-01,0.011730632895786075,2,1.0
2012-02,0.04986226589194447,2,1.0
2012-03,0.02079894561461184,2,1.0
2012-04,-0.013604340584973864,2,1.0
2012-05,-0.048688671673266085,2,1.0
2012-06,0.012780338548085326,2,1.0
2012-07,0.018421907383165594,2,1.0
2012-08,0.01134077433488772,2,1.0
2012-09,0.016149374170958908,2,1.0
2012-10,-0.009260247432004654,2,1.0
2012-11,0.022424754182804253,2,1.0
2012-12,0.0013120601421031477,2,1.0
2013-01,0.06276180132339375,2,1.0
2013-02,0.008767453908677735,2,1.0
2013-03,0.05213736859891973,2,1.0
2013-04,0.026721094129155454,2,1.0
2013-05,0.02007261022164084,2,1.0
2013-06,-0.00048736281200821184,2,1.0
2013-07,0.057388135456100116,2,1.0
2013-08,-0.03503220756142399,2,1.0
2013-09,0.054493048101381864,2,1.0
2013-10,0.05072035692761624,2,1.0
2013-11,0.03571187467507865,2,1.0
2013-12,0.022392308181527352,2,1.0
2014-01,-0.04764793385548599,2,1.0
2014-02,0.06415974271932214,2,1.0
2014-03,-0.02186058370437958,2,1.0
2014-04,-0.012513982094977432,2,1.0
2014-05,0.0278013435969887,2,1.0
2014-06,0.014893309266437203,2,1.0
2014-07,-0.010588121269396221,2,1.0
2014-08,0.041266136130265044,2,1.0
2014-09,-0.01911218646739557,2,1.0
2014-10,0.035770605640067225,2,1.0
2014-11,0.04183631578357886,2,1.0
2014-12,0.01565382561523704,2,1.0
2015-01,-0.020039738973946866,2,1.0
2015-02,0.07121846163161591,2,1.0
2015-03,0.0025832539070632463,2,1.0
2015-04,-0.014426726013513393,2,1.0
2015-05,0.049574553076752695,2,1.0
2015-06,0.00023839935149148143,2,1.0
2015-07,0.02801650240918144,2,1.0
2015-08,-0.0784958170255313,2,1.0
2015-09,-0.0644848729521112,2,1.0
2015-10,0.07334904023647787,2,1.0
2015-11,-0.001524681934061477,2,1.0
2015-12,0.013831969736817109,2,1.0
2016-01,-0.08536577931278864,2,1.0
2016-02,-0.0034499483224710633,2,1.0
2016-03,0.030387126051981968,2,1.0
2016-04,0.014015419181262853,2,1.0
2016-05,0.0205379298639553,2,1.0
2016-06,0.004590914449304448,2,1.0
2016-07,0.052084801046492005,2,1.0
2016-08,-0.03313928796483259,2,1.0
2016-09,-0.000697290807604069,2,1.0
2016-10,-0.05662704558255492,2,1.0
2016-11,0.03214844367066398,2,1.0
2016-12,0.004083214976773622,2,1.0
2017-01,0.02115468639217052,2,1.0
2017-02,0.02496024896650876,2,1.0
2017-03,-0.004466430729103131,2,1.0
2017-04,0.02131584948728536,2,1.0
2017-05,0.004538557937379084,2,1.0
2017-06,0.017086818341605498,2,1.0
2017-07,0.005810611223001341,2,1.0
2017-08,0.019586162434579727,2,1.0
2017-09,0.008680272498659604,2,1.0
2017-10,0.0030830409880798267,2,1.0
2017-11,0.009421306872574925,2,1.0
2017-12,-0.0013492416332845877,2,1.0
2018-01,0.07115782229311929,2,1.0
2018-02,0.0036043192591229253,2,1.0
2018-03,-0.0380082882129611,2,1.0
2018-04,-0.0026479063955874016,2,1.0
2018-05,0.07368935838360116,2,1.0
2018-06,-0.010589174615120694,2,1.0
2018-07,0.021583860188230542,2,1.0
2018-08,0.0723941875018225,2,1.0
2018-09,-0.008705065418424033,2,1.0
2018-10,-0.0858390954912714,2,1.0
2018-11,-0.02171752597358583,2,1.0
2018-12,-0.082880992310805,2,1.0
2019-01,0.08487506332402943,2,1.0
2019-02,0.05160877585825587,2,1.0
2019-03,0.0395552355803986,2,1.0
2019-04,0.06558127141871503,2,1.0
2019-05,-0.09723965091322918,2,1.0
2019-06,0.0772431886140331,2,1.0
2019-07,0.04322885871633215,2,1.0
2019-08,-0.030053558768874156,2,1.0
2019-09,0.015836800684513357,2,1.0
2019-10,0.03267939282197884,2,1.0
2019-11,0.05412550419748477,2,1.0
2019-12,0.041013724112076475,2,1.0
2020-01,0.03911762213845407,2,1.0
2020-02,-0.06828244431293394,2,1.0
2020-03,-0.09215174000469738,2,1.0
2020-04,0.15015576475636427,2,1.0
2020-05,0.07442069941281208,2,1.0
2020-06,0.06690322940123439,2,1.0
2020-07,0.06360818118535676,2,1.0
2020-08,0.11963975741041552,2,1.0
2020-09,-0.060989084152538446,2,1.0
2020-10,-0.022357460458071087,2,1.0
2020-11,0.10574052725891506,2,1.0
2020-12,0.04680398564167158,2,1.0
2021-01,0.007692006217562348,2,1.0
2021-02,0.01399845737880465,2,1.0
2021-03,0.012482298237215252,2,1.0
2021-04,0.06482630418304892,2,1.0
2021-05,-0.0055298986528818225,2,1.0
2021-06,0.07554066744885045,2,1.0
2021-07,0.04012049183739142,2,1.0
2021-08,0.0502143787999027,2,1.0
2021-09,-0.06504668186128579,2,1.0
2021-10,0.0896260099701931,2,1.0
2021-11,0.029679465117795702,2,1.0
2005-04,-0.023579084343630877,4,0.0
2005-05,0.02727559048343892,4,0.0
2005-06,0.00805133271342969,4,0.0
2005-07,0.04027125894460179,4,0.0
2005-08,-0.011553522883227783,4,0.0
2005-09,0.00839939434568184,4,0.0
2005-10,-0.02726602906631627,4,0.0
2005-11,0.03369239380178264,4,0.0
2005-12,-0.0011679931774644906,4,0.0
2006-01,0.03569274749228324,4,0.0
2006-02,-0.0022555502251156217,4,0.0
2006-03,0.013827324978894502,4,0.0
2006-04,0.008953701552190264,4,0.0
2006-05,-0.031462735101889044,4,0.0
2006-06,0.0033414204356044205,4,0.0
2006-07,0.0006803567044245595,4,0.0
2006-08,0.018172614360082474,4,0.0
2006-09,0.01196880704569887,4,0.0
2006-10,0.03578287411793967,4,0.0
2006-11,0.02067208698555699,4,0.0
2006-12,0.006756880156719172,4,0.0
2007-01,0.01722665381094635,4,0.0
2007-02,-0.011293527543766311,4,0.0
2007-03,0.014444912873883223,4,0.0
2007-04,0.03446047550566633,4,0.0
2007-05,0.0387213256205403,4,0.0
2007-06,-0.02059823028630095,4,0.0
2007-07,-0.0319316378640141,4,0.0
2007-08,0.007528495491892691,4,0.0
2007-09,0.03966050572652893,4,0.0
2007-10,0.01964582848185708,4,0.0
2007-11,-0.042892943761251565,4,0.0
2007-12,-0.0006347323423595307,4,0.0
2008-01,-0.06457023019327368,4,0.0
2008-02,-0.027166709703975965,4,0.0
2008-03,-0.0039110379752072405,4,0.0
2008-04,0.04989235629960799,4,0.0
2008-05,0.02557028894731403,4,0.0
2008-06,-0.07369069322578992,4,0.0
2008-07,-0.019366231346803712,4,0.0
2008-08,0.011361495771777759,4,0.0
2008-09,-0.10847983268981023,4,0.0
2008-10,-0.17124636982045133,4,0.0
2008-11,-0.0633631943440939,4,0.0
2008-12,0.015340967661522271,4,0.0
2009-01,-0.07689596547048935,4,0.0
2009-02,-0.09872745887705668,4,0.0
2009-03,0.08571350574290831,4,0.0
2009-04,0.10006862758477938,4,0.0
2009-05,0.05414777501754678,4,0.0
2009-06,0.0016694284090214093,4,0.0
2009-07,0.0766106313221126,4,0.0
2009-08,0.027786141066528554,4,0.0
2009-09,0.043241516991579826,4,0.0
2009-10,-0.025223605526804842,4,0.0
2009-11,0.06218008415120546,4,0.0
2009-12,0.029169408623816846,4,0.0
2010-01,-0.041687641880681386,4,0.0
2010-02,0.029934440493147627,4,0.0
2010-03,0.05920429350421186,4,0.0
2010-04,0.0174516590497765,4,0.0
2010-05,-0.0763049058487136,4,0.0
2010-06,-0.04908731048279537,4,0.0
2010-07,0.07565237197223833,4,0.0
2010-08,-0.03271802492626259,4,0.0
2010-09,0.08926766924660852,4,0.0
2010-10,0.037312821971626914,4,0.0
2010-11,0.003812888672381491,4,0.0
2010-12,0.06724595389856527,4,0.0
2011-01,0.016020640985950792,4,0.0
2011-02,0.03340789538914507,4,0.0
2011-03,0.01125179939506931,4,0.0
2011-04,0.03149236514849859,4,0.0
2011-05,-0.006914748566260133,4,0.0
2011-06,-0.01549495068098625,4,0.0
2011-07,-0.023904241032116705,4,0.0
2011-08,-0.04989003029644236,4,0.0
2011-09,-0.07638402065420535,4,0.0
2011-10,0.10857160754557241,4,0.0
2011-11,0.0004905865214968799,4,0.0
2011-12,0.00959493279282321,4,0.0
2012-01,0.0411225732278437,4,0.0
2012-02,0.036294830652440435,4,0.0
2012-03,0.023312674209346677,4,0.0
2012-04,0.0006692245727544701,4,0.0
2012-05,-0.05344761031246796,4,0.0
2012-06,0.04056717154470302,4,0.0
2012-07,0.01569500778964969,4,0.0
2012-08,0.01609514109098702,4,0.0
2012-09,0.02667281532225077,4,0.0
2012-10,-0.015287218082457671,4,0.0
2012-11,0.0027834266808820407,4,0.0
2012-12,0.01007653787409115,4,0.0
2013-01,0.052252902848834624,4,0.0
2013-02,0.01155552542939269,4,0.0
2013-03,0.03800147413632542,4,0.0
2013-04,0.02280038783518138,4,0.0
2013-05,0.007541252394774051,4,0.0
2013-06,-0.012451592173787171,4,0.0
2013-07,0.04926395140566127,4,0.0
2013-08,-0.028167896127467805,4,0.0
2013-09,0.031274638914735337,4,0.0
2013-10,0.04695609995114039,4,0.0
2013-11,0.01814975589201255,4,0.0
2013-12,0.02509721623612984,4,0.0
2014-01,-0.02959739715785243,4,0.0
2014-02,0.043844956281940586,4,0.0
2014-03,0.011932012691536811,4,0.0
2014-04,0.00958100672122316,4,0.0
2014-05,0.02221057532065268,4,0.0
2014-06,0.022342293979964522,4,0.0
2014-07,-0.019301432691115093,4,0.0
2014-08,0.03782632838803794,4,0.0
2014-09,-0.0200962754203132,4,0.0
2014-10,0.02374333139913855,4,0.0
2014-11,0.01814558600122711,4,0.0
2014-12,-0.005745982525013271,4,0.0
2015-01,-0.021481761614608533,4,0.0
2015-02,0.0505493162623922,4,0.0
2015-03,-0.01662917070881215,4,0.0
2015-04,0.014146088577465698,4,0.0
2015-05,0.005962170078748691,4,0.0
2015-06,-0.02445516654323828,4,0.0
2015-07,0.00782468629468672,4,0.0
2015-08,-0.053632421036803185,4,0.0
2015-09,-0.0305673489397568,4,0.0
2015-10,0.08097287116300295,4,0.0
2015-11,-0.0006167200796080698,4,0.0
2015-12,-0.01829156055595537,4,0.0
2016-01,-0.03820422375687284,4,0.0
2016-02,0.00923090193186022,4,0.0
2016-03,0.07222326875289399,4,0.0
2016-04,0.011308455097088742,4,0.0
2016-05,0.01142281086806042,4,0.0
2016-06,0.01763221941115544,4,0.0
2016-07,0.03046794926991643,4,0.0
2016-08,-0.00828454776860834,4,0.0
2016-09,0.0008553647776081508,4,0.0
2016-10,-0.02335034243073171,4,0.0
2016-11,0.03749257870267516,4,0.0
2016-12,0.02325183308529246,4,0.0
2017-01,0.01600234616680115,4,0.0
2017-02,0.03025773409198542,4,0.0
2017-03,-9.34918899906604e-05,4,0.0
2017-04,0.0034958960563977307,4,0.0
2017-05,0.0072323324776724695,4,0.0
2017-06,0.001044350582573799,4,0.0
2017-07,0.02207379937659241,4,0.0
2017-08,-0.00199750733523913,4,0.0
2017-09,0.023837110060356312,4,0.0
2017-10,0.010891530121179521,4,0.0
2017-11,0.03175813935502592,4,0.0
2017-12,0.012310267039892481,4,0.0
2018-01,0.03866882055349133,4,0.0
2018-02,-0.049823061898514126,4,0.0
2018-03,-0.01474426090332771,4,0.0
2018-04,0.006901738277176147,4,0.0
2018-05,0.01565957132423216,4,0.0
2018-06,0.010267529712518632,4,0.0
2018-07,0.029548355721021602,4,0.0
2018-08,0.01947818340837309,4,0.0
2018-09,0.003473109411665419,4,0.0
2018-10,-0.06371954335725628,4,0.0
2018-11,0.02034477666031702,4,0.0
2018-12,-0.08943463468647586,4,0.0
2019-01,0.07358122049090621,4,0.0
2019-02,0.03089114618743031,4,0.0
2019-03,0.014702224807515351,4,0.0
2019-04,0.02561324220785524,4,0.0
2019-05,-0.06353076462910535,4,0.0
2019-06,0.07125550108735185,4,0.0
2019-07,0.004776265989535702,4,0.0
2019-08,-0.01567838602998032,4,0.0
2019-09,0.02392974447249791,4,0.0
2019-10,0.011129580224910536,4,0.0
2019-11,0.023521372702300508,4,0.0
2019-12,0.030282599496456633,4,0.0
2020-01,-0.014637076743822402,4,0.0
2020-02,-0.08829869231799192,4,0.0
2020-03,-0.1481611828927234,4,0.0
2020-04,0.13516462834513326,4,0.0
2020-05,0.04634763952525825,4,0.0
2020-06,0.006978424320554611,4,0.0
2020-07,0.04996604201299415,4,0.0
2020-08,0.04946663145092661,4,0.0
2020-09,-0.03528069626536129,4,0.0
2020-10,-0.019526493655801443,4,0.0
2020-11,0.1238713380665539,4,0.0
2020-12,0.0340115125539201,4,0.0
2021-01,-0.00864169878588673,4,0.0
2021-02,0.03537759116705248,4,0.0
2021-03,0.05246337458597909,4,0.0
2021-04,0.04353949760439562,4,0.0
2021-05,0.00921427528060698,4,0.0
2021-06,0.008477827119857128,4,0.0
2021-07,0.01046464669778072,4,0.0
2021-08,0.01494729213332218,4,0.0
2021-09,-0.033675911171653486,4,0.0
2021-10,0.061309779083608615,4,0.0
2021-11,-0.0259085714564948,4,0.0
2005-04,-0.02943797114043491,4,0.5
2005-05,0.027297709722864785,4,0.5
2005-06,0.008481053964964813,4,0.5
2005-07,0.04105891407972072,4,0.5
2005-08,0.00323665109006562,4,0.5
2005-09,0.019268349405162047,4,0.5
2005-10,-0.04086541223547392,4,0.5
2005-11,0.027569855607311813,4,0.5
2005-12,0.0040230551076320805,4,0.5
2006-01,0.060298895857980435,4,0.5
2006-02,-0.03594286911760071,4,0.5
2006-03,0.022526594756145383,4,0.5
2006-04,0.024816419658871665,4,0.5
2006-05,-0.03227522969038296,4,0.5
2006-06,0.005634402480684739,4,0.5
2006-07,0.012463636504818566,4,0.5
2006-08,-0.00676757057050024,4,0.5
2006-09,-0.005630274928078099,4,0.5
2006-10,0.037898850748988674,4,0.5
2006-11,0.039617802110808245,4,0.5
2006-12,-0.007183036452702903,4,0.5
2007-01,0.0015803488837712655,4,0.5
2007-02,-0.009689263530093986,4,0.5
2007-03,0.03241216727326152,4,0.5
2007-04,0.039195371642379975,4,0.5
2007-05,0.04437876830157648,4,0.5
2007-06,-0.012744806941888846,4,0.5
2007-07,-0.01972510004223181,4,0.5
2007-08,0.00527031924081128,4,0.5
2007-09,0.055681538594751515,4,0.5
2007-10,0.014315336297854109,4,0.5
2007-11,-0.0392741461079926,4,0.5
2007-12,0.023611196385458125,4,0.5
2008-01,-0.08325474663802021,4,0.5
2008-02,0.0071498325820632015,4,0.5
2008-03,-0.0118871751205554,4,0.5
2008-04,0.07232227429404166,4,0.5
2008-05,0.031112060913029586,4,0.5
2008-06,-0.0284808732827575,4,0.5
2008-07,-0.07797156492758865,4,0.5
2008-08,0.0017383639721507659,4,0.5
2008-09,-0.11683364759114535,4,0.5
2008-10,-0.1731331322646182,4,0.5
2008-11,-0.029924895892789724,4,0.5
2008-12,-0.009274607732504655,4,0.5
2009-01,-0.04793635816197729,4,0.5
2009-02,-0.11013080708945638,4,0.5
2009-03,0.059173115871101876,4,0.5
2009-04,0.07138022122330892,4,0.5
2009-05,0.06731787187040394,4,0.5
2009-06,-0.003923762627235592,4,0.5
2009-07,0.06070898526944349,4,0.5
2009-08,0.0173609971105863,4,0.5
2009-09,0.03878952594843077,4,0.5
2009-10,-0.01681609985655995,4,0.5
2009-11,0.05026878080954638,4,0.5
2009-12,0.02393780144485202,4,0.5
2010-01,-0.040716344450313094,4,0.5
2010-02,0.019505487433826414,4,0.5
2010-03,0.04715886539196318,4,0.5
2010-04,0.012886520243874464,4,0.5
2010-05,-0.08107757287386093,4,0.5
2010-06,-0.04353759368169083,4,0.5
2010-07,0.07556670336311518,4,0.5
2010-08,-0.026976476132319425,4,0.5
2010-09,0.07422924170862427,4,0.5
2010-10,0.040092842328271594,4,0.5
2010-11,0.0038028115298927765,4,0.5
2010-12,0.06437244207092845,4,0.5
2011-01,0.010237506355612665,4,0.5
2011-02,0.03713110360163481,4,0.5
2011-03,0.013157516071821671,4,0.5
2011-04,0.03234812879548536,4,0.5
2011-05,-0.0013809765193379118,4,0.5
2011-06,-0.01584941616204214,4,0.5
2011-07,-0.01945528662611263,4,0.5
2011-08,-0.03905638485954577,4,0.5
2011-09,-0.06785233073398225,4,0.5
2011-10,0.0874103707142449,4,0.5
2011-11,0.003893770967915912,4,0.5
2011-12,0.013714267054007096,4,0.5
2012-01,0.020633545052999615,4,0.5
2012-02,0.03704626540268466,4,0.5
2012-03,0.02390812471832715,4,0.5
2012-04,-0.0013944192963057122,4,0.5
2012-05,-0.04413754581239257,4,0.5
2012-06,0.028360822175497784,4,0.5
2012-07,0.01658208487971478,4,0.5
2012-08,0.01157977384186518,4,0.5
2012-09,0.023979490040269853,4,0.5
2012-10,-0.011151317353930788,4,0.5
2012-11,0.011954494442881634,4,0.5
2012-12,0.002343653585114922,4,0.5
2013-01,0.05839869908734372,4,0.5
2013-02,0.015212516424599904,4,0.5
2013-03,0.04500518705007164,4,0.5
2013-04,0.02622191122079779,4,0.5
2013-05,0.009601340821180086,4,0.5
2013-06,-0.008123628727954012,4,0.5
2013-07,0.05382448730084215,4,0.5
2013-08,-0.03153333920932353,4,0.5
2013-09,0.03775312448983715,4,0.5
2013-10,0.047598309973694124,4,0.5
2013-11,0.026930794089079047,4,0.5
2013-12,0.02374475432017773,4,0.5
2014-01,-0.03862265712483223,4,0.5
2014-02,0.0540023523439375,4,0.5
2014-03,-0.004964292978438886,4,0.5
2014-04,-0.0014661757577505352,4,0.5
2014-05,0.024856226209749508,4,0.5
2014-06,0.01890842339467218,4,0.5
2014-07,-0.014944725750036482,4,0.5
2014-08,0.03982147571901244,4,0.5
2014-09,-0.017220246410204743,4,0.5
2014-10,0.033488797718305575,4,0.5
2014-11,0.029341602287347484,4,0.5
2014-12,-0.0005277098384922194,4,0.5
2015-01,-0.014866133661346601,4,0.5
2015-02,0.05584009712308289,4,0.5
2015-03,-0.005290160804655768,4,0.5
2015-04,-0.0003592842998556729,4,0.5
2015-05,0.027767930950493305,4,0.5
2015-06,-0.012108388764777045,4,0.5
2015-07,0.018489805109690637,4,0.5
2015-08,-0.06606403221883335,4,0.5
2015-09,-0.0439182604742665,4,0.5
2015-10,0.0771021103836069,4,0.5
2015-11,-0.0018239759536867234,4,0.5
2015-12,-0.0022299768280816543,4,0.5
2016-01,-0.06178493270503411,4,0.5
2016-02,0.003390188702567588,4,0.5
2016-03,0.053052464024127714,4,0.5
2016-04,0.01026791593444351,4,0.5
2016-05,0.014513027884802736,4,0.5
2016-06,0.012106655725471921,4,0.5
2016-07,0.034950336408154044,4,0.5
2016-08,-0.020985163222345157,4,0.5
2016-09,0.00022441685447651094,4,0.5
2016-10,-0.03672465718829389,4,0.5
2016-11,0.037178817687061105,4,0.5
2016-12,0.013773652756095173,4,0.5
2017-01,0.020284443898961606,4,0.5
2017-02,0.030633065725388226,4,0.5
2017-03,0.0006699003837268328,4,0.5
2017-04,0.012950386277340884,4,0.5
2017-05,0.007209294318612452,4,0.5
2017-06,0.004560239842323126,4,0.5
2017-07,0.01556907617616503,4,0.5
2017-08,0.0031578588320101543,4,0.5
2017-09,0.015193876484643341,4,0.5
2017-10,0.011570898641068531,4,0.5
2017-11,0.022022334540555924,4,0.5
2017-12,0.004686013659171808,4,0.5
2018-01,0.054364872801110235,4,0.5
2018-02,-0.023109488747585283,4,0.5
2018-03,-0.02637622859945874,4,0.5
2018-04,0.0021269364212417284,4,0.5
2018-05,0.04467435993245558,4,0.5
2018-06,-0.0001607843654207364,4,0.5
2018-07,0.025566121341953695,4,0.5
2018-08,0.045936134222485464,4,0.5
2018-09,-0.0026159529672136915,4,0.5
2018-10,-0.07477924745703982,4,0.5
2018-11,-0.0001050437621586877,4,0.5
2018-12,-0.08218935432465982,4,0.5
2019-01,0.07216136041922352,4,0.5
2019-02,0.0399064632695396,4,0.5
2019-03,0.02594221397113914,4,0.5
2019-04,0.042116130710773594,4,0.5
2019-05,-0.08038490442922697,4,0.5
2019-06,0.06890857323100205,4,0.5
2019-07,0.020177922121482554,4,0.5
2019-08,-0.014137838129220016,4,0.5
2019-09,0.023846306957388826,4,0.5
2019-10,0.015148379655357685,4,0.5
2019-11,0.030015448952300437,4,0.5
2019-12,0.0347464552531768,4,0.5
2020-01,0.013165399682769446,4,0.5
2020-02,-0.07850762377554137,4,0.5
2020-03,-0.12063481921159037,4,0.5
2020-04,0.14033980316757255,4,0.5
2020-05,0.06037805951713874,4,0.5
2020-06,0.0369399758251742,4,0.5
2020-07,0.05678713109140049,4,0.5
2020-08,0.08455301500860798,4,0.5
2020-09,-0.048134875063930424,4,0.5
2020-10,-0.020941959751551015,4,0.5
2020-11,0.11480503931705802,4,0.5
2020-12,0.04040761347089676,4,0.5
2021-01,-0.0004748570767696657,4,0.5
2021-02,0.024688020040545683,4,0.5
2021-03,0.032472843492282646,4,0.5
2021-04,0.054182895602567734,4,0.5
2021-05,0.0018421886116878165,4,0.5
2021-06,0.042009235787729214,4,0.5
2021-07,0.02529256805018536,4,0.5
2021-08,0.03258083326693383,4,0.5
2021-09,-0.04936129500849764,4,0.5
2021-10,0.07546788932423767,4,0.5
2021-11,0.0018854381689048742,4,0.5
2005-04,-0.03139093340603625,4,0.6666666666666666
2005-05,0.027305082802673408,4,0.6666666666666666
2005-06,0.008624294382143185,4,0.6666666666666666
2005-07,0.04132146579142703,4,0.6666666666666666
2005-08,0.008166709081163423,4,0.6666666666666666
2005-09,0.022891334424988783,4,0.6666666666666666
2005-10,-0.04539853995852646,4,0.6666666666666666
2005-11,0.02552900954248821,4,0.6666666666666666
2005-12,0.005753404535997604,4,0.6666666666666666
2006-01,0.06850094531321282,4,0.6666666666666666
2006-02,-0.047171975415095733,4,0.6666666666666666
2006-03,0.025426351348562345,4,0.6666666666666666
2006-04,0.0301039923610988,4,0.6666666666666666
2006-05,-0.03254606121988093,4,0.6666666666666666
2006-06,0.006398729829044844,4,0.6666666666666666
2006-07,0.01639139643828324,4,0.6666666666666666
2006-08,-0.015080965547361144,4,0.6666666666666666
2006-09,-0.011496635586003756,4,0.6666666666666666
2006-10,0.03860417629267167,4,0.6666666666666666
2006-11,0.045933040485891995,4,0.6666666666666666
2006-12,-0.011829675322510266,4,0.6666666666666666
2007-01,-0.003635086091953764,4,0.6666666666666666
2007-02,-0.009154508858869878,4,0.6666666666666666
2007-03,0.038401252073054296,4,0.6666666666666666
2007-04,0.04077367035461786,4,0.6666666666666666
2007-05,0.04626458252858854,4,0.6666666666666666
2007-06,-0.010126999160418145,4,0.6666666666666666
2007-07,-0.015656254101637714,4,0.6666666666666666
2007-08,0.004517593823784144,4,0.6666666666666666
2007-09,0.06102188288415904,4,0.6666666666666666
2007-10,0.012538505569853121,4,0.6666666666666666
2007-11,-0.038067880223572936,4,0.6666666666666666
2007-12,0.031693172628064,4,0.6666666666666666
2008-01,-0.08948291878626903,4,0.6666666666666666
2008-02,0.018588680010742917,4,0.6666666666666666
2008-03,-0.014545887502338121,4,0.6666666666666666
2008-04,0.07979891362551954,4,0.6666666666666666
2008-05,0.032959318234934774,4,0.6666666666666666
2008-06,-0.0134109333017467,4,0.6666666666666666
2008-07,-0.09750667612118363,4,0.6666666666666666
2008-08,-0.0014693466277248988,4,0.6666666666666666
2008-09,-0.11961825255825707,4,0.6666666666666666
2008-10,-0.17376205307934048,4,0.6666666666666666
2008-11,-0.018778796409021664,4,0.6666666666666666
2008-12,-0.017479799530513627,4,0.6666666666666666
2009-01,-0.0382831557258066,4,0.6666666666666666
2009-02,-0.11393192316025628,4,0.6666666666666666
2009-03,0.0503263192471664,4,0.6666666666666666
2009-04,0.06181741910281877,4,0.6666666666666666
2009-05,0.07170790415468967,4,0.6666666666666666
2009-06,-0.005788159639321261,4,0.6666666666666666
2009-07,0.05540843658522044,4,0.6666666666666666
2009-08,0.01388594912527222,4,0.6666666666666666
2009-09,0.037305528934047746,4,0.6666666666666666
2009-10,-0.014013597966478324,4,0.6666666666666666
2009-11,0.04629834636232669,4,0.6666666666666666
2009-12,0.022193932385197075,4,0.6666666666666666
2010-01,-0.04039257864019033,4,0.6666666666666666
2010-02,0.016029169747386003,4,0.6666666666666666
2010-03,0.04314372268788029,4,0.6666666666666666
2010-04,0.011364807308573784,4,0.6666666666666666
2010-05,-0.08266846188224337,4,0.6666666666666666
2010-06,-0.04168768808132265,4,0.6666666666666666
2010-07,0.07553814716007412,4,0.6666666666666666
2010-08,-0.025062626534338377,4,0.6666666666666666
2010-09,0.06921643252929618,4,0.6666666666666666
2010-10,0.04101951578048649,4,0.6666666666666666
2010-11,0.003799452482396538,4,0.6666666666666666
2010-12,0.0634146047950495,4,0.6666666666666666
2011-01,0.008309794812166621,4,0.6666666666666666
2011-02,0.038372173005798066,4,0.6666666666666666
2011-03,0.013792754964072455,4,0.6666666666666666
2011-04,0.03263338334448095,4,0.6666666666666666
2011-05,0.0004636141629694927,4,0.6666666666666666
2011-06,-0.015967571322394108,4,0.6666666666666666
2011-07,-0.017972301824111272,4,0.6666666666666666
2011-08,-0.03544516971391357,4,0.6666666666666666
2011-09,-0.06500843409390789,4,0.6666666666666666
2011-10,0.08035662510380241,4,0.6666666666666666
2011-11,0.0050281657833889225,4,0.6666666666666666
2011-12,0.015087378474401723,4,0.6666666666666666
2012-01,0.013803868994718256,4,0.6666666666666666
2012-02,0.03729674365276607,4,0.6666666666666666
2012-03,0.024106608221320634,4,0.6666666666666666
2012-04,-0.002082300585992439,4,0.6666666666666666
2012-05,-0.04103419097903411,4,0.6666666666666666
2012-06,0.024292039052429375,4,0.6666666666666666
2012-07,0.01687777724306981,4,0.6666666666666666
2012-08,0.010074651425491233,4,0.6666666666666666
2012-09,0.023081714946276213,4,0.6666666666666666
2012-10,-0.009772683777755163,4,0.6666666666666666
2012-11,0.01501151703021483,4,0.6666666666666666
2012-12,-0.00023397451121048634,4,0.6666666666666666
2013-01,0.06044729783351342,4,0.6666666666666666
2013-02,0.01643151342300231,4,0.6666666666666666
2013-03,0.047339758021320386,4,0.6666666666666666
2013-04,0.02736241901600326,4,0.6666666666666666
2013-05,0.010288036963315433,4,0.6666666666666666
2013-06,-0.006680974246009625,4,0.6666666666666666
2013-07,0.055344665932569106,4,0.6666666666666666
2013-08,-0.032655153569942114,4,0.6666666666666666
2013-09,0.039912619681537746,4,0.6666666666666666
2013-10,0.04781237998121203,4,0.6666666666666666
2013-11,0.029857806821434546,4,0.6666666666666666
2013-12,0.023293933681527025,4,0.6666666666666666
2014-01,-0.04163107711382551,4,0.6666666666666666
2014-02,0.0573881510312698,4,0.6666666666666666
2014-03,-0.01059639486843078,4,0.6666666666666666
2014-04,-0.0051485699174084335,4,0.6666666666666666
2014-05,0.025738109839448447,4,0.6666666666666666
2014-06,0.017763799866241402,4,0.6666666666666666
2014-07,-0.013492490103010277,4,0.6666666666666666
2014-08,0.04048652482933727,4,0.6666666666666666
2014-09,-0.016261570073501926,4,0.6666666666666666
2014-10,0.036737286491361244,4,0.6666666666666666
2014-11,0.03307360771605428,4,0.6666666666666666
2014-12,0.0012117143903481317,4,0.6666666666666666
2015-01,-0.012660924343592627,4,0.6666666666666666
2015-02,0.05760369074331313,4,0.6666666666666666
2015-03,-0.0015104908366036411,4,0.6666666666666666
2015-04,-0.005194408592296132,4,0.6666666666666666
2015-05,0.03503651790774151,4,0.6666666666666666
2015-06,-0.007992796171956633,4,0.6666666666666666
2015-07,0.02204484471469194,4,0.6666666666666666
2015-08,-0.0702079026128434,4,0.6666666666666666
2015-09,-0.04836856431910307,4,0.6666666666666666
2015-10,0.07581185679047489,4,0.6666666666666666
2015-11,-0.0022263945783796077,4,0.6666666666666666
2015-12,0.003123884414542917,4,0.6666666666666666
2016-01,-0.06964516902108786,4,0.6666666666666666
2016-02,0.001443284292803379,4,0.6666666666666666
2016-03,0.046662195781205625,4,0.6666666666666666
2016-04,0.0099210695468951,4,0.6666666666666666
2016-05,0.01554310022371684,4,0.6666666666666666
2016-06,0.010264801163577416,4,0.6666666666666666
2016-07,0.03644446545423325,4,0.6666666666666666
2016-08,-0.025218701706924102,4,0.6666666666666666
2016-09,1.4100880099298117e-05,4,0.6666666666666666
2016-10,-0.04118276210748128,4,0.6666666666666666
2016-11,0.03707423068185641,4,0.6666666666666666
2016-12,0.010614259313029412,4,0.6666666666666666
2017-01,0.02171180980968175,4,0.6666666666666666
2017-02,0.030758176269855827,4,0.6666666666666666
2017-03,0.0009243644749659956,4,0.6666666666666666
2017-04,0.016101883017655267,4,0.6666666666666666
2017-05,0.007201614932259113,4,0.6666666666666666
2017-06,0.005732202928906234,4,0.6666666666666666
2017-07,0.013400835109355903,4,0.6666666666666666
2017-08,0.004876314221093251,4,0.6666666666666666
2017-09,0.012312798626072353,4,0.6666666666666666
2017-10,0.011797354814364867,4,0.6666666666666666
2017-11,0.018777066269065924,4,0.6666666666666666
2017-12,0.0021445958655982506,4,0.6666666666666666
2018-01,0.0595968902169832,4,0.6666666666666666
2018-02,-0.014204964363942339,4,0.6666666666666666
2018-03,-0.030253551164835756,4,0.6666666666666666
2018-04,0.0005353358025969228,4,0.6666666666666666
2018-05,0.054345956135196716,4,0.6666666666666666
2018-06,-0.00363688905806719,4,0.6666666666666666
2018-07,0.024238709882264387,4,0.6666666666666666
2018-08,0.054755451160522925,4,0.6666666666666666
2018-09,-0.004645640426840062,4,0.6666666666666666
2018-10,-0.07846581549030099,4,0.6666666666666666
2018-11,-0.006921650569650587,4,0.6666666666666666
2018-12,-0.07977426087072113,4,0.6666666666666666
2019-01,0.07168807372866265,4,0.6666666666666666
2019-02,0.042911568963576036,4,0.6666666666666666
2019-03,0.029688877025680405,4,0.6666666666666666
2019-04,0.047617093545079696,4,0.6666666666666666
2019-05,-0.08600295102926749,4,0.6666666666666666
2019-06,0.06812626394555213,4,0.6666666666666666
2019-07,0.02531180749879817,4,0.6666666666666666
2019-08,-0.013624322162299914,4,0.6666666666666666
2019-09,0.023818494452352464,4,0.6666666666666666
2019-10,0.016487979465506737,4,0.6666666666666666
2019-11,0.03218014103563375,4,0.6666666666666666
2019-12,0.03623440717208353,4,0.6666666666666666
2020-01,0.022432891824966723,4,0.6666666666666666
2020-02,-0.07524393426139118,4,0.6666666666666666
2020-03,-0.1114593646512127,4,0.6666666666666666
2020-04,0.14206486144171898,4,0.6666666666666666
2020-05,0.0650548661810989,4,0.6666666666666666
2020-06,0.04692715966004739,4,0.6666666666666666
2020-07,0.05906082745086927,4,0.6666666666666666
2020-08,0.09624847619450176,4,0.6666666666666666
2020-09,-0.052419601330120136,4,0.6666666666666666
2020-10,-0.02141378178346754,4,0.6666666666666666
2020-11,0.11178293973389274,4,0.6666666666666666
2020-12,0.04253964710988898,4,0.6666666666666666
2021-01,0.002247423492936023,4,0.6666666666666666
2021-02,0.02112482966504342,4,0.6666666666666666
2021-03,0.02580933312771716,4,0.6666666666666666
2021-04,0.057730694935291774,4,0.6666666666666666
2021-05,-0.0006151736112852395,4,0.6666666666666666
2021-06,0.05318637201035324,4,0.6666666666666666
2021-07,0.03023520850098691,4,0.6666666666666666
2021-08,0.038458680311471045,4,0.6666666666666666
2021-09,-0.05458975628744569,4,0.6666666666666666
2021-10,0.08018725940444738,4,0.6666666666666666
2021-11,0.011150108044038095,4,0.6666666666666666
2005-04,-0.03529685793723894,4,1.0
2005-05,0.027319828962290654,4,1.0
2005-06,0.008910775216499932,4,1.0
2005-07,0.041846569214839646,4,1.0
2005-08,0.018026825063359026,4,1.0
2005-09,0.030137304464642255,4,1.0
2005-10,-0.05446479540463157,4,1.0
2005-11,0.021447317412840988,4,1.0
2005-12,0.009214103392728653,4,1.0
2006-01,0.08490504422367763,4,1.0
2006-02,-0.06963018801008579,4,1.0
2006-03,0.031225864533396267,4,1.0
2006-04,0.040679137765553076,4,1.0
2006-05,-0.03308772427887687,4,1.0
2006-06,0.007927384525765057,4,1.0
2006-07,0.024246916305212574,4,1.0
2006-08,-0.031707755501082964,4,1.0
2006-09,-0.023229356901855076,4,1.0
2006-10,0.04001482738003767,4,1.0
2006-11,0.0585635172360595,4,1.0
2006-12,-0.021122953062124982,4,1.0
2007-01,-0.01406595604340382,4,1.0
2007-02,-0.008084999516421663,4,1.0
2007-03,0.050379421672639826,4,1.0
2007-04,0.04393026777909363,4,1.0
2007-05,0.050036210982612656,4,1.0
2007-06,-0.0048913835974767434,4,1.0
2007-07,-0.007518562220449521,4,1.0
2007-08,0.0030121429897298694,4,1.0
2007-09,0.0717025714629741,4,1.0
2007-10,0.008984844113851143,4,1.0
2007-11,-0.03565534845473363,4,1.0
2007-12,0.04785712511327577,4,1.0
2008-01,-0.10193926308276673,4,1.0
2008-02,0.04146637486810236,4,1.0
2008-03,-0.019863312265903564,4,1.0
2008-04,0.09475219228847531,4,1.0
2008-05,0.03665383287874515,4,1.0
2008-06,0.016728946660274913,4,1.0
2008-07,-0.1365768985083736,4,1.0
2008-08,-0.00788476782747623,4,1.0
2008-09,-0.1251874624924805,4,1.0
2008-10,-0.17501989470878507,4,1.0
2008-11,0.003513402558514458,4,1.0
2008-12,-0.03389018312653158,4,1.0
2009-01,-0.018976750853465226,4,1.0
2009-02,-0.12153415530185609,4,1.0
2009-03,0.03263272599929545,4,1.0
2009-04,0.042691814861838456,4,1.0
2009-05,0.08048796872326111,4,1.0
2009-06,-0.00951695366349259,4,1.0
2009-07,0.04480733921677436,4,1.0
2009-08,0.006935853154644053,4,1.0
2009-09,0.0343375349052817,4,1.0
2009-10,-0.008408594186315062,4,1.0
2009-11,0.0383574774678873,4,1.0
2009-12,0.01870619426588719,4,1.0
2010-01,-0.039745047019944794,4,1.0
2010-02,0.009076534374505195,4,1.0
2010-03,0.0351134372797145,4,1.0
2010-04,0.008321381437972428,4,1.0
2010-05,-0.08585023989900827,4,1.0
2010-06,-0.03798787688058629,4,1.0
2010-07,0.07548103475399202,4,1.0
2010-08,-0.02123492733837626,4,1.0
2010-09,0.05919081417064002,4,1.0
2010-10,0.042872862684916274,4,1.0
2010-11,0.0037927343874040627,4,1.0
2010-12,0.06149893024329161,4,1.0
2011-01,0.004454371725274538,4,1.0
2011-02,0.04085431181412455,4,1.0
2011-03,0.015063232748574034,4,1.0
2011-04,0.03320389244247214,4,1.0
2011-05,0.004152795527584306,4,1.0
2011-06,-0.01620388164309803,4,1.0
2011-07,-0.015006332220108554,4,1.0
2011-08,-0.028222739422649183,4,1.0
2011-09,-0.05932064081375915,4,1.0
2011-10,0.06624913388291742,4,1.0
2011-11,0.007296955414334944,4,1.0
2011-12,0.017833601315190982,4,1.0
2012-01,0.00014451687815553074,4,1.0
2012-02,0.03779770015292889,4,1.0
2012-03,0.024503575227307613,4,1.0
2012-04,-0.0034580631653658937,4,1.0
2012-05,-0.03482748131231718,4,1.0
2012-06,0.016154472806292557,4,1.0
2012-07,0.01746916196977987,4,1.0
2012-08,0.007064406592743338,4,1.0
2012-09,0.02128616475828893,4,1.0
2012-10,-0.007015416625403907,4,1.0
2012-11,0.021125562204881234,4,1.0
2012-12,-0.005389230703861308,4,1.0
2013-01,0.06454449532585282,4,1.0
2013-02,0.01886950741980712,4,1.0
2013-03,0.05200889996381788,4,1.0
2013-04,0.029643434606414196,4,1.0
2013-05,0.011661429247586123,4,1.0
2013-06,-0.003795665282120852,4,1.0
2013-07,0.05838502319602303,4,1.0
2013-08,-0.034898782291179264,4,1.0
2013-09,0.04423161006493896,4,1.0
2013-10,0.04824051999624785,4,1.0
2013-11,0.03571183228614555,4,1.0
2013-12,0.022392292404225616,4,1.0
2014-01,-0.047647917091812035,4,1.0
2014-02,0.0641597484059344,4,1.0
2014-03,-0.02186059864841458,4,1.0
2014-04,-0.012513358236724231,4,1.0
2014-05,0.027501877098846328,4,1.0
2014-06,0.015474552809379838,4,1.0
2014-07,-0.010588018808957869,4,1.0
2014-08,0.041816623049986935,4,1.0
2014-09,-0.01434421740009629,4,1.0
2014-10,0.043234264037472596,4,1.0
2014-11,0.04053761857346786,4,1.0
2014-12,0.004690562848028832,4,1.0
2015-01,-0.008250505708084672,4,1.0
2015-02,0.0611308779837736,4,1.0
2015-03,0.0060488490995006155,4,1.0
2015-04,-0.014864657177177047,4,1.0
2015-05,0.04957369182223792,4,1.0
2015-06,0.000238389013684192,4,1.0
2015-07,0.029154923924694553,4,1.0
2015-08,-0.07849564340086353,4,1.0
2015-09,-0.05726917200877621,4,1.0
2015-10,0.07323134960421084,4,1.0
2015-11,-0.0030312318277653768,4,1.0
2015-12,0.013831606899792064,4,1.0
2016-01,-0.08536564165319539,4,1.0
2016-02,-0.0024505245267250433,4,1.0
2016-03,0.03388165929536144,4,1.0
2016-04,0.00922737677179828,4,1.0
2016-05,0.017603244901545054,4,1.0
2016-06,0.006581092039788402,4,1.0
2016-07,0.03943272354639166,4,1.0
2016-08,-0.03368577867608198,4,1.0
2016-09,-0.0004065310686551286,4,1.0
2016-10,-0.050098971945856066,4,1.0
2016-11,0.036865056671447044,4,1.0
2016-12,0.0042954724268978875,4,1.0
2017-01,0.024566541631122055,4,1.0
2017-02,0.031008397358791028,4,1.0
2017-03,0.0014332926574443239,4,1.0
2017-04,0.022404876498284033,4,1.0
2017-05,0.007186256159552434,4,1.0
2017-06,0.008076129102072454,4,1.0
2017-07,0.009064352975737646,4,1.0
2017-08,0.008313224999259442,4,1.0
2017-09,0.006550642908930375,4,1.0
2017-10,0.012250267160957541,4,1.0
2017-11,0.01228652972608592,4,1.0
2017-12,-0.002938239721548866,4,1.0
2018-01,0.07006092504872914,4,1.0
2018-02,0.0036040844033435587,4,1.0
2018-03,-0.038008196295589776,4,1.0
2018-04,-0.00264786543469269,4,1.0
2018-05,0.07368914854067901,4,1.0
2018-06,-0.010589098443360104,4,1.0
2018-07,0.02158388696288578,4,1.0
2018-08,0.07239408503659783,4,1.0
2018-09,-0.008705015346092802,4,1.0
2018-10,-0.08583895155682333,4,1.0
2018-11,-0.02055486418463439,4,1.0
2018-12,-0.07494407396284376,4,1.0
2019-01,0.07074150034754087,4,1.0
2019-02,0.0489217803516489,4,1.0
2019-03,0.03718220313476293,4,1.0
2019-04,0.058619019213691934,4,1.0
2019-05,-0.09723904422934856,4,1.0
2019-06,0.06656164537465227,4,1.0
2019-07,0.03557957825342941,4,1.0
2019-08,-0.012597290228459712,4,1.0
2019-09,0.023762869442279736,4,1.0
2019-10,0.01916717908580483,4,1.0
2019-11,0.03650952520230037,4,1.0
2019-12,0.03921031100989698,4,1.0
2020-01,0.040967876109361284,4,1.0
2020-02,-0.06871655523309081,4,1.0
2020-03,-0.09310845553045735,4,1.0
2020-04,0.14551497799001187,4,1.0
2020-05,0.07440847950901923,4,1.0
2020-06,0.06690152732979378,4,1.0
2020-07,0.06360822016980683,4,1.0
2020-08,0.11963939856628937,4,1.0
2020-09,-0.060989053862499566,4,1.0
2020-10,-0.022357425847300588,4,1.0
2020-11,0.10573874056756215,4,1.0
2020-12,0.04680371438787342,4,1.0
2021-01,0.007691984632347399,4,1.0
2021-02,0.01399844891403889,4,1.0
2021-03,0.012482312398586189,4,1.0
2021-04,0.06482629360073984,4,1.0
2021-05,-0.005529898057231348,4,1.0
2021-06,0.0755406444556013,4,1.0
2021-07,0.04012048940259001,4,1.0
2021-08,0.050214374400545485,4,1.0
2021-09,-0.0650466788453418,4,1.0
2021-10,0.08962599956486675,4,1.0
2021-11,0.029679447794304547,4,1.0
2005-04,-0.023579084343630877,8,0.0
2005-05,0.02727559048343892,8,0.0
2005-06,0.00805133271342969,8,0.0
2005-07,0.04027125894460179,8,0.0
2005-08,-0.011553522883227783,8,0.0
2005-09,0.00839939434568184,8,0.0
2005-10,-0.02726602906631627,8,0.0
2005-11,0.03369239380178264,8,0.0
2005-12,-0.0011679931774644906,8,0.0
2006-01,0.03569274749228324,8,0.0
2006-02,-0.0022555502251156217,8,0.0
2006-03,0.013827324978894502,8,0.0
2006-04,0.008953701552190264,8,0.0
2006-05,-0.031462735101889044,8,0.0
2006-06,0.0033414204356044205,8,0.0
2006-07,0.0006803567044245595,8,0.0
2006-08,0.018172614360082474,8,0.0
2006-09,0.01196880704569887,8,0.0
2006-10,0.03578287411793967,8,0.0
2006-11,0.02067208698555699,8,0.0
2006-12,0.006756880156719172,8,0.0
2007-01,0.01722665381094635,8,0.0
2007-02,-0.011293527543766311,8,0.0
2007-03,0.014444912873883223,8,0.0
2007-04,0.03446047550566633,8,0.0
2007-05,0.0387213256205403,8,0.0
2007-06,-0.02059823028630095,8,0.0
2007-07,-0.0319316378640141,8,0.0
2007-08,0.007528495491892691,8,0.0
2007-09,0.03966050572652893,8,0.0
2007-10,0.01964582848185708,8,0.0
2007-11,-0.042892943761251565,8,0.0
2007-12,-0.0006347323423595307,8,0.0
2008-01,-0.06457023019327368,8,0.0
2008-02,-0.027166709703975965,8,0.0
2008-03,-0.0039110379752072405,8,0.0
2008-04,0.04989235629960799,8,0.0
2008-05,0.02557028894731403,8,0.0
2008-06,-0.07369069322578992,8,0.0
2008-07,-0.019366231346803712,8,0.0
2008-08,0.011361495771777759,8,0.0
2008-09,-0.10847983268981023,8,0.0
2008-10,-0.17124636982045133,8,0.0
2008-11,-0.0633631943440939,8,0.0
2008-12,0.015340967661522271,8,0.0
2009-01,-0.07689596547048935,8,0.0
2009-02,-0.09872745887705668,8,0.0
2009-03,0.08571350574290831,8,0.0
2009-04,0.10006862758477938,8,0.0
2009-05,0.05414777501754678,8,0.0
2009-06,0.0016694284090214093,8,0.0
2009-07,0.0766106313221126,8,0.0
2009-08,0.027786141066528554,8,0.0
2009-09,0.043241516991579826,8,0.0
2009-10,-0.025223605526804842,8,0.0
2009-11,0.06218008415120546,8,0.0
2009-12,0.029169408623816846,8,0.0
2010-01,-0.041687641880681386,8,0.0
2010-02,0.029934440493147627,8,0.0
2010-03,0.05920429350421186,8,0.0
2010-04,0.0174516590497765,8,0.0
2010-05,-0.0763049058487136,8,0.0
2010-06,-0.04908731048279537,8,0.0
2010-07,0.07565237197223833,8,0.0
2010-08,-0.03271802492626259,8,0.0
2010-09,0.08926766924660852,8,0.0
2010-10,0.037312821971626914,8,0.0
2010-11,0.003812888672381491,8,0.0
2010-12,0.06724595389856527,8,0.0
2011-01,0.016020640985950792,8,0.0
2011-02,0.03340789538914507,8,0.0
2011-03,0.01125179939506931,8,0.0
2011-04,0.03149236514849859,8,0.0
2011-05,-0.006914748566260133,8,0.0
2011-06,-0.01549495068098625,8,0.0
2011-07,-0.023904241032116705,8,0.0
2011-08,-0.04989003029644236,8,0.0
2011-09,-0.07638402065420535,8,0.0
2011-10,0.10857160754557241,8,0.0
2011-11,0.0004905865214968799,8,0.0
2011-12,0.00959493279282321,8,0.0
2012-01,0.0411225732278437,8,0.0
2012-02,0.036294830652440435,8,0.0
2012-03,0.023312674209346677,8,0.0
2012-04,0.0006692245727544701,8,0.0
2012-05,-0.05344761031246796,8,0.0
2012-06,0.04056717154470302,8,0.0
2012-07,0.01569500778964969,8,0.0
2012-08,0.01609514109098702,8,0.0
2012-09,0.02667281532225077,8,0.0
2012-10,-0.015287218082457671,8,0.0
2012-11,0.0027834266808820407,8,0.0
2012-12,0.01007653787409115,8,0.0
2013-01,0.052252902848834624,8,0.0
2013-02,0.01155552542939269,8,0.0
2013-03,0.03800147413632542,8,0.0
2013-04,0.02280038783518138,8,0.0
2013-05,0.007541252394774051,8,0.0
2013-06,-0.012451592173787171,8,0.0
2013-07,0.04926395140566127,8,0.0
2013-08,-0.028167896127467805,8,0.0
2013-09,0.031274638914735337,8,0.0
2013-10,0.04695609995114039,8,0.0
2013-11,0.01814975589201255,8,0.0
2013-12,0.02509721623612984,8,0.0
2014-01,-0.02959739715785243,8,0.0
2014-02,0.043844956281940586,8,0.0
2014-03,0.011932012691536811,8,0.0
2014-04,0.00958100672122316,8,0.0
2014-05,0.02221057532065268,8,0.0
2014-06,0.022342293979964522,8,0.0
2014-07,-0.019301432691115093,8,0.0
2014-08,0.03782632838803794,8,0.0
2014-09,-0.0200962754203132,8,0.0
2014-10,0.02374333139913855,8,0.0
2014-11,0.01814558600122711,8,0.0
2014-12,-0.005745982525013271,8,0.0
2015-01,-0.021481761614608533,8,0.0
2015-02,0.0505493162623922,8,0.0
2015-03,-0.01662917070881215,8,0.0
2015-04,0.014146088577465698,8,0.0
2015-05,0.005962170078748691,8,0.0
2015-06,-0.02445516654323828,8,0.0
2015-07,0.00782468629468672,8,0.0
2015-08,-0.053632421036803185,8,0.0
2015-09,-0.0305673489397568,8,0.0
2015-10,0.08097287116300295,8,0.0
2015-11,-0.0006167200796080698,8,0.0
2015-12,-0.01829156055595537,8,0.0
2016-01,-0.03820422375687284,8,0.0
2016-02,0.00923090193186022,8,0.0
2016-03,0.07222326875289399,8,0.0
2016-04,0.011308455097088742,8,0.0
2016-05,0.01142281086806042,8,0.0
2016-06,0.01763221941115544,8,0.0
2016-07,0.03046794926991643,8,0.0
2016-08,-0.00828454776860834,8,0.0
2016-09,0.0008553647776081508,8,0.0
2016-10,-0.02335034243073171,8,0.0
2016-11,0.03749257870267516,8,0.0
2016-12,0.02325183308529246,8,0.0
2017-01,0.01600234616680115,8,0.0
2017-02,0.03025773409198542,8,0.0
2017-03,-9.34918899906604e-05,8,0.0
2017-04,0.0034958960563977307,8,0.0
2017-05,0.0072323324776724695,8,0.0
2017-06,0.001044350582573799,8,0.0
2017-07,0.02207379937659241,8,0.0
2017-08,-0.00199750733523913,8,0.0
2017-09,0.023837110060356312,8,0.0
2017-10,0.010891530121179521,8,0.0
2017-11,0.03175813935502592,8,0.0
2017-12,0.012310267039892481,8,0.0
2018-01,0.03866882055349133,8,0.0
2018-02,-0.049823061898514126,8,0.0
2018-03,-0.01474426090332771,8,0.0
2018-04,0.006901738277176147,8,0.0
2018-05,0.01565957132423216,8,0.0
2018-06,0.010267529712518632,8,0.0
2018-07,0.029548355721021602,8,0.0
2018-08,0.01947818340837309,8,0.0
2018-09,0.003473109411665419,8,0.0
2018-10,-0.06371954335725628,8,0.0
2018-11,0.02034477666031702,8,0.0
2018-12,-0.08943463468647586,8,0.0
2019-01,0.07358122049090621,8,0.0
2019-02,0.03089114618743031,8,0.0
2019-03,0.014702224807515351,8,0.0
2019-04,0.02561324220785524,8,0.0
2019-05,-0.06353076462910535,8,0.0
2019-06,0.07125550108735185,8,0.0
2019-07,0.004776265989535702,8,0.0
2019-08,-0.01567838602998032,8,0.0
2019-09,0.02392974447249791,8,0.0
2019-10,0.011129580224910536,8,0.0
2019-11,0.023521372702300508,8,0.0
2019-12,0.030282599496456633,8,0.0
2020-01,-0.014637076743822402,8,0.0
2020-02,-0.08829869231799192,8,0.0
2020-03,-0.1481611828927234,8,0.0
2020-04,0.13516462834513326,8,0.0
2020-05,0.04634763952525825,8,0.0
2020-06,0.006978424320554611,8,0.0
2020-07,0.04996604201299415,8,0.0
2020-08,0.04946663145092661,8,0.0
2020-09,-0.03528069626536129,8,0.0
2020-10,-0.019526493655801443,8,0.0
2020-11,0.1238713380665539,8,0.0
2020-12,0.0340115125539201,8,0.0
2021-01,-0.00864169878588673,8,0.0
2021-02,0.03537759116705248,8,0.0
2021-03,0.05246337458597909,8,0.0
2021-04,0.04353949760439562,8,0.0
2021-05,0.00921427528060698,8,0.0
2021-06,0.008477827119857128,8,0.0
2021-07,0.01046464669778072,8,0.0
2021-08,0.01494729213332218,8,0.0
2021-09,-0.033675911171653486,8,0.0
2021-10,0.061309779083608615,8,0.0
2021-11,-0.0259085714564948,8,0.0
2005-04,-0.025460168193526297,8,0.5
2005-05,0.027469238185527205,8,0.5
2005-06,0.007793257722827068,8,0.5
2005-07,0.038891693177378964,8,0.5
2005-08,-0.0015095771180809836,8,0.5
2005-09,0.014550903079872045,8,0.5
2005-10,-0.03715156217135917,8,0.5
2005-11,0.024519862434033597,8,0.5
2005-12,0.0016144462001411002,8,0.5
2006-01,0.04345635805572039,8,0.5
2006-02,-0.020033702560534737,8,0.5
2006-03,0.01403946990030969,8,0.5
2006-04,0.016170875656123032,8,0.5
2006-05,-0.028577947276313763,8,0.5
2006-06,0.003310973306057949,8,0.5
2006-07,0.012401323465365292,8,0.5
2006-08,0.008503625512281178,8,0.5
2006-09,0.0015049106706671537,8,0.5
2006-10,0.034388465255753536,8,0.5
2006-11,0.028369248868408737,8,0.5
2006-12,-4.486622525978713e-05,8,0.5
2007-01,0.007168321954343947,8,0.5
2007-02,-0.009782398576602345,8,0.5
2007-03,0.024374715431900455,8,0.5
2007-04,0.03741115453624096,8,0.5
2007-05,0.03802610288346367,8,0.5
2007-06,-0.021024532309157642,8,0.5
2007-07,-0.024951627293688983,8,0.5
2007-08,0.006704715475790778,8,0.5
2007-09,0.048630849423630516,8,0.5
2007-10,0.022142405257000463,8,0.5
2007-11,-0.035178340494539356,8,0.5
2007-12,0.016374471982583436,8,0.5
2008-01,-0.07798947913934602,8,0.5
2008-02,-0.004517635366359198,8,0.5
2008-03,-0.008519133890447065,8,0.5
2008-04,0.06557184635263612,8,0.5
2008-05,0.03255275912035361,8,0.5
2008-06,-0.034688152708044415,8,0.5
2008-07,-0.06479345905042905,8,0.5
2008-08,-0.0002707185033683779,8,0.5
2008-09,-0.12047994530631617,8,0.5
2008-10,-0.16285944637241573,8,0.5
2008-11,-0.02970772093353862,8,0.5
2008-12,-0.006230984019680719,8,0.5
2009-01,-0.047078281285532986,8,0.5
2009-02,-0.11133314954623985,8,0.5
2009-03,0.05879587436889025,8,0.5
2009-04,0.0648518052567916,8,0.5
2009-05,0.05708841137637702,8,0.5
2009-06,0.008679928691014013,8,0.5
2009-07,0.061681212832523744,8,0.5
2009-08,0.016716233133658245,8,0.5
2009-09,0.03653870627367184,8,0.5
2009-10,-0.019933832816925838,8,0.5
2009-11,0.05530185939199848,8,0.5
2009-12,0.02753771947349714,8,0.5
2010-01,-0.035081463580018624,8,0.5
2010-02,0.019616602979472333,8,0.5
2010-03,0.048012785955007756,8,0.5
2010-04,0.009907283478567657,8,0.5
2010-05,-0.07432947080952775,8,0.5
2010-06,-0.038408731627903536,8,0.5
2010-07,0.07272740357917974,8,0.5
2010-08,-0.023307416211890877,8,0.5
2010-09,0.0715863752755453,8,0.5
2010-10,0.035526096853640735,8,0.5
2010-11,-0.002491033590724244,8,0.5
2010-12,0.05807416374155081,8,0.5
2011-01,0.006012993572126447,8,0.5
2011-02,0.03238280243814782,8,0.5
2011-03,0.012224598764652476,8,0.5
2011-04,0.0354845180124821,8,0.5
2011-05,0.004010096849696127,8,0.5
2011-06,-0.014404610614274001,8,0.5
2011-07,-0.022230127354158788,8,0.5
2011-08,-0.03161782280455388,8,0.5
2011-09,-0.05889876052306016,8,0.5
2011-10,0.08584381760782553,8,0.5
2011-11,0.0042569922024990915,8,0.5
2011-12,0.015757245196455636,8,0.5
2012-01,0.01970847279937195,8,0.5
2012-02,0.03247271411228217,8,0.5
2012-03,0.026405901016889072,8,0.5
2012-04,0.000292156686890863,8,0.5
2012-05,-0.04186921187325587,8,0.5
2012-06,0.03354643518084252,8,0.5
2012-07,0.017633352869348126,8,0.5
2012-08,0.006750015363699914,8,0.5
2012-09,0.023959278977122064,8,0.5
2012-10,-0.009190103592903103,8,0.5
2012-11,0.006327313070978887,8,0.5
2012-12,0.0017482618987699164,8,0.5
2013-01,0.05862958853169042,8,0.5
2013-02,0.016944985837437754,8,0.5
2013-03,0.04411722162259492,8,0.5
2013-04,0.029330786110677805,8,0.5
2013-05,0.0038804818276265444,8,0.5
2013-06,-0.008364276103740458,8,0.5
2013-07,0.051526329148319554,8,0.5
2013-08,-0.030838816063846308,8,0.5
2013-09,0.028355658553359978,8,0.5
2013-10,0.04953547884468942,8,0.5
2013-11,0.02237816590217439,8,0.5
2013-12,0.021822794592344395,8,0.5
2014-01,-0.031949724694208766,8,0.5
2014-02,0.05383092026321223,8,0.5
2014-03,-0.004195190669060082,8,0.5
2014-04,0.0003680038319513728,8,0.5
2014-05,0.022531371834805546,8,0.5
2014-06,0.02206211454295367,8,0.5
2014-07,-0.015062567909382625,8,0.5
2014-08,0.04207861012840927,8,0.5
2014-09,-0.014585185961346309,8,0.5
2014-10,0.03535451474156114,8,0.5
2014-11,0.028799653854737046,8,0.5
2014-12,-0.003208804078181304,8,0.5
2015-01,-0.010143361979584237,8,0.5
2015-02,0.04473508993542823,8,0.5
2015-03,-0.004806661385133103,8,0.5
2015-04,-0.0002992332203095357,8,0.5
2015-05,0.027565294798124928,8,0.5
2015-06,-0.012108557512593212,8,0.5
2015-07,0.01962383202538345,8,0.5
2015-08,-0.06586004129685452,8,0.5
2015-09,-0.04176383210061238,8,0.5
2015-10,0.07707217270742586,8,0.5
2015-11,-0.0022013205441801216,8,0.5
2015-12,-0.003762062515409486,8,0.5
2016-01,-0.06092690202583233,8,0.5
2016-02,0.006320780959309434,8,0.5
2016-03,0.060677789534881496,8,0.5
2016-04,0.006906766569140027,8,0.5
2016-05,0.013950275739409723,8,0.5
2016-06,0.019421591680794444,8,0.5
2016-07,0.030159066264185422,8,0.5
2016-08,-0.023984119991923198,8,0.5
2016-09,0.00033831191008112016,8,0.5
2016-10,-0.033803710428425476,8,0.5
2016-11,0.031152079430805706,8,0.5
2016-12,0.015857151173899714,8,0.5
2017-01,0.019040118759338392,8,0.5
2017-02,0.0316785464204703,8,0.5
2017-03,0.0015319309040007468,8,0.5
2017-04,0.011650944289184725,8,0.5
2017-05,0.010707017425668717,8,0.5
2017-06,-0.0006876505199150224,8,0.5
2017-07,0.01777264777049276,8,0.5
2017-08,0.0017662296278442868,8,0.5
2017-09,0.013371485325041621,8,0.5
2017-10,0.015393331499465153,8,0.5
2017-11,0.024610871610834695,8,0.5
2017-12,-0.0012121803010862473,8,0.5
2018-01,0.04815512663787627,8,0.5
2018-02,-0.030717740229623595,8,0.5
2018-03,-0.024835922566139843,8,0.5
2018-04,0.003760585656660093,8,0.5
2018-05,0.040325895051448235,8,0.5
2018-06,0.002314576489386331,8,0.5
2018-07,0.025251196576388392,8,0.5
2018-08,0.04213438163165493,8,0.5
2018-09,-0.002029885349020764,8,0.5
2018-10,-0.06768189009792237,8,0.5
2018-11,0.00943228535820266,8,0.5
2018-12,-0.07992934307412082,8,0.5
2019-01,0.06712145233826672,8,0.5
2019-02,0.03722921668241184,8,0.5
2019-03,0.024619455625401274,8,0.5
2019-04,0.03498054948292473,8,0.5
2019-05,-0.06724507033846736,8,0.5
2019-06,0.06417991450465951,8,0.5
2019-07,0.011707531058164508,8,0.5
2019-08,-0.005371411707930562,8,0.5
2019-09,0.02432092683324714,8,0.5
2019-10,0.011450324184688757,8,0.5
2019-11,0.021177989256557818,8,0.5
2019-12,0.033529515510704544,8,0.5
2020-01,0.01609324158638822,8,0.5
2020-02,-0.0842476566955151,8,0.5
2020-03,-0.12188292218409187,8,0.5
2020-04,0.12131622805038747,8,0.5
2020-05,0.05449779969841222,8,0.5
2020-06,0.016439158761485936,8,0.5
2020-07,0.058160193049664605,8,0.5
2020-08,0.06432914045799036,8,0.5
2020-09,-0.04167416912298988,8,0.5
2020-10,-0.012780539087645822,8,0.5
2020-11,0.1006998190595326,8,0.5
2020-12,0.034448511238996116,8,0.5
2021-01,-0.002803021051411711,8,0.5
2021-02,0.020309735449842516,8,0.5
2021-03,0.034709022169361906,8,0.5
2021-04,0.052790991890288456,8,0.5
2021-05,0.0014610296644503081,8,0.5
2021-06,0.03947757339280092,8,0.5
2021-07,0.02529255585576364,8,0.5
2021-08,0.032580342151271695,8,0.5
2021-09,-0.04934084794176651,8,0.5
2021-10,0.0746823311883397,8,0.5
2021-11,0.001619833345131251,8,0.5
2005-04,-0.02608719614349144,8,0.6666666666666666
2005-05,0.027533787419556636,8,0.6666666666666666
2005-06,0.0077072327259595265,8,0.6666666666666666
2005-07,0.038431837921638026,8,0.6666666666666666
2005-08,0.001838404803634613,8,0.6666666666666666
2005-09,0.016601405991268775,8,0.6666666666666666
2005-10,-0.04044673987304013,8,0.6666666666666666
2005-11,0.02146235197811725,8,0.6666666666666666
2005-12,0.0025419259926762958,8,0.6666666666666666
2006-01,0.04604422824353277,8,0.6666666666666666
2006-02,-0.02595975333900777,8,0.6666666666666666
2006-03,0.014110184874114754,8,0.6666666666666666
2006-04,0.018576600357433953,8,0.6666666666666666
2006-05,-0.027616351334455336,8,0.6666666666666666
2006-06,0.003300824262875792,8,0.6666666666666666
2006-07,0.016308312385678873,8,0.6666666666666666
2006-08,0.005280629229680748,8,0.6666666666666666
2006-09,-0.0019830547876767517,8,0.6666666666666666
2006-10,0.03392366230169149,8,0.6666666666666666
2006-11,0.030934969496025987,8,0.6666666666666666
2006-12,-0.002312115019252772,8,0.6666666666666666
2007-01,0.003815544668809811,8,0.6666666666666666
2007-02,-0.009278688920881023,8,0.6666666666666666
2007-03,0.027684649617906197,8,0.6666666666666666
2007-04,0.03839471421309918,8,0.6666666666666666
2007-05,0.03779436197110478,8,0.6666666666666666
2007-06,-0.021166632983443203,8,0.6666666666666666
2007-07,-0.022624957103580614,8,0.6666666666666666
2007-08,0.006430122137090141,8,0.6666666666666666
2007-09,0.05162096398933104,8,0.6666666666666666
2007-10,0.02297459751538159,8,0.6666666666666666
2007-11,-0.03260680607230196,8,0.6666666666666666
2007-12,0.022044206757564425,8,0.6666666666666666
2008-01,-0.08246256212137013,8,0.6666666666666666
2008-02,0.0030320560795130506,8,0.6666666666666666
2008-03,-0.010055165862193674,8,0.6666666666666666
2008-04,0.07079834303697881,8,0.6666666666666666
2008-05,0.03488024917803347,8,0.6666666666666666
2008-06,-0.021687305868795914,8,0.6666666666666666
2008-07,-0.07993586828497082,8,0.6666666666666666
2008-08,-0.004148123261750422,8,0.6666666666666666
2008-09,-0.1244799828451515,8,0.6666666666666666
2008-10,-0.16006380522307057,8,0.6666666666666666
2008-11,-0.018489229796686865,8,0.6666666666666666
2008-12,-0.013421634580081717,8,0.6666666666666666
2009-01,-0.037139053223880863,8,0.6666666666666666
2009-02,-0.11553504643596757,8,0.6666666666666666
2009-03,0.049823330577550895,8,0.6666666666666666
2009-04,0.05311286448079567,8,0.6666666666666666
2009-05,0.0580686234959871,8,0.6666666666666666
2009-06,0.011016762118344885,8,0.6666666666666666
2009-07,0.05670474000266079,8,0.6666666666666666
2009-08,0.013026263822701478,8,0.6666666666666666
2009-09,0.03430443603436918,8,0.6666666666666666
2009-10,-0.018170575246966168,8,0.6666666666666666
2009-11,0.053009117805596154,8,0.6666666666666666
2009-12,0.02699382309005724,8,0.6666666666666666
2010-01,-0.03287940414646437,8,0.6666666666666666
2010-02,0.016177323808247233,8,0.6666666666666666
2010-03,0.04428228343860639,8,0.6666666666666666
2010-04,0.007392491621498046,8,0.6666666666666666
2010-05,-0.07367099246313244,8,0.6666666666666666
2010-06,-0.034849205342939595,8,0.6666666666666666
2010-07,0.07175241411482687,8,0.6666666666666666
2010-08,-0.020170546640433638,8,0.6666666666666666
2010-09,0.06569261061852423,8,0.6666666666666666
2010-10,0.03493052181431201,8,0.6666666666666666
2010-11,-0.004592341011759489,8,0.6666666666666666
2010-12,0.05501690035587933,8,0.6666666666666666
2011-01,0.0026771111008516667,8,0.6666666666666666
2011-02,0.0320411047878154,8,0.6666666666666666
2011-03,0.0125488652211802,8,0.6666666666666666
2011-04,0.03681523563380994,8,0.6666666666666666
2011-05,0.007651711988348212,8,0.6666666666666666
2011-06,-0.014041163925369918,8,0.6666666666666666
2011-07,-0.02167208946150615,8,0.6666666666666666
2011-08,-0.02552708697392439,8,0.6666666666666666
2011-09,-0.05307034047934509,8,0.6666666666666666
2011-10,0.07826788762857657,8,0.6666666666666666
2011-11,0.0055124607628331615,8,0.6666666666666666
2011-12,0.01781134933099978,8,0.6666666666666666
2012-01,0.012570439323214697,8,0.6666666666666666
2012-02,0.031198675265562748,8,0.6666666666666666
2012-03,0.027436976619403204,8,0.6666666666666666
2012-04,0.00016646739160299396,8,0.6666666666666666
2012-05,-0.03800974572685183,8,0.6666666666666666
2012-06,0.031206189726222355,8,0.6666666666666666
2012-07,0.01827946789591427,8,0.6666666666666666
2012-08,0.0036349734546042116,8,0.6666666666666666
2012-09,0.023054766862079162,8,0.6666666666666666
2012-10,-0.007157732096384917,8,0.6666666666666666
2012-11,0.007508608534344502,8,0.6666666666666666
2012-12,-0.0010278300930038268,8,0.6666666666666666
2013-01,0.06075515042597568,8,0.6666666666666666
2013-02,0.01874147264011944,8,0.6666666666666666
2013-03,0.04615580411801809,8,0.6666666666666666
2013-04,0.03150758553584328,8,0.6666666666666666
2013-05,0.0026602249719107074,8,0.6666666666666666
2013-06,-0.007001837413724886,8,0.6666666666666666
2013-07,0.05228045506253898,8,0.6666666666666666
2013-08,-0.03172912270930581,8,0.6666666666666666
2013-09,0.027382665099568194,8,0.6666666666666666
2013-10,0.05039527180920577,8,0.6666666666666666
2013-11,0.02378763590556167,8,0.6666666666666666
2013-12,0.02073132071108258,8,0.6666666666666666
2014-01,-0.03273383387299421,8,0.6666666666666666
2014-02,0.0571595749236361,8,0.6666666666666666
2014-03,-0.009570925122592378,8,0.6666666666666666
2014-04,-0.002702997131139224,8,0.6666666666666666
2014-05,0.02263830400618983,8,0.6666666666666666
2014-06,0.021968721397283387,8,0.6666666666666666
2014-07,-0.013649612982138471,8,0.6666666666666666
2014-08,0.043496037375199706,8,0.6666666666666666
2014-09,-0.012748156141690678,8,0.6666666666666666
2014-10,0.039224909189035345,8,0.6666666666666666
2014-11,0.03235100980590703,8,0.6666666666666666
2014-12,-0.002363077929237313,8,0.6666666666666666
2015-01,-0.006363895434576139,8,0.6666666666666666
2015-02,0.04279701449310691,8,0.6666666666666666
2015-03,-0.000865824943906753,8,0.6666666666666666
2015-04,-0.005114340486234613,8,0.6666666666666666
2015-05,0.03476633637125034,8,0.6666666666666666
2015-06,-0.007993021169044856,8,0.6666666666666666
2015-07,0.02355688060228236,8,0.6666666666666666
2015-08,-0.06993591471687165,8,0.6666666666666666
2015-09,-0.0454959931542309,8,0.6666666666666666
2015-10,0.07577193988890016,8,0.6666666666666666
2015-11,-0.002729520699037472,8,0.6666666666666666
2015-12,0.0010811034981058048,8,0.6666666666666666
2016-01,-0.06850112811548548,8,0.6666666666666666
2016-02,0.00535074063512584,8,0.6666666666666666
2016-03,0.05682929646221066,8,0.6666666666666666
2016-04,0.0054395370598237895,8,0.6666666666666666
2016-05,0.01479276402985949,8,0.6666666666666666
2016-06,0.020018049104007445,8,0.6666666666666666
2016-07,0.03005610526227508,8,0.6666666666666666
2016-08,-0.029217310733028152,8,0.6666666666666666
2016-09,0.0001659609542387768,8,0.6666666666666666
2016-10,-0.037288166427656734,8,0.6666666666666666
2016-11,0.02903857967351589,8,0.6666666666666666
2016-12,0.013392257203435468,8,0.6666666666666666
2017-01,0.020052709623517472,8,0.6666666666666666
2017-02,0.03215215052996526,8,0.6666666666666666
2017-03,0.002073738501997882,8,0.6666666666666666
2017-04,0.01436929370011372,8,0.6666666666666666
2017-05,0.011865245741667467,8,0.6666666666666666
2017-06,-0.0012649842207446296,8,0.6666666666666666
2017-07,0.016338930568459545,8,0.6666666666666666
2017-08,0.0030208086155387595,8,0.6666666666666666
2017-09,0.009882943746603392,8,0.6666666666666666
2017-10,0.016893931958893695,8,0.6666666666666666
2017-11,0.022228449029437623,8,0.6666666666666666
2017-12,-0.005719662748079157,8,0.6666666666666666
2018-01,0.05131722866600458,8,0.6666666666666666
2018-02,-0.024349299673326757,8,0.6666666666666666
2018-03,-0.028199809787077226,8,0.6666666666666666
2018-04,0.0027135347831547417,8,0.6666666666666666
2018-05,0.04854800296052027,8,0.6666666666666666
2018-06,-0.0003364079183244351,8,0.6666666666666666
2018-07,0.023818810194843984,8,0.6666666666666666
2018-08,0.0496864477060822,8,0.6666666666666666
2018-09,-0.0038642169359161586,8,0.6666666666666666
2018-10,-0.06900267234481107,8,0.6666666666666666
2018-11,0.0057947882574978776,8,0.6666666666666666
2018-12,-0.07676091253666914,8,0.6666666666666666
2019-01,0.0649681962873869,8,0.6666666666666666
2019-02,0.039341906847405676,8,0.6666666666666666
2019-03,0.02792519923136325,8,0.6666666666666666
2019-04,0.038102985241281216,8,0.6666666666666666
2019-05,-0.06848317224158802,8,0.6666666666666666
2019-06,0.061821385643762064,8,0.6666666666666666
2019-07,0.014017952747707445,8,0.6666666666666666
2019-08,-0.0019357536005806444,8,0.6666666666666666
2019-09,0.024451320953496884,8,0.6666666666666666
2019-10,0.011557238837948163,8,0.6666666666666666
2019-11,0.020396861441310254,8,0.6666666666666666
2019-12,0.03461182084878718,8,0.6666666666666666
2020-01,0.026336681029791753,8,0.6666666666666666
2020-02,-0.08289731148802283,8,0.6666666666666666
2020-03,-0.11312350194788137,8,0.6666666666666666
2020-04,0.11670009461880554,8,0.6666666666666666
2020-05,0.05721451975613021,8,0.6666666666666666
2020-06,0.01959273690846304,8,0.6666666666666666
2020-07,0.06089157672855476,8,0.6666666666666666
2020-08,0.0692833101270116,8,0.6666666666666666
2020-09,-0.04380532674219941,8,0.6666666666666666
2020-10,-0.010531887564927286,8,0.6666666666666666
2020-11,0.0929759793905255,8,0.6666666666666666
2020-12,0.03459417746735479,8,0.6666666666666666
2021-01,-0.0008567951399200391,8,0.6666666666666666
2021-02,0.015287116877439198,8,0.6666666666666666
2021-03,0.028790904697156176,8,0.6666666666666666
2021-04,0.055874823318919395,8,0.6666666666666666
2021-05,-0.0011233855409352473,8,0.6666666666666666
2021-06,0.04981082215044885,8,0.6666666666666666
2021-07,0.030235192241757938,8,0.6666666666666666
2021-08,0.0384580254905882,8,0.6666666666666666
2021-09,-0.054562493531804195,8,0.6666666666666666
2021-10,0.07913984855658339,8,0.6666666666666666
2021-11,0.010795968279006599,8,0.6666666666666666
2005-04,-0.027341252043421724,8,1.0
2005-05,0.02766288588761549,8,1.0
2005-06,0.007535182732224443,8,1.0
2005-07,0.03751212741015614,8,1.0
2005-08,0.008534368647065813,8,1.0
2005-09,0.02070241181406224,8,1.0
2005-10,-0.04703709527640207,8,1.0
2005-11,0.015347331066284555,8,1.0
2005-12,0.00439688557774669,8,1.0
2006-01,0.051219968619157535,8,1.0
2006-02,-0.037811854895953845,8,1.0
2006-03,0.014251614821724882,8,1.0
2006-04,0.023388049760055804,8,1.0
2006-05,-0.02569315945073848,8,1.0
2006-06,0.003280526176511478,8,1.0
2006-07,0.02412229022630603,8,1.0
2006-08,-0.0011653633355201104,8,1.0
2006-09,-0.008958985704364562,8,1.0
2006-10,0.0329940563935674,8,1.0
2006-11,0.03606641075126049,8,1.0
2006-12,-0.006846612607238746,8,1.0
2007-01,-0.0028900099022584587,8,1.0
2007-02,-0.008271269609438376,8,1.0
2007-03,0.03430451798991769,8,1.0
2007-04,0.0403618335668156,8,1.0
2007-05,0.03733088014638702,8,1.0
2007-06,-0.02145083433201433,8,1.0
2007-07,-0.017971616723363868,8,1.0
2007-08,0.005880935459688867,8,1.0
2007-09,0.0576011931207321,8,1.0
2007-10,0.024638982032143843,8,1.0
2007-11,-0.027463737227827162,8,1.0
2007-12,0.0333836763075264,8,1.0
2008-01,-0.09140872808541835,8,1.0
2008-02,0.018131438971257564,8,1.0
2008-03,-0.013127229805686891,8,1.0
2008-04,0.08125133640566423,8,1.0
2008-05,0.039535229293393204,8,1.0
2008-06,0.00431438780970109,8,1.0
2008-07,-0.11022068675405439,8,1.0
2008-08,-0.011902932778514515,8,1.0
2008-09,-0.1324800579228221,8,1.0
2008-10,-0.15447252292438016,8,1.0
2008-11,0.003947752477016661,8,1.0
2008-12,-0.02780293570088371,8,1.0
2009-01,-0.017260597100576622,8,1.0
2009-02,-0.12393884021542302,8,1.0
2009-03,0.031878242994872186,8,1.0
2009-04,0.029634982928803812,8,1.0
2009-05,0.06002904773520726,8,1.0
2009-06,0.01569042897300662,8,1.0
2009-07,0.04675179434293489,8,1.0
2009-08,0.005646325200787939,8,1.0
2009-09,0.029835895555763856,8,1.0
2009-10,-0.014644060107046828,8,1.0
2009-11,0.04842363463279149,8,1.0
2009-12,0.02590603032317743,8,1.0
2010-01,-0.02847528527935586,8,1.0
2010-02,0.009298765465797037,8,1.0
2010-03,0.036821278405803654,8,1.0
2010-04,0.002362907907358819,8,1.0
2010-05,-0.07235403577034188,8,1.0
2010-06,-0.02773015277301171,8,1.0
2010-07,0.06980243518612114,8,1.0
2010-08,-0.01389680749751916,8,1.0
2010-09,0.05390508130448207,8,1.0
2010-10,0.03373937173565457,8,1.0
2010-11,-0.00879495585382998,8,1.0
2010-12,0.04890237358453634,8,1.0
2011-01,-0.003994653841697896,8,1.0
2011-02,0.03135770948715056,8,1.0
2011-03,0.013197398134235646,8,1.0
2011-04,0.03947667087646561,8,1.0
2011-05,0.014934942265652383,8,1.0
2011-06,-0.013314270547561752,8,1.0
2011-07,-0.020556013676200875,8,1.0
2011-08,-0.013345615312665404,8,1.0
2011-09,-0.04141350039191498,8,1.0
2011-10,0.06311602767007868,8,1.0
2011-11,0.008023397883501303,8,1.0
2011-12,0.02191955760008806,8,1.0
2012-01,-0.0017056276290998065,8,1.0
2012-02,0.028650597572123907,8,1.0
2012-03,0.02949912782443147,8,1.0
2012-04,-8.491119897274427e-05,8,1.0
2012-05,-0.030290813434043766,8,1.0
2012-06,0.026525698816982028,8,1.0
2012-07,0.019571697949046563,8,1.0
2012-08,-0.0025951103635871928,8,1.0
2012-09,0.02124574263199336,8,1.0
2012-10,-0.003092989103348539,8,1.0
2012-11,0.009871199461075734,8,1.0
2012-12,-0.006580014076551318,8,1.0
2013-01,0.0650062742145462,8,1.0
2013-02,0.022334446245482815,8,1.0
2013-03,0.050232969108864434,8,1.0
2013-04,0.03586118438617423,8,1.0
2013-05,0.00021971126047903595,8,1.0
2013-06,-0.004276960033693745,8,1.0
2013-07,0.05378870689097785,8,1.0
2013-08,-0.033509736000224805,8,1.0
2013-09,0.025436678191984627,8,1.0
2013-10,0.05211485773823847,8,1.0
2013-11,0.02660657591233623,8,1.0
2013-12,0.018548372948558954,8,1.0
2014-01,-0.03430205223056511,8,1.0
2014-02,0.06381688424448387,8,1.0
2014-03,-0.020322394029656975,8,1.0
2014-04,-0.008844999057320417,8,1.0
2014-05,0.022852168348958403,8,1.0
2014-06,0.021781935105942823,8,1.0
2014-07,-0.010823703127650158,8,1.0
2014-08,0.046330891868780595,8,1.0
2014-09,-0.009074096502379416,8,1.0
2014-10,0.04696569808398375,8,1.0
2014-11,0.039453721708246986,8,1.0
2014-12,-0.0006716256313493345,8,1.0
2015-01,0.0011950376554400598,8,1.0
2015-02,0.038920863608464265,8,1.0
2015-03,0.007015847938545947,8,1.0
2015-04,-0.014744555018084771,8,1.0
2015-05,0.049168419517501165,8,1.0
2015-06,0.0002380515180518598,8,1.0
2015-07,0.03142297775608018,8,1.0
2015-08,-0.07808766155690589,8,1.0
2015-09,-0.05296031526146795,8,1.0
2015-10,0.07317147425184876,8,1.0
2015-11,-0.003785921008752173,8,1.0
2015-12,0.010767435525136397,8,1.0
2016-01,-0.0836495802947918,8,1.0
2016-02,0.0034106599867586495,8,1.0
2016-03,0.049132310316868995,8,1.0
2016-04,0.0025050780411913125,8,1.0
2016-05,0.016477740610759024,8,1.0
2016-06,0.021210963950433447,8,1.0
2016-07,0.029850183258454406,8,1.0
2016-08,-0.039683692215238056,8,1.0
2016-09,-0.00017874095744591025,8,1.0
2016-10,-0.04425707842611925,8,1.0
2016-11,0.02481158015893625,8,1.0
2016-12,0.008462469262506971,8,1.0
2017-01,0.02207789135187563,8,1.0
2017-02,0.033099358748955164,8,1.0
2017-03,0.0031573536979921544,8,1.0
2017-04,0.019805992521971717,8,1.0
2017-05,0.014181702373664964,8,1.0
2017-06,-0.002419651622403842,8,1.0
2017-07,0.013471496164393106,8,1.0
2017-08,0.005529966590927705,8,1.0
2017-09,0.002905860589726931,8,1.0
2017-10,0.01989513287775078,8,1.0
2017-11,0.017463603866643473,8,1.0
2017-12,-0.014734627642064978,8,1.0
2018-01,0.05764143272226121,8,1.0
2018-02,-0.01161241856073307,8,1.0
2018-03,-0.03492758422895198,8,1.0
2018-04,0.0006194330361440387,8,1.0
2018-05,0.06499221877866432,8,1.0
2018-06,-0.005638376733745971,8,1.0
2018-07,0.020954037431755175,8,1.0
2018-08,0.06479057985493678,8,1.0
2018-09,-0.007532880109706948,8,1.0
2018-10,-0.07164423683858848,8,1.0
2018-11,-0.0014802059439116954,8,1.0
2018-12,-0.07042405146176578,8,1.0
2019-01,0.06066168418562724,8,1.0
2019-02,0.04356728717739337,8,1.0
2019-03,0.0345366864432872,8,1.0
2019-04,0.04434785675799421,8,1.0
2019-05,-0.07095937604782934,8,1.0
2019-06,0.057104327921967166,8,1.0
2019-07,0.018638796126793318,8,1.0
2019-08,0.004935562614119196,8,1.0
2019-09,0.024712109193996377,8,1.0
2019-10,0.011771068144466977,8,1.0
2019-11,0.018834605810815124,8,1.0
2019-12,0.03677643152495246,8,1.0
2020-01,0.04682355991659884,8,1.0
2020-02,-0.08019662107303827,8,1.0
2020-03,-0.09560466147546035,8,1.0
2020-04,0.1074678277556417,8,1.0
2020-05,0.0626479598715662,8,1.0
2020-06,0.025899893202417264,8,1.0
2020-07,0.06635434408633505,8,1.0
2020-08,0.07919164946505411,8,1.0
2020-09,-0.04806764198061847,8,1.0
2020-10,-0.006034584519490205,8,1.0
2020-11,0.0775283000525113,8,1.0
2020-12,0.03488550992407214,8,1.0
2021-01,0.0030356566830633085,8,1.0
2021-02,0.0052418797326325515,8,1.0
2021-03,0.016954669752744712,8,1.0
2021-04,0.06204248617618127,8,1.0
2021-05,-0.006292215951706363,8,1.0
2021-06,0.07047731966574472,8,1.0
2021-07,0.040120465013746553,8,1.0
2021-08,0.05021339216922121,8,1.0
2021-09,-0.06500578471187954,8,1.0
2021-10,0.08805488329307079,8,1.0
2021-11,0.0291482381467573,8,1.0
