Dates,DJUSBMT,DJUSNCT,DJUSCYT,DJUSHCT,DJUSINT,DJUSENT,DJUSTCT,DJUSTLT,DJUSUTT,DJUSFNT
28/4/2000,-0.04225279,0.039474289,-0.066649944,0.05097631,-0.031135172,-0.009283992,-0.103056669,-0.086193931,0.070070423,-0.032030427
31/5/2000,-0.032084982,0.035190097,-0.050258009,0.043191164,-0.031875163,0.099661329,-0.118803271,-0.097591674,0.030743196,0.061754403
30/6/2000,-0.081471527,-0.01797916,0.004838984,0.105478191,0.015789474,-0.053821313,0.148312619,0.032159429,-0.057737037,-0.053414183
31/7/2000,0.013716167,0.002826701,-0.019121913,-0.055306855,-0.011098681,-0.024586019,-0.059459339,-0.073021153,0.070954939,0.099573726
31/8/2000,0.017860364,0.002341717,-0.007464829,0.02380362,0.111994284,0.099300201,0.133990249,-0.029154519,0.136168482,0.092505729
29/9/2000,-0.100850762,0.013022411,-0.026265548,0.044320659,-0.054855032,0.033921782,-0.160702378,-0.028817279,0.098130469,0.026976161
31/10/2000,0.114987844,0.073969678,-0.019458143,0.027520099,-0.017221845,-0.033692492,-0.068649033,0.031396801,-0.044735031,-0.006223274
30/11/2000,-0.020095468,-0.012128683,-0.067864392,0.018632762,-0.090010376,-0.045014749,-0.23309667,-0.146872297,0.002616411,-0.051846018
29/12/2000,0.149987972,0.050680299,0.01462606,0.033284916,0.019320305,0.098412306,-0.087248711,-0.078898463,0.080556711,0.100204623
31/1/2001,-0.022539483,-0.011915252,0.128551751,-0.085749684,0.01510114,-0.036107987,0.161396382,0.156089508,-0.099576494,-0.002559617
28/2/2001,0.000802525,0.005622334,-0.072920806,-0.007375169,-0.060179375,-0.003150893,-0.283968565,-0.099762018,0.027443054,-0.060259203
30/3/2001,-0.040949428,-0.050240987,-0.045283365,-0.083829977,-0.104061492,-0.014516507,-0.136408738,-0.056642346,-0.000680993,-0.028230718
30/4/2001,0.091025641,0.009743423,0.088929511,0.039775332,0.127635597,0.103617249,0.186626129,0.044873711,0.054516544,0.036672395
31/5/2001,0.040872631,0.027661628,0.031865705,0.015681843,0.018762694,-0.008368989,-0.044688743,-0.02217057,-0.017376319,0.040562413
29/6/2001,-0.038089628,-0.008920188,-0.017781203,-0.031367867,-0.040188602,-0.091289009,0.009059581,-0.039641616,-0.064523201,0.005022583
31/7/2001,0.002194213,0.00986894,-0.010112164,0.031851416,-0.033925687,-0.022934958,-0.070296081,0.04607593,-0.049914076,-0.012978537
31/8/2001,-0.005702648,0.006958017,-0.086244349,-0.032225661,-0.044229063,-0.04205636,-0.126257002,-0.092315533,-0.017347694,-0.054202641
28/9/2001,-0.118496518,-0.063431677,-0.122879722,-0.002075911,-0.12454474,-0.073256333,-0.216942188,0.055704833,-0.09542336,-0.056769606
31/10/2001,0.026490066,0.009947774,0.009522763,0.006015798,0.030630557,0.058837706,0.188154411,-0.128020058,-0.01882255,-0.018043202
30/11/2001,0.118958687,0.045226956,0.127888836,0.051946237,0.097708655,-0.040611283,0.171505684,0.017121199,-0.039074284,0.069552277
31/12/2001,-0.017044305,0.013585676,0.030783582,-0.028316421,0.042396712,0.064664814,-0.014695616,0.018460616,0.034531809,0.025144678
31/1/2002,0.005814253,0.017664833,-0.013449836,-0.021049754,-0.051151691,-0.038581524,0.012116059,-0.078055345,-0.034469679,-0.012647522
28/2/2002,0.053458154,0.037495242,0.009457835,-0.001954761,0.011919081,0.04499702,-0.143599706,-0.062494298,-0.011883716,-0.009223659
29/3/2002,0.041227602,0.043625023,0.017391032,0.006519306,0.029248613,0.082760369,0.076574091,-0.019803425,0.097654309,0.064583585
30/4/2002,-0.051394459,0.019828435,-0.038561045,-0.062435716,-0.081647652,-0.045152606,-0.122835991,-0.155621742,-0.00402952,-0.019038265
31/5/2002,0.042477876,0.007756481,-0.004324705,-0.020873484,-0.000533516,-0.022954337,-0.04269731,0.035155791,-0.051641058,-0.000712388
28/6/2002,-0.012167516,-0.055279992,-0.094398507,-0.091300003,-0.063598582,-0.024716916,-0.132222624,-0.124204907,-0.048365449,-0.044796825
31/7/2002,-0.108421656,-0.059021617,-0.112374321,-0.024393495,-0.051182866,-0.119930531,-0.088910308,-0.123338305,-0.127335919,-0.071385348
30/8/2002,-0.007228916,0.011698157,0.024135447,0.006524115,-0.021028238,0.005993276,-0.016898267,-0.019084252,0.034920635,0.020005648
30/9/2002,-0.129126214,-0.073675402,-0.08410521,-0.058811552,-0.119936875,-0.08347864,-0.180088997,-0.138300279,-0.11366425,-0.111163167
31/10/2002,0.040195714,0.022870986,0.072583742,0.052895363,0.043783622,0.034284582,0.220318541,0.318456288,-0.008809464,0.077076046
29/11/2002,0.111699911,0.001003573,0.039345958,0.02852642,0.07955142,0.036903621,0.178768676,0.114695341,0.015807517,0.03963964
31/12/2002,-0.045685823,-0.013875521,-0.081301435,-0.035459812,-0.048360004,0.004065341,-0.146034721,-0.073299988,0.038810074,-0.046558401
31/1/2003,-0.050173981,-0.036437576,-0.024998958,-0.00303773,-0.049005946,-0.027937279,-0.009038406,-0.065411553,-0.034111419,-0.016382038
28/2/2003,-0.029602931,-0.024858614,-0.013674629,-0.020428656,-0.017388756,0.026430384,0.021796777,-0.083740117,-0.045157272,-0.027993886
31/3/2003,0.00292273,-0.001038736,0.028724925,0.038810929,0.010737187,0.007488841,-0.014002567,-0.003751782,0.045923027,-0.00213595
30/4/2003,0.08949062,0.051470907,0.106974394,0.037497023,0.105444352,0,0.094406201,0.100625141,0.073718349,0.114294451
30/5/2003,0.031763722,0.077423874,0.046263887,0.03253419,0.036793166,0.095752472,0.096622443,0.066995141,0.102462825,0.056130203
30/6/2003,0.002970564,0.010478813,0.027454545,0.039799257,0.012959149,-0.014703425,-0.002289488,0.036493073,0.010115911,0.00367772
31/7/2003,0.078729133,-0.009688896,0.020314988,0.001893939,0.036982123,-0.032253688,0.058793691,-0.052595755,-0.055497601,0.046022105
29/8/2003,0.029702476,0.015745624,0.048770335,-0.033233734,0.050492259,0.065711082,0.064061324,0.001045,0.015020985,-0.007386818
30/9/2003,-0.047607505,0.010610279,-0.044286423,0.002459947,-0.030293603,-0.024729521,-0.009798246,-0.040190513,0.041838955,0.009072078
31/10/2003,0.084398066,0.058749069,0.081776024,0.012269553,0.052815207,0.010216812,0.096808418,0.058323703,0.014361063,0.067685465
28/11/2003,0.026522086,0.026302834,0.009821172,0.019424416,0.020073896,0.00400534,0.017115783,-0.013488342,0.010450988,0.004361604
31/12/2003,0.105542345,0.047248681,0.008490148,0.054754428,0.071097834,0.135704787,0.015197391,0.087570805,0.057879452,0.04443696
30/1/2004,-0.043721046,0.00219205,-0.001130866,0.031158771,0.015269837,0.014021427,0.039365261,0.041127874,0.020372779,0.03248252
27/2/2004,0.048964056,0.041753722,0.028429461,0.010903994,-0.004910377,0.046563321,-0.032576705,0.016962797,0.021334844,0.026907525
31/3/2004,-0.022803183,0.007113535,-0.003547184,-0.032830524,-0.011836157,-0.005461466,-0.030289202,-0.01549248,0.009289213,-0.005362145
30/4/2004,-0.048485104,0.009303628,-0.013379979,0.028526376,-0.006111189,0.018471267,-0.060509804,-0.000631748,-0.037913824,-0.054393305
31/5/2004,0.022794802,-0.009433671,0.001399689,-0.001031359,0.025473455,0.000762486,0.056559669,-0.038790874,0.010565894,0.023196052
30/6/2004,0.051381,0.023092963,-0.00170834,-0.00066968,0.054478174,0.059673469,0.02573878,0.031746981,0.019733434,0.007734145
30/7/2004,-0.021032662,-0.055242905,-0.050684505,-0.053666164,-0.029730959,0.03325373,-0.08498469,0.036970505,0.010622575,-0.019624348
31/8/2004,0.02026287,0.023601764,-0.006751663,0.018352414,-0.008840963,-0.013445002,-0.053121185,0.009835149,0.039987204,0.036987155
30/9/2004,0.050703993,-0.020446681,0.020062696,-0.010343629,0.029631382,0.087764819,0.031807068,0.01383432,0.010194665,-0.004399636
29/10/2004,-0.018116084,-0.001701991,0.040565458,-0.020757092,0.01283061,0.002802158,0.058184873,0.015337591,0.044325547,0.010631879
30/11/2004,0.085367806,0.051371956,0.043118724,0.019941402,0.059063664,0.066532724,0.05197264,0.038598,0.043777074,0.034173968
31/12/2004,0.007817397,0.056969771,0.046194194,0.060296057,0.028848507,-0.020397116,0.029995162,0.026242236,0.027734546,0.042390202
31/1/2005,-0.025026527,0.00393678,-0.031819736,-0.031571381,-0.027444917,0.029376008,-0.05749178,-0.065819337,0.016657607,-0.028423038
28/2/2005,0.080834616,0.007842685,-0.003736723,0.027833286,0.010792467,0.181554649,0.003089804,0.009718173,0.020853225,-0.003004021
31/3/2005,-0.031630846,-0.023144704,-5.91E-05,-0.000166644,-0.001935816,-0.033330304,-0.020806836,-0.014490429,0.009502787,-0.034349022
29/4/2005,-0.077160272,-0.020500805,-0.052483903,0.034612073,-0.036306331,-0.055366509,-0.041604936,0.008518257,0.024237483,0.001264101
31/5/2005,-0.003419069,0.03453431,0.056014463,0.014901329,0.028617252,0.021932094,0.08927853,0.012481171,0.012483265,0.02993256
30/6/2005,-0.007680312,-0.009277457,0.003984887,0.00015873,-0.016203491,0.062261432,-0.019440502,0.014718385,0.055285541,0.019706115
29/7/2005,0.066082584,0.037311473,0.046717432,0.026741787,0.043817396,0.062590522,0.061599159,0.038382992,0.022926615,0.02054263
31/8/2005,-0.033425465,-0.008633781,-0.038003483,0.000257619,-0.013575873,0.055642782,-0.004519479,-0.031064044,0.007945441,-0.020158946
30/9/2005,0.015441513,0.006099118,-0.01921224,-0.006825147,0.011559472,0.063333551,0.007522888,-0.010565213,0.038198778,0.007441223
31/10/2005,-0.006270416,-0.025404613,-0.009972909,-0.027280743,-0.012650674,-0.091901197,-0.017707848,-0.012939877,-0.06583568,0.024303667
30/11/2005,0.05867906,0.015651671,0.042127736,0.015969075,0.059772755,0.017010833,0.066459415,0.047748468,-0.003081821,0.047586746
30/12/2005,0.023876655,0.004158833,-0.006607612,0.028182319,0.005218135,0.009603062,-0.022609314,-0.031890545,0.009206101,0.001182432
31/1/2006,0.067658951,0.008651991,0.015016847,0.016384657,0.014410121,0.141389997,0.043409471,0.043553641,0.026154571,0.015297227
28/2/2006,-0.028926834,0.004077959,0.008527686,0.008587571,0.028075278,-0.086093098,-0.014762527,0.063233147,0.009545678,0.019179638
31/3/2006,0.04982685,0.00459358,0.015038447,-0.010331864,0.042431661,0.043822498,0.022289839,0.037217671,-0.038406551,0.008791119
28/4/2006,0.053482786,0.009200915,-0.002571772,-0.029834977,0.019308545,0.0510666,-0.005745137,-0.019767176,0.016185713,0.034211519
31/5/2006,-0.041343669,-0.013261134,-0.01314425,-0.021573407,-0.025495968,-0.029874395,-0.074161097,-0.029247392,0.012536162,-0.0360622
30/6/2006,-0.003107658,0.000447978,-0.000567988,0.00286214,-0.004150359,0.023058649,-0.011692828,0.043081942,0.024860427,-0.001378099
31/7/2006,-0.042943029,0.019338408,-0.041117299,0.044078009,-0.055999578,0.04501981,-0.033401176,0.042176433,0.048803153,0.020848836
31/8/2006,0.015721076,0.038547072,0.024685139,0.029359656,0.018386051,-0.038788973,0.079068028,0.015667064,0.027589368,0.013491664
29/9/2006,-0.010634817,0.008168768,0.051015096,0.012490779,0.031224277,-0.032205398,0.039245008,0.042495872,-0.019504653,0.038393137
31/10/2006,0.068695221,0.031754772,0.052611304,0.008086842,0.031582588,0.046758133,0.037534876,0.042514171,0.054431877,0.024858956
30/11/2006,0.048743501,0.014740641,0.005515763,-0.00105996,0.024528643,0.086386651,0.035804891,-0.003638254,0.027033245,0.010665749
29/12/2006,-0.004131378,0.014601648,0.023579878,0.009959727,0.010548311,-0.022252271,-0.011429878,0.045062397,0.008876568,0.032753799
31/1/2007,0.049752571,0.021920513,0.03545667,0.030515759,0.020602377,-0.013319548,0.018631386,0.042082629,-0.002137167,0.012761349
28/2/2007,0.020041777,-0.016015266,-0.021757261,-0.021154826,-0.002807069,-0.016234606,-0.028733116,-0.007221813,0.046868046,-0.027921142
30/3/2007,0.020782599,0.012274457,0.004864472,0.001846372,0.011039581,0.062745532,0.004524283,0.036074822,0.042803624,-0.009506613
30/4/2007,0.031013636,0.040402571,0.015795384,0.066843088,0.048179353,0.05276722,0.049759016,0.007415102,0.040766408,0.035662976
31/5/2007,0.068654519,0.016852754,0.029158888,0.01661056,0.055919989,0.071808313,0.040117789,0.094335597,0.010624755,0.024130093
29/6/2007,-0.003838394,-0.017306987,-0.017925767,-0.033789377,-0.00192497,0.016241781,0.007838899,-0.023849753,-0.049779565,-0.04164817
31/7/2007,-0.020550314,-0.029881733,-0.049995139,-0.036910103,-0.004602538,0.004744716,-0.00549741,-0.018906864,-0.038366431,-0.079350563
31/8/2007,-0.005245372,0.018226411,0.012664057,0.026267734,-0.000374309,0.006055402,0.02773011,-0.001492841,0.017947087,0.015506676
28/9/2007,0.08860214,0.041963822,0.003966449,0.032804088,0.039713656,0.080570902,0.038064278,0.043594971,0.035365504,0.023959246
31/10/2007,0.060105726,0.022550597,0.002969375,0.017714361,0.00910959,0.014517755,0.070376222,-0.018819392,0.065045149,-0.0151111
30/11/2007,-0.048064672,0.001640144,-0.044684748,0.011025263,-0.039972288,-0.041506187,-0.079845734,-0.076820972,-0.003235482,-0.07346476
31/12/2007,0.034661005,-0.016795008,-0.040209056,-0.025845784,-0.003039647,0.073227034,0.012357098,0.03015816,0.005259916,-0.049121042
31/1/2008,-0.045744491,-0.054621565,-0.022328636,-0.051057735,-0.054485633,-0.107314984,-0.127130743,-0.088942392,-0.070330914,-0.00274521
29/2/2008,0.042094192,-0.012307766,-0.038036329,-0.021201495,-0.024033777,0.074715272,-0.038321257,-0.099923401,-0.035341243,-0.106311292
31/3/2008,-0.025837707,0.022029936,-0.007593832,-0.041352313,0.023246969,-0.022575121,0.004268853,0.041062082,0.006202365,-0.021561613
30/4/2008,0.076299673,-0.004858147,0.043331672,0.014626179,0.029292882,0.109143039,0.072736202,0.05538298,0.059630152,0.06133893
30/5/2008,0.074035253,0.007701969,0.015455082,0.019927801,0.030151888,0.03799977,0.062294771,0.03907672,0.034533757,-0.047474123
30/6/2008,-0.012587385,-0.088260195,-0.100755458,-0.044577305,-0.107678826,0.026693231,-0.093312528,-0.116697726,-0.009530617,-0.173200123
31/7/2008,-0.077919196,0.039696665,0.00458518,0.058296413,0.013307145,-0.143382056,-0.013145171,-0.054221697,-0.070868415,0.064988819
29/8/2008,-0.043334646,0.03086236,0.057099096,0.020056764,0.016669897,-0.004394291,0.02350147,0.033505845,-0.007922535,0.000570997
30/9/2008,-0.225024581,-0.024282826,-0.083224666,-0.062557967,-0.127669209,-0.124489108,-0.130046735,-0.130584934,-0.12163996,-0.04027834
31/10/2008,-0.259176207,-0.148854303,-0.1676518,-0.125575068,-0.206786329,-0.189089684,-0.171162097,-0.106653426,-0.114300146,-0.215214639
28/11/2008,-0.146965111,-0.03703489,-0.089621388,-0.074279411,-0.070503548,-0.001335351,-0.120178242,0.061082703,0.013183495,-0.164980202
31/12/2008,0.02955458,-0.006409871,0.054644809,0.070400587,0.021232445,-0.041688952,0.02363534,0.006757111,-0.020229778,0.015513406
30/1/2009,-0.078545191,-0.074113336,-0.087291856,-0.012902857,-0.112155298,-0.02589067,-0.026388125,-0.101508845,-0.010813733,-0.239349743
27/2/2009,-0.096510655,-0.084232908,-0.060755764,-0.11749906,-0.15595243,-0.116246499,-0.039628356,-0.030517112,-0.127220552,-0.157711254
31/3/2009,0.149362676,0.053616717,0.097305527,0.069963298,0.087202828,0.039187437,0.12411139,0.062955441,0.026068577,0.149361166
30/4/2009,0.179526066,0.073772715,0.127822394,-0.004716548,0.180057005,0.06879939,0.122628501,0.042762419,0.011253529,0.199780805
29/5/2009,0.108927997,0.060400354,-0.000969317,0.065359879,0.031739442,0.112316373,0.027107158,-0.007005443,0.043607831,0.099993475
30/6/2009,-0.051668539,0.007324699,0.000858305,0.033707865,-0.011485844,-0.051821402,0.044804124,0.008845716,0.055666004,-0.018536643
31/7/2009,0.133152485,0.092755165,0.073415362,0.05619202,0.094915631,0.047151247,0.091093876,0.047229693,0.043143297,0.088057537
31/8/2009,0.029132106,-0.000405745,0.047796033,0.022646102,0.041299131,0.005329379,0.024200112,-0.018748716,0.008271787,0.119341221
30/9/2009,0.087838281,0.043324133,0.048798276,0.015082137,0.06380838,0.055698347,0.049711268,0.032612679,0.015203308,0.021338362
30/10/2009,-0.035207662,-0.007392037,-0.021999557,-0.026785259,-0.042804406,0.020957255,-0.009555533,-0.041975058,-0.032837352,-0.054636445
30/11/2009,0.112349379,0.054899399,0.05491096,0.088092806,0.081468732,0.027084886,0.050090023,0.063075458,0.045192308,0.044636892
31/12/2009,0.024219123,0.012954844,0.035477941,0.026136555,0.024049514,-0.00220305,0.064700839,0.051020408,0.056879104,-0.000541192
29/1/2010,-0.081899386,-0.015258962,-0.023374164,0.005089476,-0.02670811,-0.043827756,-0.085623566,-0.086573526,-0.043612679,-0.015087745
26/2/2010,0.075715522,0.035485473,0.048230732,0.005110375,0.04598143,0.020712923,0.048449001,-0.005651475,-0.007626401,0.032936825
31/3/2010,0.07981911,0.049257776,0.076763006,0.032781557,0.083792723,0.029517746,0.062897168,0.060694546,0.03001265,0.087506653
30/4/2010,0.006089258,-0.001485612,0.037524157,-0.031201529,0.04624775,0.045211121,0.020366174,0.002015534,0.029660106,0.021089631
31/5/2010,-0.089713469,-0.059718916,-0.060821648,-0.07125786,-0.090924956,-0.117441934,-0.074432333,-0.047294314,-0.058655136,-0.091788492
30/6/2010,-0.076420255,-0.029431096,-0.091893232,-0.019187528,-0.069303129,-0.058283171,-0.063210407,-0.011689582,-0.008299544,-0.06215516
30/7/2010,0.119315938,0.075094056,0.0665514,0.012328697,0.092556577,0.078112693,0.074384901,0.097332222,0.072861432,0.068985804
31/8/2010,-0.020190507,-0.021416573,-0.040357214,-0.014141211,-0.070205249,-0.04234514,-0.07130533,0.015906933,0.01104594,-0.073171899
30/9/2010,0.105110096,0.060148763,0.113952937,0.094640123,0.117015722,0.096709358,0.123885286,0.08272961,0.034012604,0.065472195
29/10/2010,0.063358396,0.046639232,0.050948466,0.016881179,0.033499533,0.052397833,0.064950483,0.011569178,0.015492837,0.018391083
30/11/2010,0.027316866,-0.001761812,0.022176092,-0.024419884,0.017362682,0.058165548,-0.01148663,-0.015576324,-0.024034551,-0.0086131
31/12/2010,0.102989423,0.051849939,0.035539155,0.047406398,0.081454222,0.087581684,0.057829296,0.077726721,0.032011494,0.099071207
31/1/2011,-0.00205924,-0.016431348,0.0005979,0.005946504,0.042798091,0.07516098,0.040363283,-0.025421343,0.015314362,0.02493722
28/2/2011,0.028284386,0.033869391,0.047397103,0.034241228,0.026740544,0.073892587,0.020118558,0.024474803,0.017085344,0.028975009
31/3/2011,0.032046864,0.014629238,-0.000502042,0.0212665,0.019794377,0.014855984,-0.025075022,0.050358553,0.006848761,-0.02070522
29/4/2011,0.028714524,0.045476181,0.042398228,0.06563886,0.02683539,0.012055802,0.028211081,0.018985885,0.038911652,0.007696048
31/5/2011,-0.037554652,0.01970976,0.002256001,0.021047208,-0.024239708,-0.042833593,-0.017187797,0.018180449,0.015414755,-0.023939909
30/6/2011,-0.015651656,-0.015998809,-0.007976573,-0.014557453,-0.010145502,-0.017222925,-0.029246257,-0.015046211,-0.002233956,-0.026870163
29/7/2011,-0.024344532,-0.018584338,-0.016477949,-0.038329722,-0.066748213,0.011673267,0.010583136,-0.053935368,-0.01091492,-0.031963773
31/8/2011,-0.08444013,-0.013927684,-0.04573758,-0.029657545,-0.068561873,-0.101048161,-0.065991317,-0.019082758,0.016643087,-0.086096342
30/9/2011,-0.196841512,-0.05446589,-0.061637405,-0.04517055,-0.095419477,-0.131600148,-0.03414373,-0.02661274,-0.007287081,-0.110661673
31/10/2011,0.19488764,0.076570248,0.103732053,0.057166858,0.147726968,0.173357069,0.117908706,0.032035567,0.044451241,0.137879724
30/11/2011,-0.00058771,0.005680728,0.00070255,0.011480072,0.009277218,0.019616642,-0.018824604,0.003744263,0.011542779,-0.037726073
30/12/2011,-0.035589114,0.014617763,0.01453936,0.029521821,0.005834684,-0.012302211,-0.013176089,0.036741406,0.032351451,0.023410256
31/1/2012,0.11095122,0.010927626,0.049511139,0.037852166,0.076446757,0.019309116,0.08349389,-0.015475684,-0.032669658,0.070879162
29/2/2012,-0.000768403,0.045452008,0.040943509,0.015768903,0.030237581,0.062898122,0.072682733,0.039100876,0.007126637,0.04950634
30/3/2012,-0.009381729,0.030289009,0.04344006,0.042857959,0.017518733,-0.033196565,0.050798141,0.01206414,0.012617237,0.066119756
30/4/2012,-0.005966243,-0.001675476,0.012336734,-0.001716926,-0.007710981,-0.011658175,-0.025726736,0.04525242,0.016605472,-0.013047842
31/5/2012,-0.104199206,-0.034707684,-0.039808886,-0.03463544,-0.067018893,-0.106437927,-0.079659846,0.016731017,-0.00104856,-0.082690678
29/6/2012,0.038906048,0.012779839,0.036120792,0.059171373,0.03402155,0.054018717,0.026071016,0.056153305,0.039233981,0.049195094
31/7/2012,-0.014936466,0.019662325,0.003208119,0.01007444,0.002557163,0.0419795,0.002398168,0.061790458,0.028191143,0.002025227
31/8/2012,0.033538589,0.01074373,0.033819796,0.016936241,0.020638936,0.024749373,0.054128737,-0.022105164,-0.038289419,0.027790593
28/9/2012,0.034310609,0.013411409,0.030613775,0.041618034,0.019700945,0.033302762,0.008658451,0.042099525,0.014323005,0.029689637
31/10/2012,-0.009494103,-0.003033127,-0.013442474,-0.012426412,-0.001511314,-0.023491588,-0.073465714,-0.041167964,0.012397619,0.013762896
30/11/2012,0.000965406,0.029505745,0.023932443,0.008450609,0.020392718,-0.012260645,0.00846336,-0.009979784,-0.037953139,-0.002682447
31/12/2012,0.040255356,-0.00983953,0.001602622,-0.002670115,0.026439754,0.009130693,0.001637528,-0.004797096,0.000482504,0.039523663
31/1/2013,0.02803532,0.05972389,0.062761807,0.075468521,0.059075108,0.082050762,0.012622013,0.031885096,0.050408782,0.060497729
28/2/2013,-0.026476272,0.028446458,0.008745813,0.012838377,0.02594457,0.003586377,0.002564163,0.021052299,0.024158814,0.014694653
29/3/2013,0.017777974,0.043340575,0.052137311,0.06527956,0.029098817,0.021590655,0.023492079,0.03187017,0.05460678,0.040820822
30/4/2013,-0.004616085,0.030968196,0.024976092,0.032896073,-0.005815883,-0.009032788,0.00525232,0.072436416,0.056374236,0.024565302
31/5/2013,0.029305465,-0.003754747,0.023061253,0.016465068,0.044726302,0.025041244,0.043226074,-0.066398503,-0.081131316,0.044871685
28/6/2013,-0.061066926,0.000271246,0.004088767,-0.007960969,-0.017689591,-0.020680106,-0.037607007,0.015049967,0.013054449,-0.011975752
31/7/2013,0.058753295,0.042160249,0.057388092,0.07670981,0.060580643,0.052130961,0.04886576,0.004097273,0.043269726,0.048683706
30/8/2013,-0.000617061,-0.031525609,-0.035032212,-0.034483651,-0.021918427,-0.016021502,-0.003901554,-0.037341475,-0.052347033,-0.048490437
30/9/2013,0.046627491,0.025028988,0.054493123,0.032485459,0.056601594,0.023838241,0.027670196,0.000274457,0.01367952,0.032047319
31/10/2013,0.044651939,0.048918442,0.050720356,0.036175073,0.043105468,0.042902432,0.044732937,0.083564525,0.039026394,0.035763434
29/11/2013,0.013280626,0.017899887,0.035711895,0.047889865,0.03361332,0.004676041,0.036011731,-0.023718418,-0.020678067,0.036810679
31/12/2013,0.047967714,0.011680341,0.022392305,0.007961555,0.042964336,0.02919877,0.041812568,0.009885011,0.012596136,0.024513425
31/1/2014,-0.047862684,-0.053563902,-0.047647951,0.015287365,-0.042458333,-0.062315255,-0.017155842,-0.034701216,0.027729601,-0.033285754
28/2/2014,0.066524142,0.04225086,0.064159762,0.061361805,0.041570573,0.054926416,0.047867216,-0.00676994,0.03299453,0.033564198
31/3/2014,0.010311512,0.014798798,-0.021860651,-0.017191283,0.001963542,0.02498579,0.002574074,0.046760127,0.03235377,0.024624448
30/4/2014,0.008311586,0.017415379,-0.012514032,-0.007189411,0.005642808,0.04990216,-0.001091173,0.011573021,0.03974317,-0.015983442
30/5/2014,0.027104643,0.021932685,0.027838421,0.027014528,0.016930179,0.014208533,0.038370449,0.039859452,-0.006315274,0.015162138
30/6/2014,0.020003452,0.008921012,0.014893296,0.026907997,0.011144181,0.052861044,0.030967662,-0.010299246,0.04469913,0.023324412
31/7/2014,-0.023536777,-0.037509122,-0.010588104,-0.002021369,-0.040832785,-0.035190865,0.010041073,0.031902109,-0.0696146,-0.015663887
29/8/2014,0.039474596,0.052921553,0.041266146,0.053004973,0.042879363,0.025510129,0.043339106,-0.012361038,0.05234559,0.039882866
30/9/2014,-0.026789584,-0.013825548,-0.019112185,0.000254432,-0.021794338,-0.077212053,-0.009324882,0.004582853,-0.02595525,-0.0117862
31/10/2014,-0.02509464,0.034841552,0.026555396,0.056876571,0.036785209,-0.03655403,0.009149822,0.009283961,0.084888323,0.04070115
28/11/2014,0.006588888,0.048921033,0.063208786,0.032260549,0.025079824,-0.092566857,0.051316486,0.012476211,0.010635872,0.023535069
31/12/2014,-0.015849465,-0.015886541,0.016897771,-0.011042304,-0.001460477,-7.97E-05,-0.018487265,-0.063309315,0.035536431,0.016221013
30/1/2015,-0.03086146,-0.021565768,-0.020039748,0.016408902,-0.033860133,-0.04715319,-0.038152104,-0.006912121,0.021881906,-0.0545639
27/2/2015,0.078384363,0.052581941,0.071218523,0.043894971,0.069651541,0.046522648,0.083291648,0.0675816,-0.060660981,0.053026907
31/3/2015,-0.045363519,-0.017909094,0.001525096,0.011190017,-0.017021117,-0.018129839,-0.0321494,-0.037724441,-0.007587918,-0.003121493
30/4/2015,0.033137189,-0.001802167,-0.010375862,-0.016506988,-0.004255699,0.070042499,0.022963513,0.056114086,-0.005979513,-0.001876173
29/5/2015,-0.002632711,0.012716933,0.010346694,0.04957459,0.009008433,-0.049629867,0.02315144,-0.015753531,0.004470522,0.018369199
30/6/2015,-0.040647321,-0.009927687,-0.003917738,0.000238422,-0.023537468,-0.035656171,-0.044530298,-0.021262057,-0.061441545,-0.003869802
31/7/2015,-0.066413696,0.034031826,0.050487689,0.028016379,0.000584438,-0.082044757,0.022094478,8.06E-05,0.057775453,0.033634493
31/8/2015,-0.059984975,-0.048192247,-0.067223432,-0.078495835,-0.054489759,-0.04037969,-0.057871982,-0.0294552,-0.034743053,-0.065488039
30/9/2015,-0.07881309,0.001440757,-0.014990422,-0.064522506,-0.027689309,-0.072926153,-0.012605383,-0.039976761,0.029214903,-0.024805525
30/10/2015,0.135319111,0.066864581,0.075011198,0.071576096,0.090784588,0.115538343,0.10362754,0.071582951,0.017386399,0.062037904
30/11/2015,0.009797006,-0.007192089,-0.009065133,-0.000717167,0.0145359,-0.003684173,0.009808598,-0.018851688,-0.019486343,0.018687888
31/12/2015,-0.041951257,0.003503514,-0.009794169,0.013932,-0.030990048,-0.105356726,-0.025855452,0.017980485,0.019324796,-0.022708749
29/1/2016,-0.104609714,-0.018079472,-0.05241735,-0.085265831,-0.057708259,-0.035382554,-0.055485259,0.060770059,0.049060236,-0.081924094
29/2/2016,0.071071501,0.006192154,0.007323125,-0.003249956,0.029468478,-0.02202472,-0.012193361,0.023859685,0.018585048,-0.024722933
31/3/2016,0.086904184,0.058082895,0.059743275,0.030587094,0.079183463,0.097702187,0.092124283,0.062771153,0.082389226,0.074744927
29/4/2016,0.060525395,-0.004233718,-0.009522152,0.030018267,0.014991636,0.090793456,-0.0568775,-0.018894772,-0.020609395,0.027893333
31/5/2016,-0.010791301,0.004581949,0.004134923,0.02320139,0.007496623,-0.011319313,0.057997524,0.001640553,0.015728298,0.022557464
30/6/2016,-0.007223292,0.031526719,-0.005847411,0.006289758,0.008609239,0.029944077,-0.024204667,0.091649259,0.075651224,-0.028072713
29/7/2016,0.057180702,0.014290694,0.039174062,0.052285319,0.03352112,-0.020228047,0.085244499,0.01526452,-0.008595233,0.038541857
31/8/2016,-0.001270581,-0.002749141,-0.012296716,-0.03293931,0.00965112,0.012977853,0.021808125,-0.053886188,-0.055130046,0.032989406
30/9/2016,-0.009011397,-0.016766762,0.000988721,-0.000497308,0.001367222,0.032307478,0.024283412,-0.008353141,0.00481297,-0.018577546
31/10/2016,-0.018525452,-0.016171508,-0.022163764,-0.06544169,-0.023141017,-0.034321944,-0.003227368,-0.0593526,0.007941176,0.002900743
30/11/2016,0.083075973,-0.028915442,0.050630302,0.0234348,0.078605646,0.090690481,0.003089418,0.034922099,-0.04802201,0.088414521
30/12/2016,-0.003975243,0.027219084,0.004002786,0.006288103,0.005504547,0.017244692,0.013765416,0.079563841,0.047247887,0.038657218
31/1/2017,0.044777879,0.028620113,0.031689418,0.024922683,0.019243055,-0.033149271,0.048032212,-0.018810548,0.012739031,0.005958889
28/2/2017,0.019084154,0.042960729,0.023261981,0.064667416,0.033512369,-0.023486624,0.050096839,-0.002147348,0.050108723,0.048519102
31/3/2017,0.010201661,0.005849121,0.01308823,-0.005352527,-0.00286509,-0.010620767,0.025351247,-0.010582363,-0.000655282,-0.022349148
28/4/2017,0.003491467,0.003091935,0.027291,0.019210682,0.02144505,-0.032897524,0.0230256,-0.029620162,0.007370202,-0.002449291
31/5/2017,-0.010359946,0.028552307,0.013741028,0.002533368,0.014506442,-0.037371455,0.043641399,-0.010975807,0.040890451,-0.006834464
30/6/2017,0.016475114,-0.00116391,-0.017371164,0.048871043,0.01231557,-0.004581321,-0.028167618,-0.032218121,-0.025351443,0.047635356
31/7/2017,0.024350901,0.001495577,0.017633614,0.006510366,0.012065777,0.024165229,0.036751251,0.060087391,0.02562589,0.019051997
31/8/2017,0.011870874,-0.006990316,-0.020626969,0.0220308,0.005511547,-0.053367823,0.035126067,-0.026553106,0.031216375,-0.009192522
29/9/2017,0.03907045,0.002832417,0.007453461,0.009580403,0.040540275,0.101404859,0.003906539,0.030529172,-0.025988522,0.038042049
31/10/2017,0.037284523,-0.000110401,0.006517989,-0.006621622,0.021118317,-0.007433208,0.077821482,-0.073573812,0.039412549,0.023499483
30/11/2017,0.007913589,0.034632831,0.061011918,0.030819692,0.032016198,0.020339548,0.010221257,0.067924528,0.028342701,0.032359131
29/12/2017,0.023210006,0.020000534,0.025604303,-0.006943019,0.012855313,0.051578877,-0.000449145,0.053439493,-0.059831251,0.01263756
31/1/2018,0.03971299,0.018963172,0.09014224,0.066969856,0.058985335,0.032979481,0.072257896,0.003136503,-0.031844213,0.046384944
28/2/2018,-0.051040358,-0.062975417,-0.042144852,-0.04337116,-0.042854399,-0.106180133,0.004704356,-0.071957442,-0.039792587,-0.031618626
30/3/2018,-0.042529096,-0.012007926,-0.023900603,-0.026791656,-0.024075044,0.020808185,-0.036808303,-0.008493016,0.040334947,-0.021980097
30/4/2018,0.014364294,-0.03929905,0.018041771,0.009914677,-0.023908942,0.094553597,-0.00124791,-0.013780735,0.024352106,2.76E-05
31/5/2018,0.023798151,0.003492265,0.012346742,0.010634227,0.035780043,0.034695902,0.075089398,-0.026104225,-0.004817197,0.005680408
29/6/2018,-0.002579724,0.041473727,0.035019515,0.016733781,-0.01679446,0.00698379,-0.009189192,0.025133283,0.02469291,-0.004798333
31/7/2018,0.034077152,0.016357829,0.025157561,0.065260519,0.055030853,0.012493838,0.023183851,0.022432057,0.017999779,0.039490118
31/8/2018,-0.008461385,-0.009827008,0.058425902,0.046202357,0.018441155,-0.03047982,0.073994225,0.02932352,0.011040401,0.022122486
28/9/2018,-0.025627608,0.006649897,0.010742846,0.02620671,0.016190197,0.026727967,-0.007205076,0.019538633,-0.003957847,-0.019534626
31/10/2018,-0.099478098,-0.018563952,-0.082162773,-0.07192821,-0.106500589,-0.116609323,-0.083939117,-0.001049787,0.012507181,-0.050470767
30/11/2018,0.02380916,0.011610144,0.025942136,0.066308594,0.03068384,-0.024151361,-0.019917579,0.03666935,0.038322872,0.032170611
31/12/2018,-0.069945633,-0.090982309,-0.090963651,-0.089351254,-0.102469832,-0.131678829,-0.080981085,-0.076373911,-0.041405298,-0.101194545
31/1/2019,0.059692624,0.073286885,0.089637837,0.056035801,0.111108896,0.115067876,0.090800797,0.031805338,0.036483694,0.092892456
28/2/2019,0.034461856,0.021247455,0.015351934,0.013581449,0.066145207,0.021509613,0.053408812,0.033450266,0.039037972,0.028716897
29/3/2019,-0.001889833,0.029494975,0.0248474,0.004836532,0.001985596,0.023469953,0.041455272,0.019140223,0.028815298,-0.006133167
30/4/2019,0.029046983,0.033512674,0.064849697,-0.028750299,0.043311054,-0.00128526,0.067681331,-0.007134108,0.009443265,0.066457085
31/5/2019,-0.097432606,-0.066405946,-0.06013611,-0.025743193,-0.067533199,-0.11401285,-0.095139698,-0.028330267,-0.009620388,-0.049953389
28/6/2019,0.126566475,0.062732914,0.068631231,0.068878404,0.076990135,0.089936111,0.079043321,0.069271205,0.033140701,0.055364515
31/7/2019,-0.012849287,0.022780074,0.006953008,-0.013452657,0.009320479,-0.021452906,0.045128929,0.009498813,-0.003102947,0.023939155
30/8/2019,-0.044023191,-0.007758863,-0.009380374,-0.007925254,-0.02096997,-0.085358236,-0.028453693,0.037823449,0.048396331,-0.02313406
30/9/2019,0.035719594,0.032152687,-0.004629386,-0.00611543,0.019237476,0.040023286,0.017583725,0.052689134,0.041008837,0.029627521
31/10/2019,-8.61E-05,0.004701739,0.011607473,0.048915827,0.009978277,-0.022809964,0.040010411,0.023212768,-0.008355589,0.019120972
29/11/2019,0.034691622,0.017189347,0.026677551,0.057277548,0.045892521,0.014584871,0.055325647,-0.019178942,-0.020257012,0.035010574
31/12/2019,0.034457885,0.038967373,0.014992685,0.03337873,0.003811619,0.064037002,0.042413745,0.030638939,0.032800565,0.021327453
31/1/2020,-0.074518586,0.00927085,0.002889069,-0.026008927,-0.004465023,-0.112631504,0.040417661,-0.022989975,0.061407428,-0.00674176
28/2/2020,-0.085227849,-0.082058835,-0.076449121,-0.063437621,-0.087854187,-0.148074468,-0.067082426,-0.060201106,-0.101281581,-0.099319728
31/3/2020,-0.160613308,-0.117261588,-0.123875123,-0.042300324,-0.179211292,-0.356680075,-0.090951705,-0.094226677,-0.09955157,-0.204940168
30/4/2020,0.174645708,0.103010533,0.170373631,0.132820853,0.110740823,0.3079457,0.150155817,0.070765177,0.032602922,0.098585121
29/5/2020,0.076950263,0.04560238,0.046803962,0.040362224,0.07150044,0.017806154,0.074520722,0.014722769,0.041937282,0.0342702
30/6/2020,0.024508488,0.027621331,0.02908472,-0.0210316,0.023213123,-0.007990796,0.06700328,-0.027320858,-0.047573005,0.003269561
31/7/2020,0.074940668,0.086545214,0.084659488,0.053256624,0.05054856,-0.045264613,0.063708183,0.026384676,0.072985291,0.03289633
31/8/2020,0.043330444,0.110837896,0.088967951,0.0228746,0.068955748,-0.006373561,0.11973979,0.029066472,-0.025444883,0.043711857
30/9/2020,-0.009087722,-0.024249152,-0.035907462,-0.01611533,-0.009246921,-0.145807165,-0.060889094,-0.019099135,0.005060729,-0.036465711
30/10/2020,-0.014922636,-0.031376581,-0.030203599,-0.033675686,-0.016541208,-0.035625355,-0.022257463,-0.03437005,0.047762912,-0.023055272
30/11/2020,0.137495345,0.128241596,0.109174108,0.082824572,0.157895532,0.273797422,0.105840532,0.081424567,0.017065181,0.145954526
31/12/2020,0.031674578,0.067563076,0.03540978,0.037232379,0.025423508,0.044419262,0.046903994,-0.010676703,0.008206206,0.054959045
29/1/2021,-0.019992067,-0.006561942,-0.021380896,0.022187851,-0.039989818,0.038923528,0.007692015,-0.03140528,-0.011314836,-0.024575544
26/2/2021,0.042372587,-0.022606988,0.028860912,-0.018882975,0.067368882,0.217039554,0.013998454,-0.013045569,-0.056186514,0.09485757
31/3/2021,0.087524269,0.054052419,0.030526442,0.026504457,0.063632242,0.029539027,0.012482286,0.064161134,0.105092147,0.051119323
30/4/2021,0.043652575,0.029445867,0.056628452,0.043926346,0.044650104,0.007712897,0.064826312,0.03214974,0.039929509,0.072473175
31/5/2021,0.061161452,-0.002241452,-0.02641792,0.012502472,0.015571901,0.059017463,-0.005529901,-0.025879917,-0.023742419,0.027701076
30/6/2021,-0.057848195,0.015574531,0.022008253,0.028220313,-0.005454105,0.04822617,0.075540693,-0.008710339,-0.019633101,-0.013145949
30/7/2021,0.020033242,0.013982051,-0.000513565,0.046018285,0.014343661,-0.081698832,0.040120496,-0.000842315,0.03870132,0.014502123
31/8/2021,0.001198133,0.001552037,0.025828771,0.025161614,0.017468726,-0.016262114,0.050214385,-0.023049068,0.03696327,0.030397167
30/9/2021,-0.067091734,-0.030158214,-0.032074339,-0.054619668,-0.066133694,0.091832112,-0.065046687,-0.025652089,-0.061073524,-0.026741275
29/10/2021,0.079089958,0.125311463,0.032972131,0.04677881,0.054396068,0.10598387,0.089626019,-0.035123385,0.049878828,0.064184029
30/11/2021,-0.009614562,-0.009298793,-0.01364716,-0.035748177,-0.038450019,-0.049679163,0.029679481,-0.06700461,-0.016228409,-0.049094302
31/12/2021,0.082656373,0.039162921,0.015482289,0.079801446,0.053375241,0.023030278,0.01642847,0.052140861,0.095202834,0.052625223
31/1/2022,-0.069011086,-0.050774958,-0.09199486,-0.075762603,-0.066562727,0.173890241,-0.082011699,0.027307308,-0.031224034,-0.014276701
28/2/2022,0.020377445,-0.037579317,-0.018628615,-0.010388824,-0.034206101,0.073016328,-0.048704575,-0.004530222,-0.019424007,-0.023427271
31/3/2022,0.084326101,0.031513936,0.01863868,0.051431768,0.031588991,0.094223563,0.031306024,-0.018452715,0.098829482,0.011386861
