date,HSCIIT,HSCIH,HSCIEN,HSCICD,HSCIPC,HSCIFN,HSCIMT,HSCICS,HSCIUT,HSCITC,HSCIIN
2000-04-28,-0.26016913231506156,-0.2089150758207784,-0.005205881349571895,-0.15207805164572707,-0.13236194373514376,-0.030893733002743562,0.03500730512504657,-0.06582941650350249,0.0030192036000209477,-0.16238112923983172,0.09541217243040867
2000-05-31,-0.10666837609577084,-0.1796261617019297,0.21685573586096218,0.0073652630560239185,-0.19611494968885268,-0.03286975375561407,-0.05789255168977836,0.03187892632781275,0.035072800972418605,0.013575383853903444,-0.09019350745479526
2000-06-30,-0.018616687297059564,0.012117774942104864,0.046916920302108034,0.13988259266937342,0.16888066546478164,0.062093659323977146,0.1053429462884945,-0.004261630931692184,0.012186885741646059,0.12370095682827476,0.2383903375623544
2000-07-31,0.06598087020898369,-0.01094539443577991,0.11323111379102424,-0.05489314135150236,0.08321946071732977,0.14036293897342178,0.14745767216862027,0.2304793454577796,-0.004590993287788558,-0.046264231230619624,0.026387215208406145
2000-08-31,-0.058861608769650964,0.11753458288088403,0.03584071652416121,-0.045282381267512384,0.1454773681055157,0.0725380380459788,0.023932843496066614,0.12355789644860815,0.021525116804898214,-0.05659159408595771,-0.1081350948033708
2000-09-29,-0.15047670239467215,-0.1563253839166896,-0.14226820488638425,-0.1399945923358651,-0.04617741504609563,-0.016986928201259355,-0.18168039091484922,-0.07636764215156122,-0.00871655999490717,-0.17862569303991704,-0.013069885131006376
2000-10-31,-0.12670044773318312,-0.13805570299746628,-0.02483194077783535,-0.062033406121025814,-0.1041708344526816,0.0019562796577012875,-0.14655129516490206,0.0669202911167599,0.03730690760711153,-0.09224050276249862,-0.08088724153979121
2000-11-30,-0.1463534439355053,-0.023929310064369158,-0.14223038408511157,-0.10891849396048403,-0.03287861773263234,-0.026788753829825596,-0.03673255203778192,-0.03785647260413694,0.009791362075616261,-0.18000796226695182,-0.04624983046249842
2000-12-29,-0.07199165647701933,-0.03042621701892123,-0.05283330730386804,6.839290355165062e-06,0.20141843971631213,0.11390607879751236,0.024251962149183903,0.029453294944260966,0.10120875130283857,0.01215417784434103,-0.16107792946530142
2001-01-31,0.3421613535780996,-0.03635950669424992,-0.031734144950636534,0.10439421399993143,0.04762636940226783,0.04004802807795316,0.0018713680685511491,0.01348150772107748,-0.04132815410904633,0.12861893186123474,0.12833160996502424
2001-02-28,-0.08080638920810546,0.010721247563352687,0.11265556927356069,-0.09427232023978349,0.02492949920850407,-0.12165870379908694,0.22814261371084021,0.14196707986181667,0.08328903224077155,-0.12160439132971712,-0.04481423799770645
2001-03-30,-0.1701534170153417,-0.10751224308431184,-0.01581521704472255,-0.16321381686905156,-0.14783618194278225,-0.10975517281472913,0.0029190458402261754,0.11174776942213183,-0.03386105051321475,-0.2219898637012252,-0.060264650679976106
2001-04-30,0.14072980543568758,-0.010176338071933522,0.13264995367100574,0.08500224700739478,-0.003168754163490939,0.07815924861727863,0.1531364233759187,-0.04241308662526422,-0.04003756189175356,0.12075598983861946,0.16313801625689672
2001-05-31,-0.05793109856051604,0.04273626232502403,0.04552553445879082,-0.004473295779739206,0.011535289194998244,-0.021488839497329826,0.2145332392013546,0.006983562385710629,0.0030902623388171513,0.010561956266165184,-0.043666572337149656
2001-06-29,-0.12668545262416342,-0.09508593792763698,-0.034093707081926605,0.03960088960164598,-0.013927327917150345,-0.04829750357938689,-0.05480794802629074,-0.01705398047938378,0.05061725658813354,0.06999664954210405,-0.1765829927025604
2001-07-31,-0.06885703453338399,-0.13906468564515506,0.0028153854868862016,-0.12148091014269191,-0.04205221065338771,-0.02073942526850403,-0.17804601582095314,-0.10355879939071133,-0.028209304091741272,-0.12843462150666707,0.03519372384682384
2001-08-31,-0.09657717597525795,-0.09088114664113889,-0.06386596394900212,-0.22802193251279668,-0.04326183935277361,0.013901562842918658,-0.16373985886771425,-0.018664687421115822,0.0024096071689068133,-0.28362424278714204,-0.15702980200641337
2001-09-28,-0.21564396881562664,-0.08536927015408402,-0.01751739369180727,-0.05566284708810776,-0.2011432936868588,-0.09786788035522032,-0.09433002350794706,0.006595845155048297,-0.011967100219591797,-0.0072022623740998215,-0.21078126854055712
2001-10-31,0.13613301546549295,0.11071209784744074,0.009501406478399144,0.019712325031812528,0.02923330585325634,0.025421160306114743,0.1945827280064567,0.04793943208040119,-0.005834648430650513,-0.05075351500014025,-0.022941743537132187
2001-11-30,0.09322070375551483,0.14418980600988984,-0.058729048155021,0.13079520005348133,0.13849863031254483,0.10269830909247646,0.09872926474642063,0.12688441296578024,-0.0017637539739582264,0.16783692294047214,0.2627834351663272
2001-12-31,0.0958235311487996,-0.038911928725181344,0.0016094420600858417,0.014947285446841985,0.07584935660665426,-0.02368268221313863,-0.052853987416185855,0.010483954317606292,-0.009885639319931472,-0.012024859815450095,-0.05712299112582975
2002-01-31,-0.048595142282264914,0.17306145744156476,0.08036860887578179,-0.08173230945469723,-0.04164977308099771,-0.04111876912517509,0.11487900775451498,-0.0485453650491271,0.008989475844408235,-0.16241528192382093,0.08116347491580322
2002-02-28,-0.05685530315904763,-0.04874902325032793,0.03557028940059137,0.02558464075781286,-0.08704255914404058,-0.0025052789807094022,0.0371579913440887,0.015254943327264181,0.060818160112483755,-0.0024779735682819437,0.026875180187465153
2002-03-29,0.0502722831745015,-0.07676629908323729,0.12222991290303975,0.05988165924459832,0.04847039830185418,0.03613074521904491,0.03629838249628303,0.10214913224029254,0.00506416695495604,0.05889839604992786,0.17426644297599903
2002-04-30,-0.0272307897596219,0.06105678432030892,0.03247824589717374,0.05532159078751553,0.10566161479348146,0.02971697024262987,-0.01951817882344775,0.09266976096263435,-0.012117643155729607,0.043501556730142665,0.07420517366051649
2002-05-31,-0.019811681249448876,0.13958658006945712,0.025094583831142936,-0.019952997557716068,-0.05315280464216643,0.012554857440714606,0.049097057978382486,0.08776133182031742,0.04523243805989563,-0.03459664996738787,-0.07117458973231483
2002-06-28,-0.1103069802776917,-0.10542574312410613,0.004351183220749677,-0.0715629114162123,-0.05568039439995642,-0.05317258672511993,-0.009582362385224585,0.05520922267071482,-0.019824168939189923,-0.07815599574504783,-0.12048650481010892
2002-07-31,-0.045087861219720415,-0.2653821381734658,-0.019858135453081793,-0.07098146460042531,-0.047180899775741136,-0.011131183097438768,-0.07360968698545323,-0.07540855677185698,-0.014140371148889885,-0.0725256904052769,-0.09533967291986467
2002-08-30,-0.021178713040204244,-0.011239278320023693,0.007335602584973566,-0.02147794422276017,-0.09900405642671184,-0.007206749159015535,-0.1218861373406327,-0.08437044497202573,0.02357004513678196,-0.005884528733313132,-0.014529588058999843
2002-09-30,-0.07439506677405006,-0.07109738900047002,0.0008031459815764919,-0.11744585078884029,-0.10506996824970172,-0.0806476585203183,-0.16414483490849752,0.05821676690389954,0.03745436974414562,-0.16863414964145584,-0.060935613232159125
2002-10-31,0.018648866263214048,0.052180013571173856,-0.08475198301045694,0.041660880433273206,0.046646956684968766,0.05167600479321188,0.056334591053293526,-0.07063727454909818,-0.03309236507669355,0.05445816465610198,0.04425993983315202
2002-11-29,0.04385629414314485,-0.04773407953129438,-0.007661421827300008,0.08529771788004026,0.09224767968434722,0.060561827509962196,0.05790327931001804,-0.0005491440827568583,-0.008484387270180749,0.11388277964270554,0.08685076657621305
2002-12-31,-0.07986272258726401,-0.004224107255592968,0.057438256971682256,-0.06909066544573361,-0.09688675062806851,-0.05457734209853893,0.03317076448421252,0.0464957727192965,-0.012749748924252735,-0.10785111800058889,-0.03873133545476792
2003-01-31,0.07199458447815865,0.2124240642759161,0.02776801226887593,0.06182673160432817,-0.012381705620857941,-0.02372879273701156,0.10653876378614191,0.09213933466378577,-0.004329612981395448,0.0010289264220539884,0.05138708011087911
2003-02-28,-0.022559835568267683,0.08278268475646278,0.05243928435100309,0.02617605856568317,-0.01539042148767944,0.01500613458332034,0.03758577284949527,-0.0378902858005814,0.007513207296408142,-0.09867540678393416,-0.009556432080824795
2003-03-31,-0.07538541442343016,0.002309326870730377,-0.021827910898411074,-0.06478922858432512,-0.1001991268335094,-0.03781304240019834,-0.03404343700878454,-0.044015581385006164,0.01764330028649752,-0.08165680473372783,-0.018794234571610113
2003-04-30,-0.06606384436224144,-0.021655905877405845,0.00214289497888398,0.005980129020106251,-0.011553366788226382,0.03186445045741526,-0.0730715664475774,-0.11332526968524415,-0.009806979523221182,0.0139409559512651,0.0008615840329251334
2003-05-30,0.1288141063255488,0.1359008569356268,0.07638341630307344,0.11450337015540168,0.0969338953298926,0.08600452031017825,0.17990109762655382,0.16809150221904012,0.04168643942988992,0.12790294627383014,0.12098747865680148
2003-06-30,0.06014373156246333,0.032888202185189286,0.10049374118319321,0.04595709830850159,0.0038137582767179268,-0.0027423091738002503,0.05360446100640748,0.04012122236959614,0.010874431537029716,0.04335177217783226,0.0572458525316375
2003-07-31,0.16675043210708895,0.029108726512295346,0.11795631097499126,0.07053946074002693,0.10928147999656357,0.03855555043121339,0.16985788984872952,0.0566398162895676,0.02090496225762717,0.06984644385971817,0.10950500042020339
2003-08-29,0.07160117671779798,0.09070008899436366,0.11312333767548521,0.09309390970040776,0.17759993115614647,0.06860317953727968,0.07746070413549089,0.017213193576305352,0.021698429128105268,0.00895692234274903,0.14094725907330052
2003-09-30,-0.008078827393499743,-0.017665057455633404,-0.08008631902180463,0.018426222195534248,0.07604334894733378,0.04537403057487621,0.023948267972976778,0.08333569672906038,-0.014227929947930318,0.038620363464372254,-0.0007634709952153429
2003-10-31,0.13814235304583322,0.0488537571294092,0.1249428598764708,0.09510533098609342,0.045018981453184725,0.11711040219432922,0.316798207279968,0.17865269284721652,0.04198121405847366,0.09727817283777629,-0.08446359589593666
2003-11-28,-0.032098100688684905,-0.0075232627202532765,0.044616644616644496,-3.076639079468979e-05,-0.0396872847320604,0.021684592596546537,0.03547785815344451,0.036183626025409366,0.049010613647983536,0.010918145830673076,0.028763217914161254
2003-12-31,0.00878412934832351,0.04048141498769864,0.18549019371336217,0.036705433511784014,0.0338496728045421,0.027158462094397207,0.2669437917946864,0.033846533088254915,0.01360212656372628,0.047574685782858506,-0.022985957504698562
2004-01-30,0.08519967980076482,0.06254553355743298,-0.04207693501247656,0.0786912004748479,0.18816806634680217,0.001864983660200048,-0.06758535425582501,0.10857181362512502,0.028493186189586073,0.0945210641344485,0.04902865806804302
2004-02-27,-0.019146128564286213,0.10402670435750139,0.042217767097279646,0.07017181846945397,0.009717937417364375,0.053823080210012364,0.1800304762992715,0.03779572230352857,0.06883345546665431,0.07855018177812068,-0.0040066072148426946
2004-03-31,-0.07812121364050373,-0.016239833080011534,-0.013686833429300882,-0.12240018510424966,-0.06755636062067605,-0.08448787381217149,-0.04648979810569598,-0.0310832506078631,0.03360095798871998,-0.17991573033707875,-0.07462524494197897
2004-04-30,-0.1148435517203873,-0.1190718794993908,-0.14074374486595953,-0.08954622685727676,-0.07701489742659529,-0.03750591991019281,-0.1977580686684386,-0.1001240002480005,-0.028375648687018473,-0.10722570801351416,-0.14918924685299773
2004-05-31,-0.006697114301513429,-0.02298872251348394,0.12767972294122432,0.03588407056154819,-0.01676175985799422,0.023795964299219596,-0.0157740469469988,0.05283655204249671,-0.02182448357989497,0.06585051096927197,0.04428562472572262
2004-06-30,-0.040144329896907305,-0.13865565142419622,-0.015296927818121753,0.02575750516392561,-0.02034868726466188,-0.0017844905079343887,-0.011613729825794006,-0.042901385546406656,0.009164577109400218,0.050459766353611046,0.03127138689111142
2004-07-30,-0.05154340214379294,-0.029819751850662213,0.10521157646804036,-0.012044362012188281,0.036929050941160835,-0.015803809854979534,0.029510222761179428,0.017098677643004656,0.017327166443440234,-0.03859692844459672,-0.022883521652317107
2004-08-31,0.030303373458502758,-0.04298616404499567,-0.016054596405965182,0.005333169864525145,0.10235415833603079,0.04926891578489645,-0.0318527678241014,-0.061374510729909404,0.02525738788592813,-0.0024301730283196044,-0.004885256058909104
2004-09-30,0.025026653330842086,-0.07416972388491994,0.09280070105905724,0.04754573170731713,0.010934090294051568,0.02275464611798217,0.16425434916373005,0.06550044762757379,0.016306434966276928,0.03931854354110498,-0.005316346568322139
2004-10-29,0.048037743941668376,0.015346246426305887,-0.025287387744501677,-0.025109503921768472,-0.00877113045063116,0.012067568252038807,-0.0558114673857556,-0.0018568869500336094,0.005015661025155049,-0.050425814516759315,0.019988684514637978
2004-11-30,0.07812563945160633,0.11328877211300625,0.10413131582268709,0.0888742937747693,0.12392263669585613,0.05628610155353986,0.10525144071138692,0.03241371298888662,0.03447911220251565,0.11417193259610325,-0.0066562417018264375
2004-12-31,-0.06929471606437898,0.04853936039360396,-0.05044167423429369,0.0346550601459954,0.016799333343558098,-0.00018162363634210976,-0.029732410226307016,-0.038368964336382705,0.005525646267775075,0.030839216613003373,-0.004217729910833579
2005-01-31,-0.03265901258233572,-0.04629235890141803,-0.002842315048887767,-0.05884028592059676,-0.0635178416101444,-0.0300918155790304,-0.011585973459026011,0.09347279383958984,-0.016370064554023678,-0.05496174456256986,0.014060980629612141
2005-02-28,0.07136005734102091,-0.008925276752767441,0.117660735564036,0.1140502150363556,0.03486599089425302,0.032018892123531595,0.15125899136668775,0.01693800769824838,0.02219478934902752,0.045650262288122745,0.018619399472891596
2005-03-31,0.01840792593539997,-0.004987627890380875,-0.06907325581627932,-0.01574504650222408,-0.04985214007782102,-0.062346874765750515,-0.06846242324626173,-0.08230803484286542,-0.03711775675736395,-0.030738447708390737,-0.012463254191476647
2005-04-29,-0.03874913053559004,-0.039945118338582386,-0.012032634222960414,0.02651816664526896,0.041246908119973114,0.008326811575908977,-0.03938903903651858,-0.001771437972251877,0.02436413487341027,0.03860940328202367,-0.016579819990525935
2005-05-31,-0.0006432096159837419,-0.008509809016500003,0.00927575190136598,0.01724709369586841,-0.019208684024227263,-0.00797429531181526,-0.04008380240805709,0.06579102887440591,-0.01075192273194503,0.03841278986029106,-0.006571279050405554
2005-06-30,0.034614881784446494,-0.0009663893074756125,0.09283808768580326,0.03025776269602698,0.03656593524102836,0.010692622847384037,0.04787439545124461,-0.0102479436948828,0.010926350754280945,0.0267972315075522,-0.02152037401751561
2005-07-29,0.004694835680751019,0.021207351663305785,0.14804722083648003,0.056184401310332754,0.08571163299307272,0.02226189881636098,-0.016170409906475225,0.006678607781714474,0.023464393402294226,0.07619986761944664,-0.007665671495692972
2005-08-31,0.03749927439484546,0.006357717964567078,-0.008130793447961415,0.024626144728739696,-0.010214359013340446,-0.013451399491094085,-0.052514578117519695,0.009920096818138324,-0.007219282578577513,0.053294841220032474,-0.03834084449732744
2005-09-30,0.10172699975754851,0.157420332628724,0.034954294134861286,0.055026851780377806,0.023687469400685446,0.0068297836341053575,0.09120051024739961,-0.0017431797896696466,0.036936156857470204,0.10299585299585301,0.025169248128013022
2005-10-31,-0.05530398571271378,-0.04452101998621638,-0.104076910335412,-0.09634379605531351,-0.08347048149554792,-0.04258205725153308,-0.09452807129410334,-0.06880090561061858,-0.04038752567290027,-0.09148759169826814,-0.07910699768619844
2005-11-30,0.11205683925707577,0.11176428159261387,0.03465315101647515,0.06743931849332907,0.04047659243570645,0.030275657463814554,0.11404786506068532,0.11821706720814351,0.0364494008645575,0.09147233354342332,0.10179274752139089
2005-12-30,0.09819529487592638,0.05189606513770406,0.03762404473371661,-0.007818087250503925,0.01887571724283732,0.010001703655379446,0.06633066753958716,0.06354653394081389,-0.003529526842336983,-0.024699563099920496,-0.010582434514637917
2006-01-31,0.0741629251401239,0.05523825971110319,0.2209212721285696,0.054251374713999434,0.08525639169586241,0.055865485094583445,0.19268463515799916,0.19989188506118327,0.013644581023561697,0.04258456588766246,0.06593659870556223
2006-02-28,-0.016548624818156332,0.15016657899351205,0.012641726102108342,0.01648676086686285,0.01562548635104455,0.03363790449843185,0.066521503738044,-0.0033221425069246413,0.01933862910666795,0.0010500600034288876,0.03040007480218332
2006-03-31,0.06387071683542378,0.16577735768515423,-0.010953141377830655,0.03379924279097257,0.0514310232352464,-0.01264710982441064,0.054899360880564574,0.049815082244373254,0.02024373766269405,0.04987904865883164,-0.02787545372050826
2006-04-28,0.08082067484382227,0.02806838590434335,0.06519623881531222,0.069804810725552,0.041586508432229774,-0.0007712190223844173,0.08228127703550214,0.011900568019781677,0.00126227680592228,0.08500703464306825,-0.06053499022782294
2006-05-31,0.06803686613678628,-0.04593309956199676,-0.05079453686627022,-0.0729259774605836,-0.07120897748034072,0.009536873235238996,-0.09292782039834535,-0.07831012378426161,-0.05451689654370673,-0.09065624295271746,-0.10497488030106372
2006-06-30,-0.11493069889220009,-0.015652637660548363,0.022426508865083683,0.05008597811285487,-0.009323146454320419,0.018704322583331212,-0.0076366650996904095,0.03419410152947733,0.01659890488212734,0.08226213110688585,-0.011156981786643483
2006-07-31,0.03163954431900229,-0.042273170555515494,0.04288529336485447,0.05889479961380473,0.025382452999882732,0.011610237814823288,-0.015327433771639143,-0.02887898699187552,0.015360301884358218,0.09915311685459782,0.008153413277012467
2006-08-31,0.10958412039760934,0.12992810842663527,0.01791069984205751,0.026567025422819857,0.04438964241676935,0.009791247374065337,0.02328803923234868,0.030888754635521876,0.0385464479138542,0.03185316446899811,-0.01477599370819671
2006-09-29,0.0855497072432867,0.09568351927104612,-0.03976304208336301,0.01793364681295695,0.008942010816425094,0.015450081833060514,0.06076403073696102,0.12590670874714083,0.01509914869755824,0.05014774095244512,0.10408601542852303
2006-10-31,0.03834723321987199,0.09864442921331218,0.031440258109804775,0.02434997583394294,0.014673416947816875,0.02928387739167171,0.0797617048357302,0.05881584469662671,0.03478597111463766,0.12668943292770907,-0.07031160023034111
2006-11-30,-0.03446500019807475,-0.019977402383147602,0.09520325628877302,0.08254973026238854,0.07443427257955837,0.06400022270629924,0.21189133310022945,0.06849034258772613,0.01969581527620723,0.04937744574884384,-0.01634537959133109
2006-12-29,0.07711401961186559,0.0354396984036045,0.11516119125096647,0.05283072721802662,0.0640362654548674,0.10614325987846929,0.020498474893396956,0.11821940315199608,0.07461777338869902,0.07238456844531838,-0.02003134489176206
2007-01-31,-0.012541662698790423,0.12156101959471677,-0.09355442964182226,0.05080616502844748,0.01712118638486082,-0.03899225654231997,0.013651183285361634,0.11628761698771384,0.010301333947456914,0.031037011747151677,0.10842263838415556
2007-02-28,-0.09044969284329707,0.007266105111854104,-0.03931710223605156,0.01967039365192269,-0.019235750412389452,-0.04402629886811493,0.11806238986717354,0.04346888648673852,-0.015270337801702394,-0.004758546680974973,0.004077320948927099
2007-03-30,0.06935343639332436,0.051535856814608705,0.05562084594189831,0.009077885177574352,0.047698145728503505,0.012651139439307624,0.030910322686147795,-0.039575712730014256,0.01142502287007785,0.00048675592579128235,-0.0430646258066999
2007-04-30,0.023737048237568947,0.08205148847345933,-0.007865405621544141,0.02704964692807099,0.03160925258877456,0.04600291113413468,0.04536537359624204,0.05703115289931082,0.04859488127461975,0.001976868787643582,0.01874384087846681
2007-05-31,0.07188447345737004,0.07744510341602373,0.1528999130496087,0.03518889369100675,0.04996077473121052,-0.00712182761166591,0.07575565200291723,0.10001842821111584,0.009427230677534926,0.025574834510353472,-0.02621656302438069
2007-06-29,-0.019503754371063775,0.03338183432390451,0.13812147939179775,0.02742428443492595,0.0358736292843953,0.05431399850054319,0.0898528049674816,-6.313494375365103e-05,0.023298072285148574,0.11775740141435942,0.031341861455186804
2007-07-31,0.07114387743347539,-0.04889672717206095,0.0600415506263936,0.05951708863508043,0.13003210377263663,0.08406427232145441,0.21887003761962887,0.011291866267995498,0.052605701050407294,0.06588958173600212,0.11351797613665404
2007-08-31,-0.05575032800636648,-0.09642768425516324,0.015442332434220107,0.02261063048028933,-0.017906426170326895,0.026562462349095206,0.06535581224377918,0.09322993614430275,0.021986866943842776,0.12763206873308586,0.08197406204396729
2007-09-28,0.09955581877405972,0.21661617241542097,0.3181119747362606,0.12909690570532062,0.12492941239145505,0.09180320172761847,0.1389267178383018,0.06140244236877068,0.053092414532941445,0.18660754513295652,0.08914208021753911
2007-10-31,0.13488262249438598,0.029108994960192813,0.21382939646129628,0.0814011866727522,0.12412359319096122,0.1611640234390863,-0.015184535777289954,0.0177106323992966,0.03856100605469304,0.2136366883080265,0.05764832772412687
2007-11-30,-0.11425525623099309,0.124791234626773,-0.11396211973889603,-0.09861823331762343,-0.04244419588786308,-0.1363511992807812,-0.12684940735995331,-0.05669489511433923,-0.007406511997375187,-0.09094851485761901,-0.1647931410549972
2007-12-31,-0.024037886875198478,0.035503787004884435,-0.04911727631446139,0.020003953967494326,-0.04946864324194722,-0.04735293767344362,-0.011815531283507763,0.03473195646311056,0.02809518507435671,-0.016826251405595016,0.05560580195131881
2008-01-31,-0.2324640496653081,-0.18571450334581263,-0.20875603111927943,-0.15381496197534383,-0.1634517696012293,-0.1726969489355531,-0.2958888129893331,-0.1347332765933713,-0.09102708373875745,-0.14528371203194101,-0.1933887749473876
2008-02-29,0.017398385614693312,0.08772032394079621,0.13493447022788607,0.045322346828369886,0.004517601493879253,0.07412198512966217,0.2264129540878541,0.012271471045613103,0.04090640841622406,0.04021685799207653,0.03592269748853161
2008-03-31,-0.12191797861581477,-0.1387107385421794,-0.18276226782316107,-0.09302875397518728,-0.09827654582107803,-0.022564324786709555,-0.2506520075015851,-0.03668039010149293,-0.018301778132299273,-0.04073581750353761,-0.19977569853883614
2008-04-30,0.07147080561714714,0.04307267562318695,0.20210032022819613,0.04734036296821409,0.09761073595929415,0.15053042189051857,0.07500803918575216,0.08121100178032425,0.029266177561018125,0.13546758993989783,0.20024506074463222
2008-05-30,0.024493573382998735,0.016156244839741873,0.02993745977558282,-0.0015965277040050907,-0.04697217174991586,-0.02877489028009228,0.03708686410270756,-0.02125180547170369,0.022762794336560255,-0.1027353382220838,0.01862935457827075
2008-06-30,-0.15622387431617346,-0.18727861933830725,-0.07163199809818144,-0.17841301882719895,-0.1732749005845221,-0.08607666029462535,-0.19980552611740543,-0.057627116608045426,-0.06345434627226265,-0.10898604369174081,-0.07825733805833768
2008-07-31,0.029405114973866553,0.03260907362759635,-0.08479945683864576,0.06459896689016165,0.030485070014656168,0.05638166221743646,-0.06932910983374518,-0.04935235117270231,-0.0440005765478092,0.016446794128575082,-0.01259984649933199
2008-08-29,-0.06748533629621978,0.10315680766456858,-0.02583723183479525,-0.08755691494908058,-0.0742939198799123,-0.05762867450846443,-0.16535592484319517,-0.0022493379370452926,0.03471211444675748,-0.15260656827900876,-0.05555515571133485
2008-09-30,-0.25316403084020866,-0.16412108878148046,-0.2710563373346857,-0.22085639515616007,-0.2924189864091904,-0.13189371028577257,-0.32587437498608474,-0.19190092696185646,-0.06300217261754648,-0.13566862429187676,-0.16436779857343176
2008-10-31,-0.19002699167988413,-0.027399386458257347,-0.2798773362513255,-0.2621736579642123,-0.19071911429229194,-0.26503897967837686,-0.34623126583994746,-0.11371526406338217,-0.17634486636069657,-0.10683318701670408,-0.44491359263143493
2008-11-28,-0.19836471073244477,0.08685747901158081,0.018253104716166924,-0.06655402047510195,0.04436456265799449,0.008050879427650814,0.0528710144002722,0.052992248469302616,0.07621682594087975,0.0063619655444022705,0.023838470132089284
2008-12-31,0.2498500042855918,0.07559185694667159,0.10936396519218605,0.051167380085326286,0.12004828674900181,0.004204622002280667,0.2731363750003155,0.06538594502893957,-0.0380827284974955,0.0738941960343582,0.22033408751745043
2009-01-30,-0.048998765601426464,0.044176180088063344,-0.07400820944889297,-0.01349955091538979,-0.028094203739629786,-0.11614917180361795,-0.014160524290485976,-0.0069255286141164385,0.018927747212278412,-0.10299632467451558,-0.07467455621301766
2009-02-27,-0.033747971876689986,0.08461698184307065,-0.03399914811576654,-0.07313800657174141,-0.10947771888719549,-0.018413246425984964,-0.07722596572697871,-0.019973219699521705,0.021986167141683666,-0.03838995527653544,-0.026715550439811997
2009-03-31,0.21242086147493056,0.10460922506783121,0.13984862831009526,0.10159827469053728,0.16846857777806146,0.05522988447660726,0.17199597930344268,0.05122954517526934,-0.012973919682051305,0.02053904151139596,0.1739644624841219
2009-04-30,0.2507719928186716,0.04173361947412002,0.15334551298408683,0.1514830508474576,0.19157913146130068,0.13595548127253831,0.18422761293299272,0.10025340461359877,0.0549846784522392,0.0067793251811594235,0.21283237569335633
2009-05-29,0.32684815328209704,0.0878276515073717,0.20583247521256887,0.2569201029427177,0.261681985799989,0.17521500843170323,0.28791437364598527,0.12604458894013582,0.0024064845702505,0.10475855767203202,0.21599893354115585
2009-06-30,-0.015868404134315894,0.02832894351770565,-0.016360115788590313,-0.04879766156639853,-0.005358402221882996,0.06740182450199272,0.0054915833130031455,0.08931420299570236,0.0334915878441604,0.032021835672566556,-0.0843122538643819
2009-07-31,0.18310814630561367,0.24242479881168988,0.10734792327925513,0.1738556616683795,0.10736162685301598,0.11278440598218786,0.2454149086135906,0.08816624530740635,0.061134562227328715,0.05437496532208841,0.25243818206934665
2009-08-31,0.030119138634046916,-0.04878131682511333,-0.050598760813759136,-0.0615717154284009,-0.125683619212959,-0.03216765476021499,-0.07632393595156028,-0.04209468158473173,-0.03923672477407936,-0.06626439100259018,-0.04833230389129095
2009-09-30,0.07536142249710087,0.0920744363518855,0.025195737194974477,0.06738875748800832,0.06586561873591457,0.07054590617179168,0.03462399973002728,0.12291633133694724,0.03152919559003675,0.0006888173632071393,0.01965647527873715
2009-10-30,0.11928760058855414,0.0725720520849189,0.12074223888662328,0.033532418260588726,0.050160969856667625,0.04947750426304043,0.05818509473272204,0.04625984812222672,-0.02869114465712541,-0.029542439488373318,0.01958065273894216
2009-11-30,0.0122293779117566,0.10746317355976975,0.026485061699088597,0.04271962938918139,-0.0315364535907241,0.02309749777107495,0.05927024736071518,0.13481473348200756,-0.0012633801123592692,-0.013057524035516521,0.03227772368841553
2009-12-31,0.12914565636738984,0.03503987601845848,0.02518074554787808,0.015077211619022757,0.015545178174068308,-0.022888246392746225,-0.01585716727956543,0.06623551013772788,0.010670703715567553,-0.0008232173424453926,0.008891672786441429
2010-01-29,-0.08255626196515076,-0.09722177223392203,-0.09399814073728896,-0.01728022050833522,-0.12919242731297165,-0.09006623620542109,-0.05563573800605037,-0.08698168714077648,-0.04130960095446312,-0.007316977480187115,-0.053600610865702225
2010-02-26,0.02568144230965541,0.025961325251634637,0.050642399117105,0.024330290923241016,0.07055298069312577,0.007202899480011071,0.004586895646167211,0.027844373438919323,0.018536768205115406,0.04109002522840588,-0.02302100770634452
2010-03-31,0.04980212920127092,0.11656385001511649,0.03175212319056264,0.09564896866114014,0.061165712772374814,0.0283478745915009,0.04313792330992561,0.0491671178483708,0.0478295296435578,-0.015406419446887365,0.1286149808976189
2010-04-30,-0.005457310482662847,0.05816898981603513,0.031857425226369473,-0.00802271213671224,-0.07474947746423699,-0.004899518597240138,-0.0010728080961998065,0.02653669901880762,-0.012311771948101069,0.03207896360271434,0.016446806037106132
2010-05-31,-0.10991290553835364,-0.07559632755906165,-0.08293749975930331,-0.09374275421250622,-0.06520012587475466,-0.06309194057264744,-0.11128527524788001,-0.05780141800947247,-0.026732348898903635,-0.04320457262402866,-0.08948827320801434
2010-06-30,-0.08761460029132029,0.04152807199754749,0.00029060098972299997,0.011074070255429058,0.023885095059472228,0.015784580943406956,-0.05914109113167598,0.05733270378160271,0.04085712526425955,0.06355868782903507,-0.02827839477437133
2010-07-30,0.07661208908338768,0.018390920732122673,0.01139144000497061,0.06466671450638839,0.09028604083166325,0.05427548638132307,0.06817732139922805,-0.0023529717432289043,0.015672942679781476,0.007813456031718902,0.13885298009216318
2010-08-31,-0.06267309243954022,0.011605687023888533,-0.016988100940683926,0.011979637808403831,-0.023980901437777202,-0.04603969458436441,-0.016844414165800736,0.004788660867753647,0.006857400245406264,0.006429365016725974,0.007898989089646369
2010-09-30,0.16211990787055353,0.12323333326226504,0.11596961707173303,0.12023612552230856,0.1192864367816091,0.06815065631257866,0.16415053971747984,0.10531621065591024,0.038264853566166934,0.024666409285041935,0.18095515703979492
2010-10-29,0.0030469616467205807,-0.045539055508049486,0.05970165066853128,0.017980298649443727,0.015882039788896574,0.05972843598599886,0.014447447535311797,-0.0012604005948798624,-0.005241066785528492,-0.012056917126356148,0.04754184804559536
2010-11-30,-0.013136780590616182,-0.027819871848413724,0.008216845890934188,0.014880824301145346,-0.027650991948605652,-0.009518080524984596,-0.007934283260131347,-0.049132546129630694,-0.009564652420195108,-0.02046325374077107,0.07216489324672404
2010-12-31,0.004425083020867415,-0.05978688890116246,0.05743377248902104,-0.03369891476531006,0.013716312198302605,-0.013697949448438052,0.026083733235454876,-0.02103611874272493,-0.00821496903835095,0.008589905036531453,-0.0341582798491622
2011-01-31,0.07929252862222702,-0.10223747133539007,-0.0011903127166527083,0.02616657211009521,0.01764277322341612,0.0013686667674273068,-0.023202667620568773,-0.033526063500458614,0.007112216019781847,0.023529624647899983,-0.008770478239285118
2011-02-28,0.0023058755051097446,0.010589261696172025,-0.006886154456954174,-0.04900406559940862,-0.06230126737398822,0.021701032224523464,-0.042714271599387565,-0.07827331558150818,0.0016966137552156813,-0.0364542818753979,-0.081636060100167
2011-03-31,-0.04734038394961082,0.02918913345059826,0.08493152535047677,-0.0010181860229075967,0.07763153822079927,0.0028506162200609975,0.013679030442139695,0.05799605198776492,0.06091812396143026,-0.012886377258326864,0.0119978185784404
2011-04-29,0.08369283191096955,0.008624656755437332,-0.014520014191371944,0.051694258587040576,0.0020935457516340072,0.013917949025716192,0.02171478213756939,0.07662522355487478,0.01738020145193131,0.012639483516007077,0.02867343272857914
2011-05-31,-0.009335448743374442,0.03008006874916269,0.017197820729345725,-0.007841662615905132,-0.007022292993630663,-0.005292201065973612,-0.056960341427423344,0.010399973900054205,0.005608318394690892,0.012604090822875724,-0.08556523257590642
2011-06-30,-0.05358137300220933,-0.021550844473748443,-0.04097208898293769,-0.029226521720374543,-0.038348915152584095,-0.06994904141602099,-0.04372927694723994,-0.04468123136888602,-0.003759685616685604,0.0066103118447846665,-0.028853269042560914
2011-07-29,-0.04025844165833392,-0.06904933536103908,-0.015944060471666077,-2.8566984818123586e-05,0.01743608215102821,-0.010472559335293563,-0.010808481733250108,0.0016678355598636063,0.039118662731336906,0.05345362650291419,-0.06721888691569822
2011-08-31,-0.09581169455664551,-0.08476009690666819,-0.08857167482839312,-0.07735525647536834,-0.10336779582123201,-0.11098016164584867,-0.1443229127164869,-0.09895870574539589,-0.047392848399893994,0.0214760282168458,-0.15176089276538562
2011-09-30,-0.10673544818783742,-0.06506607485120552,-0.12726533788500372,-0.21819933257646118,-0.2557177953584956,-0.17953049532379683,-0.2888095161095201,-0.13707650373107383,-0.0693499585484385,-0.028616532881121537,-0.23155303236228353
2011-10-31,0.12053602437015654,0.049261976694000786,0.11887779874125415,0.1694947325805516,0.22561092418400186,0.18170059996051302,0.2371572256710648,0.103733033544398,0.0314128302943073,-0.02226982203667227,0.2238392658621875
2011-11-30,-0.12902197447011998,-0.03244842611559462,-0.0639741790874857,-0.07505935739738034,-0.1329373667420125,-0.1225594828115304,-0.09239393823886555,0.01283486740112183,-0.0033721957963993576,-0.012986097651225381,-0.11666143656993744
2011-12-30,0.028025600748298185,5.384907521310822e-05,0.0013236831879599453,-0.0077660028883510535,0.034652824642008584,0.04682630355879902,-0.023931231644722883,-0.06407605551005924,-0.005048730181802075,0.01275825954489207,-0.0007198481774752796
2012-01-31,0.1540306389880628,-0.020189481858089886,0.13600533190307917,0.08554935097947558,0.13173518939613937,0.12603569625515987,0.11809351406921587,0.027718563793829754,-2.7738789368347838e-05,0.014836185014571734,0.0966694732902984
2012-02-29,0.09506588109266212,0.07015095463840582,0.05189641130535683,0.10329264423730611,0.12833407676123332,0.06415657884326276,0.13161012429974872,0.033469387755102,0.06330167325018876,0.04704806127943395,0.11549781186285957
2012-03-30,0.02681551566944873,0.04552868820889411,-0.0835673239525867,-0.025201885520041323,-0.11719061579473977,-0.07397218685427676,-0.13325236380419136,0.01056796721796216,-0.02449502064441178,0.006336988437484425,-0.11797769994340868
2012-04-30,0.054013886454229,0.01474026804952544,0.03683704836892798,0.0016856359237107377,0.04940478077544941,0.030232270280577733,-0.039448406131374125,0.016297819581214235,0.001094688798160215,0.007753215853705475,0.03409199289027631
2012-05-31,-0.11386611132804025,-0.08646395785327876,-0.16180880645920936,-0.14005798646047696,-0.08600095917465678,-0.11376300510462534,-0.12004860763630054,-0.08315637517874996,-0.051383427366501366,-0.10270992366412213,-0.07210712099742589
2012-06-29,0.02898479766946549,0.04195000745970012,0.0178033919431404,-0.033523720998495654,0.03877919491647974,0.035929679542140436,-0.039327118669356786,0.007568908916846251,0.032058454675848225,0.05157295382315574,-0.09394851220327649
2012-07-31,-0.022577498632027293,0.019112158474881458,0.016866622262247777,-0.004669585684998978,0.02688695942694186,-0.007837921960329508,-0.009453384529099607,-0.006675581816426579,0.029289030211304468,0.08915342386593461,-0.12267876732821381
2012-08-31,0.0324700613377471,0.05436639507323826,-0.03176198331224689,0.005386529015634078,-0.020566807264614573,-0.01856605065023953,-0.017609848135094808,0.038873305582660445,0.002967327584835644,-0.05992211292564653,-0.0032511452898180693
2012-09-28,0.0984173385512439,-0.013926008583263316,0.06538946619746855,0.05342494625468941,0.11193365839769376,0.06779414756051483,0.09587525204428538,0.033517767717144986,0.04301084742417727,0.03702930287159112,0.053248634284867036
2012-10-31,0.01890497789351686,0.013133765105282302,0.0548500606650566,0.04688200268903242,0.024237315863972153,0.06529622271811908,0.06893901144425452,0.026549713459742108,0.010780227633266026,0.0020463141854201172,0.1525034650034649
2012-11-30,-0.020765971190945032,-0.02734440739240196,0.006857853526433644,0.05180796575185376,0.0769185362144218,0.012475931064653167,0.007740484109526324,-0.0005232138669130082,0.034442702465995234,0.012274536853482232,0.005233191777218371
2012-12-31,-0.010346830342097935,0.005530349636009513,0.04393878375879523,0.03703838298676487,0.03121120766093277,0.05552086290093672,0.05634657621089256,-0.017347641103238276,0.004483725289018414,0.02037224824418793,0.11856850448160139
2013-01-31,0.08862845964353006,0.05514973456290506,0.0018623329851377157,0.06110749003034699,0.06651137340733215,0.0764355761128741,0.032296415965322955,0.026033103045990824,0.050598378587054293,-0.04455299771792742,0.007996390344170656
2013-02-28,0.004166320027952919,0.022015575793376208,-0.05481992709870753,-0.03816330035270343,-0.039135495181722435,-0.031336136903027056,-0.03238258454518905,0.0031028396356895804,0.02662845104235556,-0.008893536226300847,-0.011712921515965258
2013-03-29,-0.060555347514722135,0.01828265062975154,-0.023301516417380763,-0.033792506729659944,-0.06995008360081534,-0.03867998601582967,-0.06340460549732485,0.02196175113085297,0.045995096401641566,-0.039269472316465714,-0.08578042827306809
2013-04-30,0.05223927981826115,0.011829147688493302,-0.04903430243737006,0.02036559277343053,0.04272001364730893,0.02102734090881997,-0.08387246824475103,0.017885923835998074,0.03131589790823375,0.036568660883034676,-0.033322323755000105
2013-05-31,0.15020801694977748,0.0567323653475309,-0.05459391087205534,0.026694574366939783,-0.04218106995884774,-0.009488441618348609,-0.016762103244069237,-0.0018332699116437867,-0.05054380209391807,-0.03375078062271386,0.06752780835959138
2013-06-28,-0.03575935808614994,-0.05239909201540238,-0.09904888284149604,-0.08628842409481619,-0.083008964087808,-0.09221509585229537,-0.1514529158728043,-0.04604470614021805,-0.04178818911052118,-0.018281387954365846,-0.12685923594626547
2013-07-31,0.08780340356074112,0.02531008955278602,0.053899927104166245,0.03963038861911761,0.029899772894980137,0.049632126135603416,-0.0062686323761339535,0.005385616006651439,0.02973677732291513,0.026674817631948677,0.07062417269117205
2013-08-30,0.04183917883282651,-0.021652852670321243,0.025288775146449227,0.05423887387113946,0.009161324879222832,-0.017703358162785565,0.07550998761179906,0.034916353877386674,-0.0447713619118032,0.007786512157837322,0.047020333631331734
2013-09-30,0.07846426713963761,-0.009921117579005045,0.026411246380421582,0.06745972604224537,0.03310390939765018,0.05402000951034336,0.02066620890623172,0.04743112041377362,0.030613127680348073,0.03196209543179496,0.07410300663093827
2013-10-31,0.03393808395613762,0.03745674341346361,0.03347548639181497,0.05908727438885086,0.010825615842429581,0.0251924840829032,0.028752700522328922,0.042791950294743586,0.012792301235160064,-0.04094755212032131,0.021996143697990744
2013-11-29,0.04101875970216007,0.1114586298299296,0.04308033748723972,0.03110272197504238,-0.00426076825843158,0.04460926457516723,0.024534093245149435,0.00907967767222928,0.03593851290749406,0.021106831449580588,0.05165950897400884
2013-12-31,0.07811343991397557,0.030816186275617996,-0.06487857154582188,0.017913908631801645,-0.04480189323381045,-0.03832698177110949,-0.04947934684840516,-0.011282165221509599,0.010799558816806165,-0.04009309332943567,-0.0539373052591825
2014-01-31,0.07933967431264044,0.038588295119958094,-0.11126853925352309,-0.035268661275266844,-0.05554688069287861,-0.07354715930189382,-0.043367333011837594,-0.08177972900677744,-0.066061244249076,-0.08027923211169286,-0.04916955679200241
2014-02-28,0.08907080842964077,0.06604529038829021,0.06400671180708084,0.027405934500349227,0.008729485158773143,0.009259375234850653,-0.009254609232923316,0.04459862993407282,0.07064170337960851,-0.005533410593074661,0.04148698884758373
2014-03-31,-0.09484535708652353,-0.05656213104365304,-0.02409363776272866,-0.06057865663646467,0.004818671532687224,-0.009528123632911334,-0.019256209930897272,-0.033295670005125455,-0.021743371113064902,-0.023876755220038737,-0.026287499580071816
2014-04-30,-0.07297976156138819,-0.06348921732214985,0.02622833214220699,-0.03566698550511371,-0.01060606060606073,-0.006894542629636846,-0.0060670725738561915,0.01194837309604968,0.01132573852831853,0.05691120906801017,-0.050665010609118655
2014-05-30,0.09950455151432647,0.017218921468742154,0.0290117948405626,-0.0008075027817516789,0.03436476475889716,0.04921507584288265,-0.0030707654853050492,-0.03524962038676427,0.029020274614582453,0.018948139321268043,0.006323593545573214
2014-06-30,0.0725300423491495,0.017367287707143575,0.03500963268835222,0.01786532440756483,-0.020192396239914534,-0.012265512265512313,0.027407869883745883,-0.01893815669479204,0.03462227905820736,-0.0010537407797681642,0.02391657638136513
2014-07-31,0.05615338245021295,0.022267404408042868,0.026890440124080373,0.03547861749048953,0.11978325073292062,0.07721268565863171,0.15172767901785367,0.03423976760053504,-0.0046112387537308175,0.13758201019487326,0.06043612059007675
2014-08-29,-0.0017140279657195112,0.08145999720558561,0.05911625039141821,-0.037091598467673625,-0.03196575512720767,-0.015353361832457946,-0.03369493891331321,-0.050456175712635165,0.021824187676958262,0.1032974572273917,0.003409194847958208
2014-09-30,-0.07219097999416091,0.05251096218360973,-0.11560624048451074,-0.10298958535805425,-0.0804623383033145,-0.04771087103114824,-0.0545787881248887,-0.04790098411075405,-0.04727617705541853,-0.07151185386708125,-0.02083316069046104
2014-10-31,0.05422455145338656,0.054959331643383846,-0.047035205321293905,0.06371735232749542,0.055363949241855615,0.04342991791917261,-0.011371923302573306,0.009413744218485398,0.06111428876113667,0.06156341565508572,0.027471457950727363
2014-11-28,-0.0035995956229202264,-0.049929913201697596,-0.07948518575445507,-0.002917655098996552,0.03146337691792245,0.03229458156814835,0.010223417727369455,-0.03256651819520151,0.005806691595371838,-0.007753122443145299,-0.003871339730653678
2014-12-31,-0.08918449042910759,-0.05718069038982687,-0.028703970172386795,-0.08599315903593818,-0.010511025749514458,0.03767092630306834,-0.005486370997996093,-0.03486122117586421,-0.024858752663391437,-0.054472388767739854,0.04359366601893577
2015-01-30,0.13043682544405932,-0.0009921101957194312,-0.027444829723741515,0.02031582362908768,0.03138657131505762,-0.005238185102310444,-0.02095144512712377,-0.004722529361539163,0.030887997902796727,0.1133088517286851,0.018311504116253374
2015-02-27,0.0385919581037224,-0.04755949846061491,0.04880878978282377,0.0013179979152311283,0.0029620537463110885,0.015992433337759904,0.04356267420464954,-0.02020153963730975,-0.02575634840227803,0.04024726895217423,0.033358274060201865
2015-03-31,0.06750596121458696,0.05622344611984653,-0.02477161084371393,0.0020573227279463424,0.03170400047702859,0.014210830968182542,0.008331547315660437,-0.002542518219141976,0.02423011866661051,-0.04279436047250085,0.09811703127844851
2015-04-30,0.1268818514387826,0.13005388731201895,0.16917418583563415,0.09781624941453226,0.1768130673636279,0.1753880240590946,0.25793539513989994,0.11847459856630449,0.10081803538006895,0.11188840882793172,0.22249946737981663
2015-05-29,-0.015772355469675925,0.0031864613391121566,-0.06598310098197946,-0.024661814285760197,-0.040932070821451894,-0.008999068271786648,0.017407940659459387,0.028871758091199684,-0.012498227878470436,-0.07527202303095948,-0.06254678631248867
2015-06-30,-0.04422370959700184,-0.08052722194590056,-0.04544263002194515,-0.08938033014415436,-0.029466120330540968,-0.047183720737098866,-0.10595236825900056,-0.059443007851209484,-0.047939778988049464,-0.03175937927225403,-0.10360127201773384
2015-07-31,-0.09264372999520842,-0.09428992529208657,-0.13372354900956973,-0.04347480613855448,-0.07082741630737777,-0.09287412359484049,-0.20459425668898523,-0.07731516547200445,-0.0210203243941941,0.005753537301524059,-0.1168389905305589
2015-08-31,-0.10856309737451664,-0.06083911521777274,-0.10098460986117463,-0.14467821595251407,-0.12167343527538643,-0.12645751168195918,-0.14156243271013425,-0.14394345995105784,-0.08934284359329947,-0.07666460918468088,-0.09851325446387948
2015-09-30,-0.007228319400345629,-0.018397399082869637,-0.11042801995908802,-0.021141621048913928,0.009970672458395002,-0.03875301677599752,-0.03244591689914722,-0.05972479164925115,0.021472944681643513,-0.012811605896345668,0.021538237886171707
2015-10-30,0.12188361386204294,0.09044879033825493,0.12224333705059465,0.12347393914247462,0.07062428164077361,0.09601752988846068,0.09986859435895679,0.07619504106036046,0.042719982947194035,0.019600961383182014,0.06052207343254401
2015-11-30,0.05179059923746254,0.01195929962597475,-0.07565518900965618,-0.04467120818597492,-0.03620324477255188,-0.019832784166813888,-0.06913641072158261,-0.07266870557839311,-0.0714941494004867,-0.042004907116745316,-0.01391681669262712
2015-12-31,-0.02148724868752727,0.022098619129856667,-0.040776587361891936,-0.008500678625604552,0.012299633594720971,0.0027970334914511064,0.03814344549997739,-0.0021296154039813775,0.0037393910165413047,-0.011540833542566298,-0.04822516561280743
2016-01-29,-0.07033377779826167,-0.18307272749767156,-0.06623806033504942,-0.11248188236889611,-0.14435444811149023,-0.13683059423127275,-0.09516138688104037,-0.13357941838793586,-0.10045140656364349,-0.026268870591035665,-0.16273147409491318
2016-02-29,-0.01101808549362171,0.011502222991464972,0.005866323756810621,-0.013284499348190537,0.000448496007810828,-0.059110153188123626,0.0903953058884488,-0.0011558112742372506,0.015960779833612326,-0.02128145621440325,-0.009607079101498384
2016-03-31,0.10688483866711618,0.08433228563209116,0.12424747098302258,0.08857647542768654,0.12201602208962425,0.0941711069606257,0.08258035608910608,0.1271234015388285,0.09191450381754884,0.05982029284523538,0.14473143854911097
2016-04-29,-0.002658804948552418,-0.02223451774747298,0.076569623854297,-0.011652099689692275,0.025557522047457537,0.016687946390370634,0.017733501098343263,0.04294043173216133,-0.03194106115266049,0.01116376655275797,0.005315118541067809
2016-05-31,0.06676958330941574,-0.006747194553019753,-0.0487482414906365,-0.016989254083133565,-0.035678750381156754,-0.010803999234619499,-0.04797174150127337,-0.05467130448053514,0.009680766276032093,-0.011669593794121247,-0.02296351889722703
2016-06-30,0.012160599479204004,-0.014964161164066514,0.05763590411573416,-0.025075501052438942,0.030417315776686493,0.0060863517616414065,0.06680807635530317,0.010899331026062775,0.02785765006938057,0.002814843516141252,-0.01622517162455206
2016-07-29,0.05413836346141654,0.0038589578236427613,-0.016485465101608643,0.07325635971087952,0.08315640315562112,0.038135624931124656,0.023286305970139587,-0.03230020069097317,0.023552182754727147,0.07526361078028687,0.003968731976244921
2016-08-31,0.08678455870933788,0.07454087218366334,-0.0014008697395384573,0.019377438032431193,0.04092363350689232,0.08924893034699566,0.03581844621162644,0.044569532279835844,0.025151507693974562,0.004318498278357508,0.05674621611755426
2016-09-30,0.04190817469261621,0.01437386382534589,0.03018219726054494,0.025058022556939452,0.022572026947383028,0.01098132969442056,0.011523336468431289,0.009499151790915983,-0.006919837246736171,-0.0021885135731531946,-0.0009197500889458476
2016-10-31,-0.029744895206417543,-0.006383602198408944,0.028367001044431017,-0.0014480622750481231,-0.017892527978177197,-0.0010805015822192843,-0.014671297523539684,0.007089604065958488,-0.013848893993958611,-0.044234365089661276,-0.005417909394616283
2016-11-30,-0.04271187890632977,0.014529585467759398,-0.021854769949545938,0.030994073614592166,-0.018515084880324273,0.02370258132982106,0.09030725826802777,0.04665222726198448,-0.025180766129805576,-0.04045026029773846,0.029783122914069482
2016-12-30,-0.01747221728951509,-0.04590226758641314,0.0075104355425006375,-0.0675355402070823,-0.0629996805095413,-0.029089266398034663,-0.03089422898395411,-0.021499176582526758,-0.04753672292610822,-0.03217580088276162,-0.045200087640140274
2017-01-31,0.06689834316605192,0.05308542435912367,0.07774410368413709,0.05137416294642838,0.07798110441898687,0.05381139981601235,0.17158439484801624,0.030492855074534697,0.0574761467212177,0.06291447367214964,0.0846148295797895
2017-02-28,0.010423959720623932,0.0386273440886824,-0.03266222736925328,0.04093962514513194,0.056221760948586885,0.02332346406349739,0.038488549669329464,0.011988377286626495,0.029148641931054042,-0.018911948579419247,0.03936611039983462
2017-03-31,0.08096470937852995,0.035483582036078376,0.015026069576740131,0.0438547919994583,0.04107496145586742,0.0011828626020211619,-0.07097379873319543,0.009515281438926326,0.02370684046813132,0.0060196526099429715,0.019982769177367965
2017-04-28,0.0820385711589886,0.01898923600178537,-0.016068814729086278,0.0031369017180451486,0.020604158504389236,0.013273521919732856,-0.02876125341667002,0.006505131378791162,0.015644581587818118,-0.02377455909778392,-0.004718992294105107
2017-05-31,0.06099692484784325,0.019466413814940076,-0.013779678969672138,0.04191521090754158,0.04969110969936197,0.0475267827209207,0.007491131059819578,0.00219811823417837,0.025669850248104087,0.04720353186121096,-0.005096929490063129
2017-06-30,0.04010352607274559,-0.007223381941628415,-0.016329453904035507,0.03268560913093954,0.009163334895752495,0.025221170365778534,0.055660336524026466,-0.01564718637012308,-0.0013652123684818607,-0.021323456817749387,0.0482526673382222
2017-07-31,0.1022235939074545,-0.015391441315254939,0.043632072472000294,0.023840839503030065,0.08479726255890863,0.07632345799457907,0.06591610982265173,0.011497652386231572,0.047241363688320215,0.006026855606339643,0.07711691303315082
2017-08-31,0.05159120692048225,0.018157734457188823,0.022685099965356725,0.021210248051468206,0.0342758396181555,0.014844008146702947,0.06672404212900496,0.058975442943665746,-0.004350217066207418,0.04269278253778208,0.06474399705710931
2017-09-29,0.018857789587845453,0.0294791637907017,0.01965410666402545,0.07598429590252898,0.02513479698871368,-0.025320353295112175,0.04355471589794391,0.06324543864810184,-0.0024632136605209354,-0.03933716323670178,0.030200614512025714
2017-10-31,0.04532726938191245,0.07301098915387905,0.014011576400312364,0.020028976488816408,0.008887965278853605,0.039801194355947755,-0.022210215004454748,0.022680998178467693,0.023670950657794343,-0.007660376779758282,0.017862266103539692
2017-11-30,0.11043154299425617,0.0318027758317081,-0.002532083848029054,0.019299856421885586,-0.002271623058751837,0.022483086691639675,-0.04406694055332383,-0.01937541899499351,-0.012024478590446974,0.010803854150562398,-0.01441533772260406
2017-12-29,0.013826056579244295,0.11258482803169612,0.057937953081188986,0.04745697133840743,0.03711262027377327,0.025376991307716867,0.02649824651218835,0.11435919948189688,-0.000844279030083328,-0.009437719955017077,0.009688458873799322
2018-01-31,0.10448122785861158,0.07208989167317092,0.14042173574211936,0.03781534430316924,0.11300198555111218,0.11791070719367713,0.10042124598542745,0.07817292074742932,0.02443442834548115,0.04682128872128111,0.052525301589605
2018-02-28,-0.049332534126406924,-0.014844700505921016,-0.07706480126875137,-0.01980090648722299,-0.08270202995309817,-0.06593623886106392,-0.02011991632664034,-0.01504258466246955,-0.023151371231194595,-0.11027669978093213,0.005112346499664744
2018-03-30,-0.05186827773749758,0.09899833524379464,-0.005922965822254489,-0.05333764527997864,0.009423287280883264,-0.03790454194259074,-0.07081323368038406,-0.030153546552160848,0.03612519394664204,-0.0170888198874094,-0.019803863961120438
2018-04-30,-0.051012973946270024,0.004768333129655522,0.08694514048741908,0.007914128262217934,0.02994259350498485,0.039996387558460356,0.03208056255388381,-0.01808915481208606,0.013718308694070647,0.062416346642652165,-0.006069631780746598
2018-05-31,0.03170569384250488,0.14873983427089588,0.056699896166436226,0.027198021097196934,-0.00958599436523655,-0.026513765068609363,-0.008826580656245753,0.0867797215448014,0.0383814174695527,-0.04401262233450576,0.04666651271301703
2018-06-29,-0.02449580322782563,-0.09815712546635724,-0.029396668224280442,-0.09167110473059026,-0.06059799360298024,-0.05996233358738767,-0.10857832449201565,-0.05994201098902996,-0.03203229452696721,-0.015846770266658594,-0.0644595887839231
2018-07-31,-0.09037246938118848,-0.0880538586837517,0.004376812317192114,-0.04872476292444172,0.01891119411783726,0.01483919932144162,0.008828490511612497,-0.03099693452579444,0.04739780954573147,0.012756758717714423,-0.02530678251515639
2018-08-31,-0.044976173678735853,-0.018555055306495594,0.032334220317589146,-0.029845946679261548,-0.031248275105999035,-0.032250081523150675,-0.07162234631656872,-0.07984209384660579,-0.04245215846817718,0.03911963523514772,-0.09429563532478225
2018-09-28,-0.04287605315917686,-0.08208867350916882,0.08527520180886539,-0.03644738159607486,-0.034175525787166094,0.012421226831211385,-0.016697422155985908,0.01780091694659247,-0.01549142089018496,0.050793936929451666,0.026513254139571618
2018-10-31,-0.1893846066699869,-0.11156714433839365,-0.12316669086577625,-0.14215582637861157,-0.10091863730229789,-0.08141022042053148,-0.1083842882244419,-0.1060302050005143,-0.043600212880596234,-0.05366634435412376,-0.1306402551463023
2018-11-30,0.13831647069594966,0.03369729887443751,-0.005394932444028444,0.07796705041019902,0.10464435558990726,0.047173747768280094,0.020697667292654653,0.0333560669581785,0.04737113348077604,0.06814741785799838,0.07335891679195328
2018-12-31,-0.029187972144154806,-0.19380809390123965,-0.10469617817453547,-0.03218231348402134,-0.0031310468401979374,-0.03028484496248318,-0.05268085406969936,-0.011523834394736698,0.006745180815580287,-0.016453756593631685,-0.045530896633853235
2019-01-31,0.0849466795766638,0.16336526557987519,0.10236815311703751,0.06272521981453894,0.10814743116694414,0.07203886968141404,0.06991458902868253,0.05300101735045981,0.030901533182701613,0.0851266894945113,0.09758798150174575
2019-02-28,0.015373682206052619,0.03140373038906641,0.024359944717184723,0.06520936470978311,0.010877946555774232,0.04513242836607212,0.0787172358804693,0.02533057352470669,0.03367619451693327,0.020232971054002347,0.04849226058294431
2019-03-29,0.03879855819020017,0.042037478873523826,0.005677323886233099,0.012181232978459855,0.08279974055239836,-0.014826744876879738,-0.042967882645652766,0.13210465683540407,-0.005988064548808181,-0.011427224062781516,0.004855517867712544
2019-04-30,0.06562112145162735,0.0114303766567585,-0.0247138040955035,0.031942105152809264,-0.020833862339317832,0.03866484884974719,-0.019294694050592587,0.04017394755327808,-0.017085888547822004,-0.0365165906857563,-0.015430322532404062
2019-05-31,-0.14099597390358654,-0.0874075388656208,-0.09896134715440308,-0.13390108866803252,-0.07215147945848177,-0.07248596975886146,-0.09868378776162923,-0.05954782435598516,-0.005898205606424511,-0.07173053642022265,-0.10530078953250421
2019-06-28,0.07452593809606434,-0.007794214079524409,0.0512163520113702,0.07823373942417478,0.07292709827604926,0.05998939491486266,0.05966158105843533,0.05448959262659803,0.020107495882447646,0.05035626549079586,0.046481683704057586
2019-07-31,0.020127465774326447,0.0660429352380818,-0.035236927832206555,-0.009369719561102663,-0.04608122009468896,-0.026962959727267144,-0.04614504205549541,-0.0043583582006113675,0.008270399280735363,-0.05324077966232843,-0.005563972644302417
2019-08-30,-0.08677340252786803,0.06087337015274419,-0.07436419045667997,-0.05111677245075008,-0.08064531541454623,-0.07282447942508463,-0.09367074743026549,-0.01658792497742967,-0.054468533312055034,-0.01959322811586972,-0.013345837526262394
2019-09-30,0.03247994428100198,-0.05924394394706656,0.04859567626319028,0.006540448168250057,0.014879066374136274,0.022974191952950695,0.01284147586272022,-0.01866738719070704,-0.012037733668455175,0.006415151767757976,0.033026175907509
2019-10-31,0.01090205609226702,0.14108177120041465,-0.018796073251070355,0.08296510346704178,0.05143983420101561,0.03422953992673583,-0.01745782610448232,0.03470831071314873,0.04364555169390316,-0.02262029881712957,0.04670501006693639
2019-11-29,0.03544006414599932,-0.06657528179266559,-0.035904884646546176,-0.03192350134190225,-0.00377765544145936,-0.015800990474659216,0.0293266785788604,-0.0038000735145603537,-0.03958193251197395,-0.07696162629451375,0.011100210888979278
2019-12-31,0.09735938332388905,0.05319769827625165,0.09841904303610183,0.052324677068426695,0.0921380119052917,0.05735094174161648,0.13234999160288874,0.023681285729863166,0.02454864712219673,0.08350926034126682,0.10322967311883358
2020-01-31,-0.009069177509559156,-0.00995525011121523,-0.10899071462766963,-0.08474650339629786,-0.10902677520888238,-0.07518350608551716,-0.10764225980402597,-0.08030836370019767,-0.019092129334992047,-0.026139456440031905,-0.08523555778145997
2020-02-28,0.02444845262026507,0.060886405164834345,-0.07248368876679834,-0.010786818647588792,0.03636607109390266,-0.007556057837248775,0.03134018562013963,0.015854421680437714,-0.029227772378808692,-0.014263248352874625,-0.002493696482270491
2020-03-31,-0.05590650415224463,-0.10204067848325449,-0.12870497236163925,-0.156657076365862,-0.09431993728694399,-0.08989047171461706,-0.1983280414423113,-0.018911487030560448,-0.10961259324221773,-0.08922880652308529,-0.1444415398240827
2020-04-30,0.08468913543156997,0.14099005507586404,0.0261922860942585,0.12373593407837791,0.0665865694293084,0.005916048570390409,0.08661383645320897,0.07924074205719878,0.0980864213343624,0.08462298993097073,0.06391140399098005
2020-05-29,0.04922831029929986,0.020097339868983655,-0.03391270532772095,0.010295912546039121,-0.08488614089431568,-0.06647836263550522,-0.05761715112601873,-0.010199052803647635,-0.056033362929582275,-0.0950490677403768,-0.02501263458392955
2020-06-30,0.17426672664452192,0.1626082514557683,0.007582940692621776,0.053411154279516815,0.06200024786034164,0.06223235639988545,0.07389190920148181,0.06092437310146859,-0.013027647224517325,-0.04040783030640438,0.09040630388975979
2020-07-31,0.10873570696006074,0.06220866674825842,0.0011909734889616885,0.06778819524754409,0.034964463485194,0.007149193697280731,0.20151797901147384,0.1084245964759134,0.014602387802253869,0.019652479824227465,0.1352126185569329
2020-08-31,0.11318101095279509,0.006300442908956594,0.04245675666047033,0.10654946592130776,0.019713440743884814,0.015203792100965341,0.017497141863987542,0.007450662728293533,-0.015794484866612724,0.059433352123258176,-0.024812913155334626
2020-09-30,-0.05437317904197847,-0.058119288771355526,-0.10015464950454367,0.008940934992764049,-0.04641709400274585,-0.06826313974068321,-0.0410864695080273,-0.03597789878803215,-0.031943164817730074,-0.07975962325810326,0.026266381467683564
2020-10-30,0.12827449803228586,-0.002135038805532896,-0.036055095437171336,0.02578357574312906,-0.040432190160324066,0.02902963389459079,0.06307844644998095,-0.019880489340374452,0.010958340217124274,-0.044008632733681385,0.045150708703972864
2020-11-30,-0.008115381464087967,0.032680840982293624,0.15521227541425398,0.13523770617283248,0.08480675707543806,0.15055603145223873,0.2516256798829857,0.0732020507332305,0.06955249094900107,-0.01036326086748196,0.12100857829621914
2020-12-31,0.016947025790007286,0.13932012335992905,-0.04968560721179838,0.11078475050375824,-0.028738096975358007,0.025814173358637005,0.05865737870587173,0.11082719888014725,0.03735533257634538,-0.04744391277814175,0.14902752759576332
2021-01-29,0.13931404862628272,0.056502788466316956,0.03563946256287176,0.027369546043658266,-0.007338292434447835,0.0197416191541131,-0.003423042024564893,0.049982099779618316,0.0006977185009295894,0.0385794074944652,0.047050123274754
2021-02-26,-0.04866335295067725,-0.027888727643858302,0.16470980520026024,0.0065446323921929395,0.1040197724926768,0.046619689493630156,0.24174886307753418,-0.07555462916605693,0.03864720898477847,0.10559575060688253,0.019111421842384235
2021-03-31,-0.07972639778504942,-0.04522932450909334,-0.03483149998090551,-0.029694816377248356,0.02370874976140147,0.004860700697151277,-0.10508232942598295,-0.05287133650029152,0.03468054345002325,-0.030759477948104075,-0.028789699743971275
2021-04-30,0.007952594436362315,0.11088880779268728,-0.0016449939953460113,0.03259007220675936,-0.009225947389729483,0.004666931371934746,0.11521183234498977,0.010028583105117672,0.0023460945017712564,0.015791445113341185,0.04540300457371926
2021-05-31,-0.019404645948465582,0.08153404163734157,0.044563769332938596,0.03147571590611942,0.007558122435553871,0.025876089218962672,0.05971137753655209,0.054085646346901495,0.04852721072415789,-0.034740131650247696,0.018930441561019862
2021-06-30,-0.004908129887224666,0.040447442940581224,0.06095489251836561,0.042143001928359736,-0.021487160515482717,-0.055488261006643724,-0.10597277577270359,-0.04624387006565578,-0.00456924929549396,0.012086844973202338,0.07062995899852442
2021-07-30,-0.19314948404061172,-0.16645701593234852,-0.09918120763311611,-0.08840568551473338,-0.12554144043025528,-0.043277870183480394,0.12915855929169462,-0.11270419242779517,0.0376555189229284,-0.007934234588086286,-0.11099876865877312
2021-08-31,-0.012915784117049744,-0.07380960524854374,0.07601206908849356,0.04750668653347856,0.018683298369748025,-0.0021639158202623188,0.09160788837980705,0.030174468035294444,0.02713865923002512,0.0028333894181169494,0.08227638608007215
2021-09-30,-0.06601879969757574,-0.006267498847219777,0.10394443958896771,-0.11091894573162375,-0.0463788448906286,-0.01950568638682393,-0.12013641035834077,-0.028508788701704257,-0.004109486546478025,-0.007227268901560779,-0.11025333237043711
2021-10-29,0.07128778682461534,-0.08188463646156818,-0.03560718128340257,0.06730159064779473,-0.01868602893001159,0.019198090349858532,0.002496184611094021,0.023764116109918243,-0.016034966957296226,0.021347460188587686,-0.009240128888386434
2021-11-30,-0.09158794931727543,-0.04163979023805131,-0.09052908917547697,-0.007346000156840837,-0.06391218466836213,-0.06051406668784398,-0.050229701138739924,-0.0394116113776789,-0.026970616290308946,-0.02828972625863657,0.0033557886208008814
2021-12-31,-0.04385668379315566,-0.12358752912403459,0.0769395736718641,-0.055458741844672144,-0.004940098785343405,0.035725476018736435,-0.07717712549329925,0.024121524487296098,0.07973416959711521,-0.010387408355980843,0.005703860689453499
2022-01-31,0.002342825699017448,-0.1511508627177901,0.10487789702066541,-0.11078805747501275,0.05161190556634976,0.07612319217074415,-0.020196138710381062,-0.02636718098205637,-0.0763584552674289,0.1009082893190536,-0.07257863877849269
2022-02-28,-0.10061749649110985,-0.025735647699582698,0.05939559242562975,-0.012596978520739932,-0.04524650651300621,-0.024811240648927924,0.10682169885989534,0.052143935900849536,-0.015681660149593157,0.004296533494153598,0.017728159759997197
2022-03-31,-0.07108373152834402,-0.06608399488907801,0.08972017950630473,-0.1054982197243719,-0.021473271060653887,0.0033297572905379713,-0.04676543332392502,-0.1573731728128558,-0.057987952142814714,0.013604291089584608,-0.12010240544744843
