,.TR15GSPAU,.TR15GSPBK,.TR15GSPCS,.TR15GSPDF,.TR15GSPE,.TR15GSPFBT,.TR15GSPFDGR,.TR15GSPHC,.TR15GSPHHPE,.TR15GSPHR,.TR15GSPIC,.TR15GSPINSC,.TR15GSPIS,.TR15GSPLP,.TR15GSPM,.TR15GSPME,.TR15GSPMS,.TR15GSPPHB,.TR15GSPREC,.TR15GSPSEQP,.TR15GSPTEHW,.TR15GSPTRN,.TR15GSPTS,.TR15GSPU
2009-04-03,-0.004487087341493015,-0.004287402499489635,-0.002563656233627951,-0.004958106721114577,-0.002694823301748073,-0.0015020929923591044,-0.0017153882031645479,-0.002147996315719389,-0.0014305683777039357,-0.002518206600923049,-0.0028239416591770376,-0.0035042648899186496,-0.0023483830373779084,-0.0034678338049385113,-0.0030852814869135477,-0.0030118655932810847,-0.0032441836686380606,-0.0017881259550982037,-0.0034059314722067946,-0.002857719869575591,-0.002595916743360322,-0.0026333717619828056,-0.0023546593009860606,-0.0018417157183895421
2009-05-01,-0.003994659471703315,-0.0038091477891549837,-0.0022713262935004585,-0.00438542759429331,-0.0023459088390432735,-0.001310398779573798,-0.001502771612237458,-0.0018968742561150506,-0.001267933720671401,-0.0022212480516289297,-0.0024885509906342794,-0.0030956992589554685,-0.002076741571420552,-0.0030720602257503825,-0.00271137028816513,-0.002678433779504325,-0.0028725133625583424,-0.0015507212425677236,-0.0030716115626081525,-0.0025130532945931753,-0.002305896436182673,-0.002336698951623619,-0.0020751924175120107,-0.0016048022271535724
2009-05-29,-0.003324629792533269,-0.003294471678034335,-0.0018578250632314236,-0.0037100235812755687,-0.0019613177457426245,-0.0010716331759567936,-0.0012267932540599123,-0.0015997840289935826,-0.0010511002630244177,-0.0018188269440133963,-0.0020809358548035343,-0.0026415756607434788,-0.0016591199450308194,-0.0025268407068118996,-0.0022283524231004794,-0.0022674708987518483,-0.002335826764603523,-0.0012728636329713808,-0.0025770578640522696,-0.002007523304271347,-0.0018526799185760521,-0.0019418065476228508,-0.0016708191489821997,-0.0013324281667189085
2009-06-26,-0.0026338300518742026,-0.0025934894578982146,-0.0014592228068261112,-0.002920766867919908,-0.001549766327963382,-0.0008446179457968928,-0.0009662201168216805,-0.0012476324782921002,-0.0008348908162645294,-0.0014346181726910402,-0.001652347009584005,-0.002076792644081943,-0.0013188060892851097,-0.0019953113972938376,-0.0017518097758671101,-0.0017872002921023433,-0.0018430023299967047,-0.0009948265449302497,-0.002057551275439664,-0.001579313971956351,-0.0014644772001060867,-0.0015414526110158662,-0.0013198261645684184,-0.001057484893032401
2009-07-24,-0.0023258599486181038,-0.0022933481899667647,-0.0013007849870735682,-0.002597219984343004,-0.0013919579934047745,-0.000751643180951357,-0.0008517163545048382,-0.0011070313942411383,-0.0007552274506535332,-0.0012593360716531602,-0.001475324268843336,-0.0018486363116012822,-0.0011794023640107323,-0.0017822753218193913,-0.001568041844321392,-0.0015962673654988338,-0.0016424883964802446,-0.0008792916611122271,-0.0018303113682062563,-0.001435275413475699,-0.001315757177617644,-0.0013763199687223968,-0.0011616435195221844,-0.0009405696670859999
2009-08-21,-0.001619334383363417,-0.0015898399972447662,-0.000898311829059136,-0.0017904000602105659,-0.0009620876393139607,-0.0005171331244107805,-0.0005867773960600517,-0.0007660894489324979,-0.00051611921835842,-0.0008680637489506395,-0.001022171696121208,-0.001293171534821927,-0.0008059968179154193,-0.0012338085883724969,-0.0010914927515692757,-0.0011085800841510547,-0.0011381243377048937,-0.000603852482687772,-0.0012879575208390823,-0.0009698668310756469,-0.0008977515968694488,-0.0009566007364511125,-0.0007943946271763239,-0.0006531833705499171
2009-09-18,-0.0013407804974006335,-0.0013160595863174343,-0.0007428349836488106,-0.0014816936658240173,-0.0008072924246091839,-0.0004297923379728446,-0.0004822922927843839,-0.0006354785998756307,-0.0004315289769379993,-0.0007156332717770611,-0.0008487925096673761,-0.001073459438226744,-0.0006665236175397783,-0.0010194531669369608,-0.0009051738798815269,-0.000923241530306996,-0.0009368182593400986,-0.0005009076668635289,-0.0010737491134245798,-0.0007998425992239495,-0.0007429876702632401,-0.0007912266217175298,-0.0006593996988249063,-0.000541370198585065
2009-10-16,-0.001439480165101213,-0.0014232131190623793,-0.0008038184930051643,-0.001594441918612683,-0.0008777177824879041,-0.00046327079046323166,-0.0005184120214841754,-0.0006864434954681575,-0.00046482614085826857,-0.0007701688301913225,-0.0009194811298709547,-0.001156507087721771,-0.000717975463307351,-0.0011051779313679371,-0.0009835579928014948,-0.000994004501708061,-0.0010119792963752719,-0.000537783176562359,-0.0011674126017005898,-0.0008605306730195744,-0.0008007823286047032,-0.0008491040914514416,-0.0006988758990511428,-0.000586051010007278
2009-11-13,-0.0017721723806660248,-0.0017315413029782057,-0.000986404435676265,-0.0019428234282912321,-0.0010767252630882872,-0.0005641671631270569,-0.0006307867677104834,-0.0008432006546717687,-0.000566927913913186,-0.0009515685392476087,-0.0011308740556625525,-0.0014084810903192385,-0.000879335692658233,-0.0013540675869523114,-0.001211895102148899,-0.0012154964025876678,-0.0012353161045403948,-0.0006625844651015425,-0.0014133534799362752,-0.0010502187806927462,-0.0009775617797835492,-0.00105034284326778,-0.0008448099985360147,-0.0007176554031630632
2009-12-11,-0.0015515342608734878,-0.001512583474817061,-0.0008621701827208123,-0.0016962801643737883,-0.0009409020518750822,-0.00049317687906434,-0.0005491223516007382,-0.0007363006868084174,-0.0004951027711817353,-0.0008295021725807349,-0.0009880036799024003,-0.001230246618071344,-0.0007695724301473292,-0.0011821445751038565,-0.0010600099417368736,-0.0010649022005933466,-0.0010789196308797222,-0.0005794107405709146,-0.0012446636250507204,-0.0009222461184384777,-0.0008544405434558403,-0.0009195923282977532,-0.0007395056352434372,-0.0006302951646150777
2010-01-08,-0.0014022175698792457,-0.0013641723634376152,-0.0007785449406778233,-0.001529562220611375,-0.0008471035395541722,-0.0004466586402280407,-0.0004969617828299714,-0.0006667332972604013,-0.0004464460618124032,-0.0007498248629848034,-0.0008923836699829346,-0.00111105615180424,-0.0006946163696792308,-0.0010683110467739371,-0.0009575055828811927,-0.0009606579452060625,-0.0009740516383553735,-0.0005228263264232489,-0.0011262562187759608,-0.0008330212981177604,-0.0007727759119580212,-0.0008288038880168186,-0.0006669098365513998,-0.0005680660281656161
2010-02-05,-0.0018352790844539336,-0.0017701357424233482,-0.0010137449260299322,-0.0019953674831587527,-0.0011119320712238286,-0.0005813782028667669,-0.0006422652134411732,-0.0008676932442213617,-0.0005729721680415584,-0.0009662070951467713,-0.0011652810756736624,-0.001442233799556707,-0.0009045469393007316,-0.0013865322359063459,-0.0012563677568415404,-0.001245656496867032,-0.0012598291654437896,-0.0006768087965781599,-0.0014576664097027958,-0.0010857074209834163,-0.0010094825920479186,-0.0010780755168195062,-0.000862548647855241,-0.0007374084950820472
2010-03-05,-0.001175458294150132,-0.0011360755970577674,-0.0006494958279812937,-0.0012796444072772754,-0.0007127084787455665,-0.0003727434575201688,-0.0004116661591353745,-0.0005555575179471266,-0.00036683954914137445,-0.0006169165242182471,-0.0007491205393515796,-0.0009298956545808499,-0.0005773657477788773,-0.0008900365349848699,-0.0008051804712380665,-0.0007999820881778277,-0.000806732426908326,-0.00043292930924585557,-0.0009358494627661249,-0.0006930847895933473,-0.0006432435553862725,-0.0006873248938608532,-0.0005527600460454638,-0.0004767246660242795
2010-04-02,-0.0008289659688360298,-0.0007997462791629333,-0.00045663989259988756,-0.0008987010400339774,-0.0004973218591961738,-0.00026289443608680426,-0.0002868582324747986,-0.0003901951275402615,-0.0002557867517506158,-0.0004329916361819425,-0.0005276080417834481,-0.000654880650833611,-0.00040599330869979907,-0.0006262869214546591,-0.000567483672358682,-0.0005645938024778558,-0.0005671039373938437,-0.0003031664219626422,-0.0006596782115471606,-0.0004879874496753266,-0.0004542283534092205,-0.00048203870263868975,-0.00038747667073198215,-0.00033454549891457204
2010-04-30,-0.0006768692951117528,-0.0006546978173399519,-0.0003737030336757678,-0.0007333795342173978,-0.0004080046734227841,-0.0002131612647387303,-0.00023346654138837255,-0.0003174591438870159,-0.00020822557705214048,-0.0003553575317592395,-0.000431633128702576,-0.000534548108823285,-0.0003312879294839798,-0.0005125308058179798,-0.00046429311949018896,-0.00046229577967448127,-0.00046431382421649106,-0.0002448380643148431,-0.0005418065914734633,-0.0003964915531060218,-0.00037123735708565587,-0.0003930989815494116,-0.0003160896974500914,-0.00027347348603103794
2010-05-28,-0.002108614582465446,-0.0020138265069504224,-0.001164012044184353,-0.002237891820904627,-0.001274033002529988,-0.0006617325674446011,-0.000724807907967818,-0.0009894072922513187,-0.000648902106418457,-0.0011066692197266124,-0.0013522146064762236,-0.0016459322066337827,-0.0010427887384491382,-0.0015984947882872475,-0.001443558851743483,-0.0014286489270316726,-0.0014394821375454364,-0.000757257184198221,-0.0016724528735430437,-0.001234164608988748,-0.0011683493366843414,-0.0012268691686363842,-0.0009699037411723386,-0.0008547948855600562
2010-06-25,-0.0015368027863034372,-0.0014674473049514144,-0.0008534164533222032,-0.0016297433627772031,-0.0009310486507038123,-0.0004815444743345388,-0.0005262905169633904,-0.0007216850382754188,-0.0004718335883189876,-0.000804502118942929,-0.000989167600693062,-0.0012054737273050654,-0.0007585876922869831,-0.001167751333283722,-0.00105737474374405,-0.0010433645533046048,-0.001049345277587047,-0.000551595893209334,-0.0012236102125413205,-0.000898999608758754,-0.0008536827165353583,-0.0008962571194345209,-0.0007092005903703223,-0.0006217533546532675
2010-07-23,-0.0016839846487374025,-0.0016223449378689708,-0.0009404679915605486,-0.0017888017533342503,-0.001035102190767593,-0.0005325205507734395,-0.0005867505875113886,-0.000797147556958629,-0.0005216035119976862,-0.0008951932644314084,-0.001098043622383403,-0.0013250773310278525,-0.0008460532621903009,-0.0012910414184494888,-0.0011732397142949613,-0.0011595146448960846,-0.0011530863474066208,-0.0006088801485681723,-0.0013492796604394608,-0.0009959604596715208,-0.0009503894990283016,-0.000998293074588435,-0.0007768219324552513,-0.0006926320932737107
2010-08-20,-0.001583685959722904,-0.0015140253813483253,-0.0008833775177749309,-0.0016708752419439632,-0.0009645104613081968,-0.0004972687848170253,-0.0005459934424495429,-0.0007414072149795636,-0.0004884963962646697,-0.0008353233080460773,-0.0010413658326927308,-0.0012382976274797335,-0.0007923223561306957,-0.0012117748056678804,-0.0010964430562329227,-0.0010883177685503712,-0.0010761969922455754,-0.0005660236140291591,-0.0012587034713407433,-0.0009397334527843444,-0.0008991841173579889,-0.0009386212132636487,-0.00073251025666885,-0.0006390264012758328
2010-09-17,-0.0015511222957683326,-0.0014880869637213976,-0.0008674267813468587,-0.0016394545977229688,-0.0009454269956699632,-0.000487940366662193,-0.0005339700386057188,-0.0007263713665114519,-0.000475742830589365,-0.0008166439844346856,-0.0010206090636607223,-0.0012140422987844365,-0.0007754270219545765,-0.0011893532380642285,-0.0010715703182036553,-0.0010709771502613167,-0.001051328207970822,-0.0005542980969860931,-0.0012343558690361424,-0.0009191702686769575,-0.0008837605270186567,-0.0009226093672293473,-0.0007134202212603727,-0.0006231032279050114
2010-10-15,-0.0008401719360802812,-0.0008019196906023607,-0.00046829566220353975,-0.0008834403591686753,-0.0005106939886767473,-0.0002636066697815812,-0.00029055291198184987,-0.000394083502164506,-0.0002572709238714967,-0.00044065103724212043,-0.0005523316246295477,-0.0006545302871484776,-0.00041901344941890095,-0.000644811181969145,-0.0005780788790481141,-0.0005792364923500066,-0.000570026610698795,-0.0002988693701684471,-0.0006641718584514993,-0.0004992108209143883,-0.00048005851854980466,-0.0004990172906218869,-0.00038416091987479963,-0.0003352903541467256
2010-11-12,0.0001075196472967194,0.00010237047077119678,5.9716236618649007e-05,0.00011269378888151973,6.56341420223771e-05,3.374812692877926e-05,3.6902613880966195e-05,5.060936135482628e-05,3.297178197908079e-05,5.628934150517879e-05,7.072016371394972e-05,8.3774738350992e-05,5.290423392156348e-05,8.215557924569217e-05,7.400111843097539e-05,7.397070361538755e-05,7.216464450902929e-05,3.7902958672174445e-05,8.460727233983875e-05,6.476835201508532e-05,6.0973503056436704e-05,6.392793870291106e-05,4.9000920884942186e-05,4.263753917129409e-05
2010-12-10,0.00013044335994902688,0.00012444124746442082,7.234239328857986e-05,0.00013674975772428525,7.997727113525243e-05,4.0757407087358184e-05,4.489507326333564e-05,6.129792667479211e-05,3.996371527819259e-05,6.82532011816318e-05,8.603201022892368e-05,0.00010146146880562696,6.432445716927161e-05,9.980881228451177e-05,8.969867782435072e-05,8.971584315670607e-05,8.727174576748727e-05,4.5807659550341626e-05,0.00010258983803301783,7.829171826997971e-05,7.395217723345273e-05,7.747185794134353e-05,5.9347542724218336e-05,5.169669612578005e-05
2011-01-07,0.0010618127237659038,0.0010160982798401667,0.0005868648313337469,0.0011236493374263926,0.000658298337959199,0.00033352541033050557,0.00035999395069716294,0.0005036166503889218,0.0003273847349584576,0.0005543534097303272,0.0007053883505554502,0.0008318003136632625,0.0005236579962053767,0.0008103750825701072,0.0007350637600021664,0.0007331832507988129,0.0007051842069688149,0.00037388598629064206,0.0008324599436706892,0.0006298193500492308,0.0005995354989176729,0.0006290962157398995,0.00048819835718031133,0.00042359887411237804
2011-02-04,0.001628140729376574,0.00153783587089496,0.0008852539758514881,0.0017100963364958803,0.000996478096704258,0.0005031037570163787,0.0005427725511712775,0.000772619834235642,0.0004950587832275403,0.0008410301220114542,0.0010703934742245496,0.001260436593110817,0.0008061358887293995,0.001225134815483868,0.0011116974550809604,0.0011153906649191937,0.0010769351643469833,0.0005669222747479715,0.0012649755223834807,0.0009522310833812621,0.0009205353490612648,0.0009584038986691241,0.0007224518266979374,0.0006319821342141496
2011-03-04,0.0024145611402656524,0.0022823210318517403,0.0013189797052773928,0.002541794359604646,0.0014914447307079574,0.0007492078271808407,0.000805092984347092,0.0011575196566411775,0.0007392477967231903,0.0012575440048012674,0.0015986513821947734,0.0018773930090423567,0.0012000855763461737,0.0018259990734536356,0.0016652102103693828,0.0016709580795222314,0.0016037998959242813,0.0008451415933477291,0.0018754839127212344,0.0014185677397984657,0.0013757404726720364,0.0014362783881983888,0.001068060084511482,0.0009360288655239633
2011-04-01,0.001768593991026571,0.0016493193501711091,0.0009709069807932991,0.0018429150569886248,0.0011085154830835443,0.0005547717688330696,0.0005875436009848171,0.0008501790360541553,0.00054221830153346,0.0009218517665009154,0.0011761169891513885,0.0013711471467012656,0.000886908590538803,0.0013365507082694096,0.0012367898270750032,0.0012316593269706547,0.001171450789698914,0.0006175612090162038,0.0013686479407124304,0.0010516545252736323,0.0010198314844900819,0.0010565171029989634,0.0007802195127562855,0.0006943681646354936
2011-04-29,0.001653469925719316,0.0015429598173101915,0.0009029709393228822,0.0017216181231748625,0.0010337241838816959,0.0005221043173341945,0.0005490855966669239,0.0007986971922121361,0.0005143216973633352,0.0008579166207979119,0.001097559822679271,0.0012816008549974547,0.0008194560726516662,0.0012457289973571374,0.0011545122769669393,0.0011568398051118875,0.0010897357598125567,0.0005846806910691268,0.0012765908068355653,0.0009776422797699936,0.0009519047346025991,0.0009829529874243906,0.0007325732669183823,0.0006480360592637685
2011-05-27,0.001611240755058642,0.001513636401919226,0.000883103687402392,0.0016833445025733903,0.0010232398441067565,0.0005126663777604173,0.0005349667648037311,0.0007903365028625846,0.0005022588846814694,0.0008320723037817924,0.0010771153008402637,0.0012560983781284276,0.0008011529830244084,0.0012133681208224517,0.0011330642354208606,0.00113441796802632,0.0010587649119658225,0.0005732682048186443,0.0012492156524815414,0.000952497145930619,0.0009297218787947855,0.0009630166674695861,0.0007107080197841996,0.0006373994404146964
2011-06-24,0.0020062906151065737,0.0018848932701072396,0.0011047568712226844,0.002097810082464658,0.0012870060821922407,0.0006382252778838343,0.0006667870516349847,0.0009832876957419552,0.0006219353229261499,0.0010336251517330717,0.0013436618399950495,0.0015675054446629242,0.0009986840085619252,0.0015164571848246395,0.0014203206739508143,0.0014153593132259315,0.001320748849575909,0.0007130871486714566,0.001560671831878038,0.0011944024530589877,0.001160666997398917,0.0012006433976851204,0.000878758606907684,0.0007962422705820796
2011-07-22,0.0026352325505119706,0.002472730624155397,0.0014693867346069949,0.0027582480230459064,0.0017328604041358605,0.0008544183690891351,0.0008916113418670415,0.0013119138551835865,0.0008280617418810303,0.001370627128653907,0.0017876666327499727,0.002069917357043993,0.0013381348927808915,0.0020005502663392803,0.001885152493017078,0.0018830401070486407,0.0017351265712543576,0.0009626221441483515,0.0020629384760536104,0.0015860629314052984,0.0015471238573612712,0.0015904804147087216,0.0011766033824157837,0.0010689269033815334
2011-08-19,0.001058817529956799,0.0009952025954470404,0.0005966533668890576,0.0011075181321348149,0.0007115844953016971,0.00034105471852373685,0.0003600611386833072,0.0005357355370605659,0.0003281483218625129,0.000550313868604834,0.0007247272738750345,0.0008264448643411469,0.0005370836729924203,0.000801497387048464,0.0007652988502328717,0.0007599308870457227,0.0006944912832607728,0.0003919843127653845,0.0008354922125555664,0.000639373883210852,0.0006229651836662865,0.0006428477111143853,0.0004707026387552143,0.00042969379605634257
2011-09-16,0.0011193346485846656,0.0010529601535022935,0.0006346317133016756,0.0011698871870222413,0.0007452772275545176,0.00035692837632901586,0.00037457052841543875,0.0005666022846897283,0.000347800837764845,0.0005831780470738969,0.0007682349660936886,0.0008683385372365557,0.0005735466425195137,0.0008593257815499896,0.0008066600125280571,0.0007997475820720462,0.0007395884054959735,0.00040936254619615507,0.0008746321141420799,0.0006712828998014984,0.0006593387076071508,0.0006803192387731244,0.0004909560511024004,0.00044158237456172836
2011-10-14,0.004239657551758602,0.004145963430473624,0.002322330371262014,0.0045977633214694105,0.0026145878801477076,0.0011835063706226736,0.0013339649064522763,0.0020111656119164586,0.001214646698515467,0.0021750198120059744,0.00303923013602688,0.0030590329174423362,0.0021271501633861913,0.003354649094804573,0.0030689755631569423,0.0029566745857175884,0.0027854820646957923,0.0013869120367783145,0.003533529950682392,0.0026158864106441437,0.002467530605474767,0.0027158375753467937,0.0016762964672572581,0.0014093657414705285
2011-11-11,0.006160276162164156,0.0059441780022214345,0.0031712715649625054,0.006568351170083798,0.0037449370500806725,0.0015770659171392895,0.0017812543121609947,0.0028609087649851908,0.0015395364067000291,0.0029719879850025775,0.004329023753336869,0.004569797680195378,0.0030037855812518,0.004670599178160148,0.004327697080619661,0.004051004487417481,0.0036257199449108053,0.0019370730670404434,0.004907597696473597,0.0036632650069504938,0.0034376948246071584,0.0038824670134785305,0.0022370038822010045,0.0019551754758937025
2011-12-09,0.005561733041590965,0.00550287668478499,0.0031303208504379703,0.0055722230161458506,0.0037645592126146375,0.0015599689717052223,0.0017105062982282941,0.0026665225297281617,0.0016284805113983484,0.0027481871968572723,0.004172152165238707,0.0040364043414185475,0.0029954726523071414,0.00430681129562768,0.00404509466525257,0.0037555212027450867,0.003293648207110761,0.001937272842362656,0.00423242932217449,0.003644177600381156,0.0033300262272797257,0.0038707084544253438,0.0019316312448220498,0.0020422000044881153
2012-01-06,0.005431695607718853,0.005412989565953353,0.0030291361042312863,0.005462682749328704,0.003673146327501551,0.0015412335495368717,0.0016580366349609852,0.00260584226907438,0.0015846125369402323,0.0026748937624558396,0.004074709217805764,0.003932763869492486,0.002894639229046452,0.004225070517479333,0.003961522131962994,0.00360276613793515,0.0031848515221788976,0.001869874953692248,0.0042056648962944905,0.0035589075781257344,0.0032629106487358506,0.003776346670447059,0.001865853271904319,0.0019727690757027254
2012-02-03,0.006176995906078221,0.005982406240187059,0.003484215895279865,0.006176734857487136,0.004281337740316277,0.0017588977601729857,0.001864972625650027,0.0030739096267875785,0.0017591084917818617,0.0030754967044353512,0.004683329581896566,0.004455326256546451,0.003336184448235278,0.004837936176561714,0.004623527531720229,0.004092731021234811,0.0036907171884137556,0.002163989816400098,0.00484520134098619,0.004147870432414672,0.0038343592932255613,0.004266997214563171,0.0020832021207499983,0.0022810985740846523
2012-03-02,0.00906192782449845,0.00877593861326067,0.005162346913249382,0.009037324333781923,0.006228900024192643,0.0025253219890034565,0.0027693654924025347,0.004380620849383482,0.002505284323647849,0.004499903495744272,0.006880386861116287,0.006381818313674701,0.004776033586389715,0.007048105871239689,0.006774078524414604,0.0060597463810381485,0.00548244174314349,0.0029940787192069625,0.007044896247651873,0.005927472968920372,0.005582549161497461,0.006064986688810526,0.0030172526728598466,0.0031169471668941995
2012-03-30,0.006483889162002471,0.00560187765651398,0.004010342787924178,0.005924868364424226,0.005132188854452683,0.0019270961946042857,0.002093051030814111,0.0033505486655803066,0.0018626938036268898,0.003474308833649643,0.005208671542527038,0.004597643164602524,0.0037535815938759785,0.005193708798730741,0.005309020340094382,0.004702528537864786,0.003962847519648208,0.0022227588911993682,0.005168398933097273,0.004574644999324938,0.00440568445958622,0.004663733300219419,0.002207443700518615,0.0024176414642115085
2012-04-27,0.005777376061940752,0.004993295183103824,0.003583795785401133,0.005295928668610687,0.0046721712945658475,0.0017616776242951897,0.001908901333993472,0.003030307069790306,0.0016641595902686633,0.0031103897088116234,0.004712576252037408,0.004119468184995743,0.003377355254416534,0.004657475153148942,0.004792418246427936,0.004200910249498001,0.0035413190714175657,0.0020657462232334936,0.004510653701322101,0.004134243846755374,0.003951303843287151,0.004169075235384101,0.001974110772411858,0.0022036013825379925
2012-05-25,0.004626814978497064,0.003639881209452725,0.0029680486173073056,0.004055012123092704,0.003738125792697027,0.0014566348640345007,0.0015220001324230343,0.0024107246361008408,0.001322485164354086,0.0025660219652128267,0.0037808416548110353,0.0031284179535630693,0.0028946770500275338,0.0038008505837078396,0.003945016931168697,0.003299883774000455,0.0029725150029472997,0.0016902815795460796,0.003536104705720059,0.003554618517631627,0.003396175550309323,0.00330691571146673,0.0016373324275415796,0.0017213273760014268
2012-06-22,0.0048359750289608695,0.003869791998256921,0.0031651090075939534,0.004304565781781833,0.003920854595934018,0.0015575751092438007,0.0016402971704607204,0.0026276667855693863,0.0013991374239913533,0.002739192809557686,0.003948847083954278,0.0033248026495661482,0.003050746305717634,0.004021589563059256,0.004153454968867277,0.0034911251174391906,0.0031503863312658874,0.0018324865592221037,0.003660724461736772,0.0037619804628985813,0.0035616145952975897,0.0034513996593700737,0.0017087790211501024,0.0017942613460666514
2012-07-20,0.004366518413395596,0.0035008686594269955,0.002847687452675148,0.003825298566692931,0.0035364438865445624,0.0014136217155523035,0.0014788316125932755,0.0024051065227578762,0.0012221241556717103,0.0025000148534556842,0.0035615960021510803,0.0029653278904373244,0.0027305622512262895,0.0035685060066689626,0.003721528379888523,0.003115901292392708,0.00280004867066299,0.0016599772194614093,0.0032896575775272097,0.0032895686226609147,0.0031571184557696954,0.003082503645313595,0.0015311377624690017,0.0016165695018446702
2012-08-17,0.004085623739987506,0.003327626176875738,0.0027135831887471424,0.003673693540922384,0.0033958381268222385,0.0013571178409348286,0.0014322606662418413,0.002307455888885038,0.0012043817451749595,0.002378352397816608,0.003392927246375461,0.0027557289007082014,0.0026411330957615722,0.003380814085085126,0.00351718279053108,0.002946135670670172,0.00264655980546213,0.0015721405567665537,0.0029963894609712767,0.003190775527588124,0.003031599066218652,0.0029243395064605326,0.0014620680674541965,0.0015211184615528785
2012-09-14,0.003969871998919459,0.0032124924204148856,0.0026165568700326786,0.003554279912690622,0.0032508985766283483,0.0013018062194519943,0.00139777139688665,0.0022214855828441753,0.001134178523941333,0.002296172095171186,0.0032625216622702725,0.0026406650546706508,0.0025475103908743275,0.0032550925073851584,0.0033986085118169486,0.002817974710565115,0.002555571590895092,0.0015044060916475665,0.00284105010849853,0.003070918755809267,0.0029224866209962494,0.0028018998491612917,0.001389184405758432,0.0014617518390867758
2012-10-12,0.003980763959465398,0.003155065359272051,0.002584837270735325,0.003545519523156316,0.0032081854642309433,0.0013033850887275635,0.0014048855345416443,0.0022089185089344066,0.001123844746518127,0.002273400697265189,0.003221637433339956,0.00262094577497526,0.002540940117570923,0.003209628378533057,0.003346365560914596,0.002797765805037887,0.0025106596859911495,0.0015061851237211995,0.002744096574688002,0.0030577592443450574,0.0029149789782469703,0.002814891312403801,0.0014358862338988414,0.0014132527091058173
2012-11-09,0.0036109265952363606,0.002942815502720795,0.0023727747417023252,0.0032705927313409324,0.002971420400772528,0.0012250709448879936,0.0013047208800125948,0.002042878671487469,0.0010532992101042707,0.002037595871086981,0.0029676139063455017,0.0024247398928132053,0.0023608642505226984,0.0029644455507180237,0.003068299719157797,0.0025957136759688893,0.0023300789760292797,0.0013852718315960123,0.002583037103160246,0.002856293988471148,0.0027332589609496403,0.0025355386686325434,0.0013880484336970997,0.0012933034204602007
2012-12-07,0.003515349397559354,0.0028759795309035,0.002303340610246923,0.003184089364468257,0.0029031983793445836,0.0012065360680349989,0.0012993192177376694,0.0019952817958307366,0.0010482822626180462,0.0019923845755398396,0.0028819600125037886,0.002350127019472544,0.0022959647214930113,0.002891386570847874,0.00298170644822289,0.00251484487362305,0.0022772376163145754,0.0013607323127898538,0.0024610524159743943,0.0027352266937507104,0.0026802505643637982,0.002465091698456457,0.001386888944211817,0.0012537904063486267
2013-01-04,0.003088718504506187,0.0025495644684074463,0.0020333521088830133,0.0028174429366903506,0.002568415577269832,0.001059871330702184,0.0011428605048307994,0.0017614605796685333,0.0009267406887623291,0.0017616006223669725,0.0025458100186824847,0.0020716246997755684,0.002030043005507306,0.0025578299952249512,0.002620724194719946,0.0022315984779037413,0.002010401956614803,0.0012026205736651002,0.002156317024278323,0.002411529184769917,0.0023694829072775474,0.0021832720109384606,0.001216106635487646,0.0011166828684592914
2013-02-01,0.004339653433324656,0.0036711045440358703,0.0029031773108421904,0.003997535202391449,0.0036489461902792504,0.0015379919959293182,0.001667471016509524,0.0025144256726434013,0.0013929617561957998,0.0025789989334220336,0.0036203423723093317,0.0029951018234657305,0.002903061271832256,0.003658988202921725,0.0036864310400573207,0.0032210237060004442,0.002901221670505716,0.001762976194117913,0.00307944281678276,0.0034330701980883286,0.0033406493851052678,0.0031328159501220493,0.0017692571743065462,0.0016242222342525208
2013-03-01,0.003795039365011986,0.003202401529723223,0.002513382387500809,0.0034809028669559824,0.0031739967430623826,0.0013185350771838433,0.001433931164251898,0.002192042139042976,0.0012016179156086172,0.0022472156200426256,0.0031400210998196224,0.0025997490185506083,0.002525688484854513,0.003182597671210289,0.0032010784362958493,0.0027925922197997496,0.002519813492385481,0.0015271586206002455,0.0026668590181062888,0.002990903037107081,0.002917754128548093,0.002719816437445703,0.0015458373591354631,0.0013894291875664174
2013-03-29,0.003719417940915344,0.003152985504339824,0.002474714822301706,0.0034453499649005747,0.0031297561235218247,0.0012826986548075611,0.0014203239710353127,0.0021584179845067298,0.001185754834817942,0.0022210636347847266,0.0030890659863912874,0.0025586711139686746,0.00248553034483835,0.003127815997191246,0.003143392039981708,0.0027425166530369856,0.0024723734528427363,0.0015119224963362318,0.0026054607028251826,0.0029527243859434928,0.00286463683675603,0.002685804557964643,0.0015274047986510737,0.0013632500700959981
2013-04-26,0.0035597092295074073,0.002959842887467985,0.002362132093794838,0.003264431769284099,0.002954983868292477,0.0012293238565659124,0.0013498636179789544,0.002059482469730895,0.001121737994602405,0.002098552149117937,0.002932950155221163,0.002431706817812758,0.002367176158126476,0.0029489068828037154,0.002973663944762583,0.0025868769563728074,0.0023413926298960753,0.0014528118836504601,0.0024188252521288285,0.0028303390844369404,0.0027474316311992095,0.0025493894554962033,0.0014358386436751848,0.001271847725838534
2013-05-24,0.0049955848157689905,0.0042281095262850805,0.0033434262887863673,0.004796979804165324,0.0042107630879313004,0.0017240042508004884,0.0018961824475051683,0.0029103452289211368,0.001534875019287122,0.0029552158511440708,0.00413539783103868,0.003454799888170953,0.0033383201164432956,0.004141363047048315,0.004243783053727939,0.0036735377586375236,0.0032936545444825563,0.002041234198043042,0.0034223588581381637,0.004091929934708543,0.0038963371758755413,0.0036102995984554492,0.001999985402899902,0.0016789700704571457
2013-06-21,0.004916134106517657,0.00413156057360236,0.0032369010460521954,0.0047069544337913815,0.0041043704633627635,0.0017011175664851648,0.0018752712952435507,0.0028552672086266384,0.0015195966914818152,0.0029062307519593287,0.004029820313450394,0.003340278647185334,0.003304435055594707,0.004048044498751312,0.004107979207543039,0.0036127673406111905,0.0032262314991921242,0.001986670919715958,0.0032950102603716124,0.004001709290027083,0.0038056578055872103,0.0035157360394931047,0.0019677992774523503,0.001614386950559032
2013-07-19,0.005218355054700846,0.004120035663598875,0.0033958756059177726,0.004898370807157033,0.004213348430602736,0.001784596839218846,0.0019160444004559655,0.0029623880503982553,0.0015959916071585803,0.002945801925048006,0.004147473762892568,0.0034547839659009134,0.0034055165039601856,0.004171654436108733,0.004215258203059481,0.003685905136654511,0.0033665921245107228,0.0020971131110492235,0.0033760573365161145,0.004139858320232687,0.00393242283724806,0.003585671255192851,0.0020821619391381283,0.0016055153167515836
2013-08-16,0.005540593126121411,0.004470962132500743,0.0036171031136236842,0.005357125809273945,0.004552891875866037,0.001920940166442014,0.0020620452799790037,0.003256791191270583,0.0017607761110079367,0.0031619756791320744,0.004411369377863153,0.003741986630314374,0.0036591619395271793,0.004468861811596547,0.004500365257969425,0.0039568360336603315,0.0036167611738985245,0.002298369158048493,0.003575145893372266,0.004403007034721898,0.004183136626228,0.0038417840079200244,0.0022766108420714352,0.0017243089228824388
2013-09-13,0.004836966878483257,0.0038825440903139112,0.0031848140203091786,0.004665864856849579,0.003966110430103025,0.0017117611605015073,0.0018113775538297911,0.0028783205314349084,0.0015747768079381278,0.002758165428941286,0.0038421174646720052,0.0032705696411557566,0.0032263564252467494,0.003904701433593973,0.003931103924106962,0.0034495111120193306,0.003169248707239239,0.002035169433440879,0.0031482664374788147,0.0038967922580801775,0.0035936355412866145,0.00334612315691234,0.001999412305115501,0.001547171948493433
2013-10-11,0.004595397058642002,0.0037484991767821416,0.0030713568144392894,0.004512727878128785,0.0038049845766621577,0.001668281897774069,0.0017502306856649092,0.002753305674483918,0.001522763693045296,0.002655150043002127,0.003685758963136284,0.0031577499338220592,0.0031048988718798574,0.003737430496352632,0.0037721013536797,0.003324767504349462,0.003015232169828729,0.001963764415351507,0.003039473777491523,0.003715052440347802,0.0033794039704700385,0.0032222378438941084,0.0019261167791888517,0.0014905030578872358
2013-11-08,0.004608831092148528,0.003789014321592435,0.003152893361058611,0.004588471328126669,0.003876052216837019,0.0017271013463379837,0.0017863567824796917,0.0028000647349294395,0.0015759590535424886,0.002704719532362014,0.0037669508121091857,0.0032226605390314063,0.003193795523845156,0.0038208068434438924,0.003856876206922031,0.003434677348258176,0.0030754990966671996,0.002060947194695464,0.0030913122518616215,0.0037578044498369797,0.0034282985489070424,0.0032961919967720737,0.0019861189863253853,0.001535255070037375
2013-12-06,0.004520402158604932,0.003628919140524045,0.003093616389491478,0.004456746648465997,0.0038008483662046923,0.0016956011695272658,0.0017380903325158812,0.0027468409052428537,0.0015526015109003607,0.0026493313072938267,0.0036609208789463612,0.0031278054591058835,0.0031300539817860694,0.003751321856718639,0.003751165762197604,0.0033639513382866595,0.0030422382070946614,0.002021161120719231,0.0030010852561449634,0.0036927942604282307,0.00335315467575434,0.0032167511282301183,0.001927346293583688,0.0014897183424097211
2014-01-03,0.004436980728976463,0.0035741062433814114,0.003070348988341827,0.004397945479204339,0.003773355839687156,0.001701915592259415,0.0017296631162221133,0.002745424575610658,0.001539897250528891,0.002649754067241998,0.003640842031079476,0.0030988294869212923,0.003121342099243349,0.0037256357885170417,0.003722542404262099,0.0033488336077404216,0.003015718711297914,0.002025805225488505,0.0029847538361179025,0.003675944563893275,0.0033254661822388143,0.0031962930759502355,0.0019208959115709868,0.0014969771308968912
2014-01-31,0.003951360456981594,0.003179277861211413,0.002770524353024716,0.003915712004018064,0.003380195043307844,0.0015357157898974268,0.0015705187081847835,0.0024614540785817787,0.001386084287115158,0.002386548241663616,0.0032881402859796277,0.002818144921890891,0.002802169887561318,0.003338968557125878,0.0033470216130622,0.003018195008745585,0.002714203740204894,0.0018355130728718158,0.0026726622784537667,0.00326437277302407,0.002936719888487088,0.0028503628909055754,0.0017317436077657871,0.0013412379594112901
2014-02-28,0.004078444019531605,0.003267224812660226,0.002837731645503625,0.004018033917746852,0.0034913327450974683,0.001591685243191441,0.0016260279730226559,0.0025300211577267244,0.0014460393068090145,0.0024220803905267525,0.0033651858915120956,0.0028927542293570585,0.0028752850778800583,0.003410415872561254,0.003430359433718894,0.0030683127274730823,0.0027790752925130947,0.001906146569188062,0.0027534729151648075,0.0033599997695517325,0.0030256470235738627,0.002895050102667745,0.0017709137618932818,0.001401613193712002
2014-03-28,0.0041777013807724195,0.003396229621126495,0.002892079992792087,0.004147329690353096,0.0035331385237594047,0.0016000058726721137,0.0016645153061785537,0.0025609209401147165,0.0014439848480277899,0.0024443254173095712,0.0034362301924731457,0.002953220752503991,0.0028974028513249427,0.0034524667796960802,0.003487641161630844,0.0030915019696017903,0.0028187565371857286,0.001930853030769362,0.002805988409446609,0.003371915415725212,0.003028124959442658,0.0029617812504084784,0.0018142145114722103,0.0013649337940666766
2014-04-25,0.003852696577060397,0.003165449345048773,0.0026959737077124667,0.003850872393455686,0.0032358236666895565,0.0014795650751442152,0.0015497006381922898,0.0023646026261743406,0.0013205160782812505,0.0022574642283510007,0.0031685340889474867,0.0027456387432724157,0.002678686407767551,0.0031968874439483293,0.0032096025500182312,0.0028809976052366205,0.0026369013506561904,0.001838612024974869,0.0025669828257596145,0.0031127159125052552,0.002781937789609859,0.002749519513718319,0.001651274835041247,0.0012364572154275268
2014-05-23,0.004101338671194092,0.003356690378268736,0.002868851712276411,0.004101236160830589,0.003390998551225708,0.001566864140255358,0.0016548445476463583,0.0025153219982136533,0.0014032185791106174,0.0024197505318806606,0.0033525669479985047,0.002898181573742813,0.002843544938894985,0.0034086273907917254,0.003394673201357147,0.003050682313167918,0.0028122733627796033,0.0019469068432434893,0.0027094925483314753,0.0033030451049174195,0.002958607430100119,0.0029002406472695683,0.001759428993409564,0.0013010592164568627
2014-06-20,0.004891519712077061,0.004003142318739974,0.0033998373509132327,0.004898180443232262,0.004049608036660534,0.0018527453003698556,0.0019590452402753053,0.003008979063014217,0.001654646491709645,0.002878721313970591,0.0039951547959425305,0.003454437360395843,0.003381981602004476,0.004035084638998693,0.004057102188607991,0.003624568099039696,0.003334636525327774,0.0023208439115073986,0.0032127540133067675,0.003923826248042299,0.0035169822742984708,0.003447744300108209,0.002050468949601887,0.0015501015349504018
2014-07-18,0.004489950181256086,0.0036853746785609916,0.003130355050360517,0.0045142520369666934,0.0037349172399096884,0.0017069225338636033,0.0017895947312259102,0.0027788412323560023,0.0015210698962663345,0.0026116254714546832,0.0036510784539383703,0.0031797766765177104,0.0030695543486988965,0.003692281283782475,0.003753731974127103,0.0032768794935791636,0.003077211131134045,0.002154478113054072,0.0029308003091551267,0.0035696228281232056,0.003206195387899817,0.003150957745164596,0.0018257576700553737,0.001385871971537004
2014-08-15,0.005976139746277459,0.004831147602005479,0.004090925877276515,0.006031121560682985,0.004912161315808367,0.0023963392081828906,0.0023443570662589177,0.003533055817547656,0.002055740679813638,0.0034505149524401415,0.004821442080654109,0.004330764832458853,0.0041772227753179,0.004940394225552318,0.005002596639377202,0.004239242565138045,0.004080129585125958,0.0027649726139577398,0.0036509466603454614,0.0047406156268519715,0.004309413670144081,0.004194951877650977,0.0024259960973992594,0.0018018717954391059
2014-09-12,0.0055979325615261215,0.00462199021070427,0.003845159080759675,0.005789093715191033,0.004773444002227492,0.0024102494974459453,0.0023918259740632296,0.003338708969994757,0.0019847373208622928,0.003251713425652566,0.0045200337099495745,0.0042676793157586344,0.0038286958283719704,0.004459320459402946,0.004758435665512066,0.004011327881823959,0.0038568421011276966,0.002749512157131314,0.0035657518173790423,0.004550696027682279,0.004025737734102011,0.003924874541362803,0.002379764651316194,0.001851347440592383
2014-10-10,0.005354911719554387,0.004385657424013046,0.0037037702487218173,0.005506197399015006,0.004453903883588954,0.002266513432373186,0.002285305739489724,0.003169002598576163,0.0017724573121066943,0.0030945909625302997,0.004219308051855726,0.004007084744430337,0.0036219024916440746,0.00423395382663957,0.0043393083672393345,0.003708541545550014,0.00361034091568699,0.002693715358950261,0.003315638819239727,0.004333751000307834,0.0038963984230689645,0.0034991011657039195,0.0022871050592380947,0.0017965801233918402
2014-11-07,0.005182637810273242,0.0042367619280422745,0.003613916234496945,0.00513628611582009,0.00419629108675439,0.002208782021151611,0.002291965410994918,0.003095273389913279,0.001861107578985732,0.0029933588946689646,0.004067238971843266,0.0038608646101077303,0.003529215562465803,0.004041276823173261,0.004056848529503298,0.0036311619405905446,0.003687019392276009,0.0028535255145620067,0.002906465721908391,0.004449049547283767,0.0037012217105441064,0.0035347590268510975,0.0022469471842833538,0.0018182374624252172
2014-12-05,0.005363122511471081,0.00440633467896799,0.0037769111979982987,0.005253221246174588,0.004254477882772421,0.002415121971372358,0.002525299833665288,0.0032024101658655523,0.0018504796390793313,0.0031359874248748885,0.004297362677752468,0.004115638507211586,0.003674578716562264,0.004325311748764248,0.0042141492962244,0.003797795016454722,0.003942482505758714,0.003041685887461794,0.0029626174850154625,0.0046488924895059635,0.003973149435772404,0.003696761722446248,0.0021922236435381044,0.0018241550199857468
2015-01-02,0.005108114893833934,0.004269165434672757,0.003764777698190664,0.00507008938984774,0.004444298894366744,0.0024284653739989836,0.0023867577950072117,0.0031184366519379403,0.0018722286896202742,0.003077905728443035,0.0042762109152793245,0.004009514445366172,0.003709231892560875,0.004086539437871632,0.0042714448103997335,0.0037154844101377513,0.003790206044314405,0.003085836573076915,0.0028429532004580894,0.004434471420146823,0.0039025305622405896,0.00367877903637351,0.002391859845124145,0.0017891415403335244
2015-01-30,0.004372968989419573,0.003734571889488424,0.0032553800153304105,0.004326080027534044,0.0038425793903836326,0.00212829755169331,0.00206594028999816,0.0026530717416926855,0.0016231423286699942,0.0026560208440893954,0.003692662204400096,0.00344969892869589,0.00321987422007998,0.0035044624413650663,0.003627912963273187,0.003176604891316212,0.0032814299062844813,0.0026265717841092192,0.002357938255347631,0.0037543845784371744,0.0034150460059066967,0.0031942254797162864,0.002034484532292262,0.0015946358627651697
2015-02-27,0.004541857542337604,0.0038955258491432166,0.0033541159124061684,0.004456232552609831,0.0040127129298878315,0.002242403556801375,0.002169314363617943,0.002757272921690183,0.0018093101432824733,0.002700504819211108,0.003813382128962811,0.003629801694841308,0.0033874216237417165,0.0035137418179767258,0.003764795017859452,0.0034192722353994574,0.003380678351583953,0.002684089875613736,0.0023186144164540996,0.003923441513213144,0.0035593104065985886,0.003343356993280451,0.00220376823391536,0.0015007062056118805
2015-03-27,0.004321549519563335,0.003554310640611778,0.003198526925953727,0.0041241333265243695,0.0038580148458420946,0.0021814984532029214,0.0020656407049655756,0.0026285785459829354,0.0017825305740322066,0.002566938593539056,0.003597787704293662,0.0034187029208564562,0.003244344067423142,0.003380641656239869,0.003543697699315847,0.0032506979054823127,0.003227078438075634,0.0026116332923113834,0.0022665497328220436,0.00373834627589761,0.003380111393033138,0.0031574678226387785,0.0021241624768252036,0.0015491856288367774
2015-04-24,0.004292883356807962,0.0035104755188820505,0.0031915443649707356,0.004051983218944903,0.0037661721969434376,0.0021068452453310705,0.0020849469477520538,0.002584254071885625,0.0017911342728124744,0.0026056663168836968,0.003581842756473009,0.0033838870849112394,0.003246006064913859,0.0033419941427455338,0.003504351016571234,0.0032708999217875077,0.003221505189759735,0.0026147480177085534,0.0022302591931151862,0.0037316738929699276,0.0033933132628722633,0.0032294620114682177,0.0021261538440023337,0.0015460813201795696
2015-05-22,0.004941493236336339,0.00399369156307373,0.0037322303329219027,0.004528788349866638,0.004348827708420318,0.002508563898651416,0.0026260474994474563,0.0030391409826634108,0.002212656347944325,0.0030309644449393455,0.0041278005690846544,0.0038716137651633544,0.0038543940229083607,0.00384638190517672,0.003944877227091013,0.0038467454797153884,0.003721074136484909,0.003159871427728378,0.002485351547529116,0.0042260350913545025,0.0037909330747920933,0.003867084736221925,0.0026590552488087505,0.0018939440807157256
2015-06-19,0.004737233772649684,0.0037687277105712086,0.0035835032736253793,0.004312287902812496,0.0041744702951512615,0.0024161828790013325,0.0025299154149330486,0.0028581578203123754,0.002168499418416506,0.0028387124157468278,0.003998097162340381,0.00374945239476773,0.003714201126123576,0.0036319047252234477,0.0037878335447668623,0.0036993539341575146,0.003534514479828446,0.0030897413935223363,0.0023064323756798355,0.004024415661267308,0.0036938810027204254,0.003731508599300281,0.0026234359424933754,0.0018543946951897524
2015-07-17,0.004600414798327059,0.0035813432336683445,0.0033945128636502877,0.0041000719115533045,0.003898617369428914,0.0022737238643675125,0.002386473305852895,0.0027316999315011928,0.002019014223740706,0.002716568431002304,0.003764040025580115,0.003522226087356538,0.0035213060497995084,0.0034939352296052047,0.003589945038810183,0.003460671102042397,0.0033644363279729194,0.002946928240211426,0.00214593807820301,0.003864346707516998,0.0035393704122449474,0.003568179805919279,0.0024907161030472908,0.0017283329079608209
2015-08-14,0.00412059947692106,0.003267099251954742,0.0031200287686343584,0.0036963909048214035,0.003546076509381776,0.002080263161541739,0.0021996444528729875,0.0025039793784851013,0.0018194498237144913,0.0024943962950610514,0.003453131719811898,0.0031645777646877858,0.0032709937649947392,0.0031021271490522793,0.0033288853761867096,0.0032413846313530123,0.0030609010357686276,0.0027820295656552155,0.001951827169808771,0.0035172690779960995,0.0032890744809304503,0.0033205174291993825,0.0022966011939614564,0.0016283373775393267
2015-09-11,0.0030447505340234805,0.0025551474784238338,0.002300167764181319,0.002829540194741386,0.00281557993040404,0.001637111297804695,0.0018041913498318169,0.00195877668775419,0.0014844944837569035,0.0019259443825892595,0.002633955462477181,0.00245694859114342,0.0025608986620167815,0.0023311791186682424,0.0025356048641715944,0.0024813497410345444,0.00235408892023773,0.002226012611053041,0.0015171230956536603,0.0028071547102476013,0.00260458434531826,0.002540920565448187,0.0017160042242056386,0.0012664604846469574
2015-10-09,0.003236423882133373,0.0026704834027510517,0.0024422966239319973,0.002953472182024083,0.002968168717024618,0.0017542982982729472,0.0019498501161125717,0.0021652114329112344,0.0015544477219483757,0.002091895128173226,0.0028442600865296094,0.002579527463544067,0.0027598615743123374,0.002427865410787352,0.0027314592172614787,0.0026801837979753993,0.0025131314409543725,0.0025045683835926693,0.001602783708610445,0.0030527338973247477,0.002796886548394222,0.0027149336432091505,0.0018460405248359368,0.0013661360455134168
2015-11-06,0.004029516231509808,0.0032320484094824835,0.003048273720134402,0.003628435515439945,0.0037497676326874044,0.0021966072430610853,0.0023893749659048375,0.0025541400099058234,0.0019564776606536866,0.0025760632234437635,0.0035906586583036876,0.0031784173505749647,0.003428167074701705,0.002874481362442825,0.003432811337607361,0.0032696805450075383,0.003002296200202434,0.0029761432006868206,0.001991949503886837,0.0037853240733643468,0.0034522494838842197,0.0034540386470046803,0.00225649949002605,0.0016501744736515955
2015-12-04,0.0038480654498989986,0.0031174545683649454,0.0029394384044248425,0.0034673997783519488,0.0036499646778202243,0.0020571401061912817,0.0023499269313754186,0.002459922675418954,0.0018484035758266223,0.002468367899157425,0.003433961407595743,0.003070269711912291,0.0033245602607495733,0.0028841372583330673,0.0032311684676085504,0.003045874996935922,0.003030234793972856,0.002887484896885019,0.0019042594058779935,0.003760454241091426,0.00336645665105414,0.003272024216978275,0.0021022724653318443,0.0014849455090483244
2016-01-01,0.003474303156390127,0.002784215696362401,0.0026124854928142242,0.0031261710836253793,0.0033031564092678603,0.0018387998653157452,0.0020618455828494676,0.0021296301375463545,0.001594501515960353,0.002155142392258893,0.0030256125139345655,0.002766390293018277,0.002910852354247815,0.0025101384507690266,0.0029093470281965736,0.0026990275933400937,0.002639565322301543,0.0025363041779458135,0.0016694329395319477,0.003281727527896784,0.0029739383016532885,0.002914172049518934,0.0018793878499019088,0.0012912143189698943
2016-01-29,0.002602153431965309,0.0020616801426542202,0.0018337114842200098,0.0021974697513943734,0.0023054593139494126,0.001261677411566854,0.0014221685774893742,0.0015397709981426696,0.0011253149236535366,0.001511807231701952,0.002120417422701609,0.0019455964993078168,0.0020708198322792475,0.0018148152411344464,0.002098472636372765,0.0018104793939239718,0.001901644742075388,0.0018050441957086333,0.0011740187661349359,0.002429737083524875,0.002187831121813469,0.0020486824685335076,0.0012483755494985108,0.0008044631633320488
2016-02-26,0.00256533912663577,0.0020647666136573753,0.001858968989430093,0.0021818412921442492,0.002292094221306431,0.001283455623590741,0.0013886222764704064,0.0015333324434158766,0.0011131536436851804,0.0015581574918142513,0.002076895938728941,0.0019192904839426665,0.0021177194051302073,0.0018617951226659098,0.0019736461547412674,0.001785434882366899,0.0019808897491371247,0.0017726399135458589,0.0012240939477347944,0.0024559042622427046,0.002149056198526548,0.001988307465876783,0.0011959968186454949,0.0007739904465554482
2016-03-25,0.002908198225423467,0.002332701028788622,0.002110972043189682,0.0024429994841134624,0.0026278703414370688,0.0014475149009698712,0.0015503287231376733,0.0017108654971410588,0.00126046254810462,0.0017361099166563632,0.002340772166586033,0.0021496756580493236,0.0023632052719718163,0.002120968930369334,0.002244337150252907,0.0019966981403959226,0.0022269880544500812,0.0019408603901735902,0.0014302080219097478,0.00278037155742136,0.0024487862457792664,0.002246155124902973,0.0013503247574975534,0.0008792828934739996
2016-04-22,0.002994486900695021,0.002485366408577336,0.0021806729079396976,0.002580295368501309,0.0026899824020829963,0.0015066313644599284,0.0016486843467200675,0.0017913612182357545,0.0013356068191396383,0.0017918495203655882,0.002420262113226344,0.0022692364396701466,0.002463085252223807,0.0022252911711298836,0.002347948779347618,0.002101806779607338,0.0023260501215239316,0.0020082012064297364,0.0015196287061222079,0.0028599203874208018,0.0024977212382610117,0.002341522047626886,0.0014275605925960718,0.0009412828560437322
2016-05-20,0.002427355570851776,0.002053466666374796,0.0017866995872173877,0.0021031555919795975,0.0022016311098780267,0.001221574764712393,0.0013666837499742605,0.001491329906064444,0.0011062383688426479,0.0014625922451940974,0.0019749051344036643,0.001848610258377384,0.0019936038027427504,0.0018237810020987743,0.0019218022290474223,0.0017311181395329718,0.0019026452500284085,0.001701636685384701,0.0012291387831010639,0.0023498978960855266,0.002065923350015574,0.0019447335233858303,0.0011867141778344665,0.0007657996372406266
2016-06-17,0.0029347142120842826,0.0025011891562693143,0.002161591300189454,0.0025495256187257347,0.0026432021980937422,0.0014478890183857787,0.0016226109256739555,0.0017977241136744343,0.0013169184457035674,0.0017418647057314716,0.0023742253053037517,0.002228579713633993,0.0024001072362206358,0.002185279793854551,0.002318391174300542,0.002069688083520569,0.0022975985834451113,0.00205736193616838,0.0014397196787281836,0.002867538111988116,0.0025363074206335014,0.002321607362061886,0.0013990697589147175,0.0008865305060958089
2016-07-15,0.002487257875201491,0.0022016447896954718,0.0018551564107358593,0.002178665418462184,0.002254302950369629,0.0012466449245982156,0.0013528060168504978,0.0015571192441543764,0.0011170287165071457,0.001471997557914571,0.0020465601568830614,0.0019269572885601172,0.002063972096647231,0.0018794259002086532,0.0019726007631782265,0.0017826120417166252,0.001957802285829838,0.001771570636009995,0.0011930606067336695,0.0024781789918318043,0.002177712167470041,0.00202791360066803,0.0011742231625463152,0.0007302799524344456
2016-08-12,0.002839399806774173,0.0025197274975543686,0.0021155149327766716,0.00249155219296599,0.0025801548629899424,0.0014165263482163594,0.0015308987307721086,0.0017827735465403322,0.0012744112228718614,0.0016809734090979455,0.00232692095791273,0.0021970596248627803,0.0023740054190854146,0.0021353353992433995,0.002272468544985386,0.0020212115068176115,0.002220602121227662,0.002015447060353521,0.001379871452075275,0.0028366370131992537,0.0024876133655425034,0.002316983859035171,0.0013345806658214127,0.000811099727057634
2016-09-09,0.002697690964895808,0.002398300504140847,0.0019936582302324556,0.00236940801214486,0.0024848869235439964,0.0013250717234755062,0.0014574799467545164,0.0016790969088580645,0.0011958590491783008,0.001585771240827478,0.00221718586251574,0.0020867870233442576,0.0022564990011556237,0.002013895819612356,0.0021678025822341723,0.0019125269133752983,0.0021015514991994323,0.0019121261529343797,0.0012551835434036537,0.002695523158185995,0.002415490865834736,0.002209677230281164,0.0012760764690393875,0.000748997837776754
2016-10-07,0.0025669498980141307,0.0022701033101822582,0.0018837254513155686,0.002229909041538773,0.0023227182919702515,0.00127809660387429,0.0013734959486758273,0.0016060490424652646,0.001139458175536815,0.0015098793753611465,0.0021087079324361296,0.001970393769989506,0.002124228612032828,0.0019186387855757228,0.002063294690843746,0.0018118670027441202,0.002004288187205057,0.0017998468383192264,0.001197785711153685,0.0025702159464018725,0.0023468861224622555,0.0020818821084661954,0.001219905006930175,0.0007385535150806345
2016-11-04,0.0021083670585970845,0.0018420779699263791,0.0015470696947015414,0.0018155769364460541,0.0018945118531840956,0.0010337340765231141,0.0011144893694658485,0.0013437844922706368,0.0009181215310574819,0.0012344151129073402,0.0017219884472820818,0.0015874418793518684,0.001733012725225542,0.0015746933229674332,0.0016880278893075494,0.0014824017288935418,0.0016453226334163303,0.0014764041145839603,0.0009757672955225541,0.0021220186923461256,0.001915048441143595,0.001693625189044174,0.0009780656966078933,0.000597100551272452
2016-12-02,0.002363027571721506,0.002223375438036816,0.0017580110571899729,0.0021256160329096935,0.0021034483292476265,0.0010665247793154769,0.001222439108801614,0.00148390129382747,0.000962286226151642,0.0014163172685043807,0.0020076323797917957,0.0018372821340528495,0.0018841979307065383,0.001752698159709081,0.0018952776604461783,0.0016983170894210144,0.0018334889481548416,0.0016989399645496947,0.0010526493383878727,0.0023578519529897464,0.002108509377442555,0.0019424589852296763,0.0010978664373707972,0.0006007070343164939
2016-12-30,0.002480102279461118,0.0022668933977275383,0.0017797402508634905,0.0021487080177004475,0.0020885773380972163,0.0010841657878085716,0.0012296443276125757,0.0014651666433030612,0.0009876012020416348,0.0014269140193996722,0.0019935748275497728,0.0018549209213800507,0.0019123209220888236,0.0017907913010682304,0.0019072359017436155,0.0017092388672254716,0.0018718161077013874,0.0016838339296594892,0.001076791938551145,0.0024050428031721976,0.002138749836913355,0.0019713315892417355,0.0011210603655841527,0.0006078072534729812
2017-01-27,0.0027271181204211515,0.0025070583368484315,0.0019380128830224447,0.0023604812690474885,0.002299323118922987,0.0011804621064342615,0.001345203436090036,0.0016075714895052904,0.0010908271196586117,0.0015625319553336217,0.0021761093123300198,0.0020014219737846954,0.0021173021424277993,0.0019791616975238136,0.002084240682831708,0.0018879766867188582,0.0020654983533687603,0.001864339997685942,0.0011833768660229694,0.002650072942100559,0.002371976676492371,0.0021683598261854013,0.0012274906649767806,0.0006651398333049319
2017-02-24,0.0026508108386366163,0.0024568018852057006,0.0018898273338065696,0.00231095516680472,0.0022055080278364616,0.0011390874436531019,0.0012904720824699794,0.0015535349742278573,0.0010570233552832404,0.0015255734611043055,0.0021228786617364663,0.0019503861482927838,0.002068009477249089,0.0019360479416492464,0.0020222360191092894,0.0018349530294892308,0.0020112061474270625,0.0018066830083720295,0.0011416182925216693,0.002566632004123924,0.0023002148624893387,0.0021312067713150544,0.0011819078450166882,0.0006275174180336777
2017-03-24,0.0027681420706343342,0.002546567667704898,0.0019686569806736417,0.0024033072460029558,0.0023229197041051406,0.0011960262684697408,0.0013504072652308179,0.0016238670895123558,0.0011261845579989133,0.0016050925085784493,0.0022078604170697076,0.0020317791346633664,0.002159774258715794,0.002021871283098035,0.0021168641615451557,0.0019164112346594028,0.002100047871612627,0.001908051220949117,0.001227804455906741,0.0026792263910731394,0.0024175800141175126,0.0022415693713518535,0.0012320836736228874,0.0007062253178287708
2017-04-21,0.0026214599925464253,0.0024286988906802886,0.001838780290534249,0.0022550439090720984,0.002207029188519006,0.0011298966650720845,0.0012693741866213926,0.0015232654901080555,0.0010814382266357944,0.0015033072533900962,0.002078049666147569,0.0019065808469116514,0.0020376086377068294,0.0018897894392731474,0.0019987780196159427,0.001765913809782311,0.001963308501822977,0.0017606109695427283,0.0011433421115436147,0.0025430293037484166,0.0022962931393985886,0.0021176898568750317,0.001182581625067684,0.0006578459386844395
2017-05-19,0.0027229375966502513,0.002525335669574341,0.001909914681062924,0.0023367518119487662,0.00226956204273303,0.0011689337109960845,0.001330101873885989,0.0015961620560859997,0.0011030589100682713,0.0015758097528488458,0.0021632437815696914,0.0019822536053158905,0.0021181068941789672,0.0019489495695838386,0.002080911671958893,0.001833306123578702,0.00203850339666369,0.001828407683026248,0.0011720043511677472,0.0026349134494324804,0.0023810234143634926,0.0022090650565824974,0.0011971188547422835,0.0006844263792591485
2017-06-16,0.0025467956277323983,0.0023440628545314296,0.0018045561347149368,0.0021841423154660682,0.0021039519898179092,0.0011106769227093864,0.001245231374577147,0.0015053850451480638,0.0010514374663236352,0.0014914136674453499,0.0020266766372861356,0.001855497955153617,0.0020060169937774247,0.0018332635326997913,0.0019521186831373387,0.0017294304210064514,0.0019124678855187173,0.0017198383720068945,0.0010953133916846746,0.0024780292891703123,0.002241450987830279,0.002088902843050311,0.0011484005129240294,0.0006541930674056861
2017-07-14,0.0025015997771883707,0.002277532577011967,0.0017557359035985656,0.0021253844536544076,0.00204806043315657,0.0010828960308521573,0.0012243006550076865,0.001466432853249875,0.0010437289818099778,0.0014634795344416532,0.0019832437675909613,0.0018069014725036314,0.001981556262332059,0.0017841338646228733,0.0019073350995574708,0.0016958916327540995,0.0018658826690141136,0.0016811311001466783,0.0010867565900155676,0.0024454983807024057,0.0022154779244183305,0.002039290039881672,0.0011387099428183058,0.0006553414618356905
2017-08-11,0.0027481490434204158,0.0024834819522140308,0.0019363953590520798,0.002333196999864563,0.002246326702885848,0.0011612280828342183,0.0013331553030055477,0.0016212076543253326,0.0011418203985623311,0.0016146356965297457,0.0021664988976045365,0.0019666031984927833,0.002191130706640676,0.0019627912283867524,0.0021012972856608594,0.0018753589313885242,0.002066582910865438,0.0018662591219196435,0.0011963699227147246,0.002734441528631517,0.00246023711246082,0.002224138241849146,0.0012465953174790412,0.0007045888948748988
2017-09-08,0.0025969380768264528,0.0023231569008427327,0.0018244992243328663,0.002180346065796884,0.002119961165871217,0.0010700327489093176,0.0012419414230982041,0.0015184063278864915,0.0010500704783024538,0.0015175629606122806,0.002032687470725987,0.0018262372245657396,0.002050876025909965,0.0018374395681218876,0.0019782950991186457,0.0017480241138097558,0.001935738884278181,0.001751793697447293,0.00112767674938841,0.0025467723903618224,0.002289673333221002,0.0020668596731029504,0.0011724504175991061,0.0006379684091363878
2017-10-06,0.0032267230467323688,0.00294275668333761,0.0022467716578186336,0.0027384929584574045,0.00262084363855932,0.0013189168845414634,0.0015430210854091506,0.0018641085802426568,0.0013020271131491598,0.0018866578612844443,0.002517771186180319,0.0022784462065212996,0.0025348427619655786,0.0023061782056665865,0.0024471421841517752,0.0021574972792715867,0.002396918221694677,0.0021653636723176183,0.0013675794856580319,0.0031946616856730536,0.0028731711113229694,0.002583835589662387,0.0014840129388765352,0.0007497458499296814
2017-11-03,0.0028914752207134125,0.002636440421075028,0.0019948111346396605,0.002459785136657921,0.002307492261661284,0.0011886482622973805,0.001378709475082984,0.0016338684472730633,0.0011455069473609088,0.0016640269861066123,0.0022346436961023066,0.002010984105212781,0.002245170708894404,0.0020544571824372988,0.002188541511577927,0.001890002876284605,0.0021333410315700716,0.001841221977428025,0.0012477877139893598,0.0027180416553358117,0.0025465201796185163,0.0022242049893978297,0.0013392078192115428,0.0006435352152386836
2017-12-01,0.002778445374856722,0.002549516465497259,0.0019290218706481375,0.0023712224630634783,0.0022127086616328226,0.0011306649973562071,0.0013015046137213292,0.0015758934766823803,0.0010907470633347287,0.0015984393014284648,0.0021501007393889843,0.0019288842562372325,0.0021677212555907743,0.0019623547733976644,0.002103727752907195,0.001806640392854101,0.002052795711768672,0.0017681441278596089,0.0011889659108781578,0.002611353984101467,0.0024455701718760427,0.0021410732729221444,0.0013036690568637994,0.0006138721791344881
2017-12-29,0.0031093011978372905,0.002917369244249116,0.0021315888250904714,0.0026839396318220177,0.0022913755000923686,0.0012413310402060744,0.0015137318272119232,0.0017614848833301376,0.0012235235524653025,0.0017999354191198613,0.0023649626475812104,0.002167790273701843,0.0024157773325203208,0.0022562990999468644,0.0022655717040336656,0.002061685370619276,0.0023847935203040777,0.0019885671993231323,0.0013519408634676388,0.00290063988761844,0.002716376263869833,0.0024564205325893758,0.001406116753848215,0.0006485654276545731
2018-01-26,0.0038297112475098754,0.0035147327545730464,0.0025914092439109225,0.0032792492637775464,0.0028252844845948256,0.0014797136085336498,0.0018838983180703966,0.002211486375375648,0.0014668320354459528,0.0021969253204922935,0.00287295428441678,0.0026079458410973354,0.0029535920619802366,0.002762115627193037,0.0027940364169434513,0.0025577653707734432,0.002943830360616143,0.0025094438050061994,0.001617403561742731,0.0035397532666033146,0.003289920584418068,0.003020432974360854,0.0017005664884570868,0.0007147181401027977
2018-02-23,0.0027389629800736188,0.002666958103694657,0.0021298291990858934,0.002554075547621904,0.0023009379722057906,0.0012514977393243713,0.001649599525010113,0.0018409979493989614,0.0011809398941847855,0.0017801133378474259,0.002269428529612293,0.002038100232900264,0.0023107788806553966,0.0021527339163039776,0.0022001926968121975,0.0019461346719499041,0.0023792797962244347,0.002129383292955991,0.0013832934628858276,0.0027452250917880255,0.002612627190159585,0.002384750403043362,0.001348895454125674,0.0007575300903206129
2018-03-23,0.002987442732755317,0.0029491404531323553,0.002329142407674979,0.0028243847502725946,0.002446070056260045,0.0013502597138655382,0.0017599888676134046,0.0019976506773268015,0.0012456953488999907,0.0019692627110150453,0.002504243103467721,0.002271366544754844,0.002515986857283266,0.002292805561649285,0.002448761425337758,0.0021444740504174414,0.002582148963725415,0.002290390541773102,0.0014627548346020098,0.0029479500944557557,0.002786941880713944,0.0026052166502045916,0.0014363170888086496,0.0007490108078276081
2018-04-20,0.002459533739770696,0.002464109912728729,0.0019110090926191426,0.0023600749051614863,0.001947911010904517,0.001191394752493713,0.0014434637315637263,0.0016852832572774772,0.0010521812812737256,0.001617501357687042,0.002042442541752735,0.0018769612132234726,0.0021518987448816743,0.0018316672111173158,0.0020389304473620935,0.001745923508956767,0.0020907273742190127,0.0019409131654673632,0.001228114607593625,0.0024821796267192175,0.0023217881468067295,0.0021211211369225234,0.0012439840668704398,0.0006205990809370688
2018-05-18,0.002621063035025743,0.00267628918736522,0.002048376817536899,0.0025527235189812284,0.002130210117656974,0.0012572987385983776,0.0015107303733544453,0.0017914985380230169,0.0011165168952107095,0.0017015244023588175,0.002226551039018474,0.0020208151816549468,0.002290407143093581,0.0019336895955697872,0.002199780066072688,0.001852440457936542,0.0022023147199838364,0.002081652233955598,0.0012909423021867158,0.0026953696026906712,0.0024671072299422146,0.0022814926615033143,0.0013204342582169397,0.0006167357093658636
2018-06-15,0.0028356831183926705,0.002891362839285219,0.00221714907490979,0.0027505943680108465,0.0022803225310888313,0.0013570081389759209,0.001622061130649737,0.0019328013210361643,0.0012097326861511906,0.001833576650783562,0.002390297377015979,0.0021762268200874848,0.0024644358191862536,0.0020922315181448304,0.002369900809436948,0.0020094573191970014,0.002385094283160822,0.0022481351422346456,0.001393531338754763,0.0028989357973446543,0.0026497660055269613,0.0024437882155592264,0.0014342578167995078,0.0006342911001314841
2018-07-13,0.002765192505437619,0.0028003528924463125,0.0021482228893835442,0.00266771692631575,0.0021643861954721384,0.0013105232840241584,0.001562621235053122,0.0018855683266708802,0.0011674665962587093,0.001814714986448516,0.0023179443084179923,0.002129075133106971,0.0024000806606882543,0.002003309634036199,0.002283818651244567,0.0019523605321988058,0.002309564544031044,0.0021889628342253204,0.0013285861525493487,0.002838049846894714,0.0025645374455249385,0.002386046870340234,0.001382762406333475,0.0005962709405281236
2018-08-10,0.0031602819839060747,0.003166518087190485,0.0024087089184652915,0.0030084141008883667,0.00242161769787904,0.0014770086912961576,0.0017602384681774164,0.0021330179461064203,0.0013220848292695914,0.0020635436091816055,0.0025921341717209004,0.0024240291460453645,0.002674692616731191,0.0022834558604393415,0.002539191952394418,0.002155986617065273,0.0026138761598731787,0.0024269383488932984,0.0015126189550562917,0.003178423517498343,0.0028736053753361623,0.0026602022109836823,0.0015205648069045285,0.000623834112626005
2018-09-07,0.0039351009582015055,0.0038803818848655277,0.0030383809815474555,0.003676838405921277,0.0028054353926970253,0.001746797213286181,0.0020599815446874195,0.0026070979396988583,0.0015029937169787663,0.0025137753964502084,0.0031717962783127988,0.0029347847015871176,0.0032189197556519375,0.0028288316100818977,0.003098955034561329,0.002609127331509996,0.003236943279098004,0.0029388610492137833,0.00182522228429221,0.0038572989481094142,0.003449844981715371,0.00329765288260127,0.0018664871198777653,0.0006589845164092433
2018-10-05,0.003771374212292944,0.003760634825112287,0.0029253935831310713,0.0035486777236443845,0.0027293506603666678,0.0016890536723332059,0.0019377944938341954,0.002434166862585557,0.0015257467435179813,0.002388349672404666,0.0030189084028676002,0.002839635073361781,0.003107201610661625,0.0027636934653662622,0.002943833563336602,0.0024727736315710994,0.003103400135778821,0.002716560943264483,0.001760726461243453,0.0036758956208764997,0.003307955515582186,0.0031265880470541345,0.0017999531447534618,0.0006347220021852577
2018-11-02,0.0024426992013334586,0.0025751632532336746,0.002006835105801983,0.0024478024391002976,0.0018893960659403168,0.0010812652304713734,0.0012421132035063504,0.0017471367482734038,0.001042860275274781,0.0016060810187427832,0.002081821258933224,0.0019743900928181498,0.0020980239102036005,0.0019478788203663815,0.0020242213835475666,0.0016917433471610654,0.002169640663197692,0.001913619663910678,0.001183464433006319,0.0025352227055323146,0.002179182257028715,0.002145843271122151,0.0012423649135097446,0.0004594865754419553
2018-11-30,0.002325726101890961,0.002509422325482637,0.001959868574964789,0.002410588133166455,0.001848672315657865,0.0010926954347574124,0.0012300710286563122,0.0017421977920160548,0.0010348069801276699,0.0015846801046229323,0.002054427261460753,0.0019456167953414854,0.0020574986349079314,0.0018228628616891202,0.002036580378565259,0.0017068756671426448,0.002119547999829346,0.0018629080710250913,0.001136557138489026,0.0024717999128137016,0.0021235057911570014,0.0021054742250129167,0.0012222608913764704,0.0004856903760087165
2018-12-28,0.0017396817554202835,0.0019203782025051161,0.0015190203988981754,0.0017997328182037915,0.001429051378788863,0.0009253537112313772,0.001053572716732882,0.0014725627507803916,0.000850124319025289,0.0012734686278617563,0.0015991859387884757,0.0014252132530580218,0.001656195202564962,0.0013823637184882623,0.001502977102347914,0.0013835235346809174,0.0017677995369539024,0.0014821048705421906,0.0009120399175340708,0.0019153612145106382,0.0016752454698200421,0.0016845214070597505,0.0010094709784888903,0.00040072030450974964
2019-01-25,0.002836085607382635,0.003237395781914773,0.002597171898808656,0.0030341873925248445,0.0024124086761452396,0.001559780664312703,0.001863632597448559,0.0025051979319876887,0.0013517155393588801,0.002162940728218876,0.0027391947625631475,0.002393460773648364,0.0028186808399837913,0.0023213742154457426,0.002462558095649383,0.002470012371467384,0.0030357632829778186,0.0025091648618117074,0.0015463061092596498,0.003129896105670534,0.0027467993005689424,0.0028522861648601562,0.001778250164172105,0.0006554931936121986
2019-02-22,0.0030939476199865405,0.0034985871481731,0.0027809171301174077,0.0032937434956089398,0.002648215485412745,0.0016604149701848275,0.0020871390920656255,0.0027497541379569034,0.001487838115109146,0.00226772359507421,0.003043115586422342,0.002623147577952028,0.0029582109968852278,0.002441442912842172,0.0028340328927203918,0.002698366936561865,0.003176755038178167,0.002786774450140432,0.0016030891615026767,0.003324727110093671,0.0030032181753512056,0.0031907926947552538,0.001992662948933766,0.0007308170606855037
2019-03-22,0.002759426075603324,0.0031838318071834896,0.0025363378111621353,0.0030203628636230754,0.002410150909570173,0.001509947197790971,0.001929457036523062,0.0025981554195035486,0.0013775224469780324,0.002088171073253513,0.0027532178715325424,0.0024157437414210545,0.002749553704445625,0.0021851866290582343,0.0025283801827202454,0.002430269801658839,0.002924827388210356,0.0026394380923973225,0.0014004054481087003,0.003073874035522282,0.0027644846781187684,0.002908477886353596,0.001840873071350748,0.000644739005831502
2019-04-19,0.002768626127398516,0.003185039981701363,0.002503639889254787,0.0029742549491194796,0.002423525681994315,0.0014700502068804681,0.001858674119876149,0.0025485905295217536,0.0013715815794023251,0.0020618052632688138,0.002748236378111606,0.00236178623084344,0.0027071862852358535,0.002172639456773048,0.002521636660940281,0.002402199121464884,0.00286971578622494,0.002643934330904128,0.0013644306220294904,0.0030599940674113377,0.002734870993790534,0.0029188491939926794,0.0018247617989665887,0.0006039569142469436
2019-05-17,0.0028206036810211953,0.0032513380101262842,0.002566024331717332,0.0030421799517359543,0.002447956641893502,0.0015392263691307688,0.0018685544829108746,0.002619889898824666,0.0014233946928354085,0.0021212100873893983,0.002826748207328126,0.00240600161817025,0.002795326911640591,0.0022129655160983983,0.002588108367363677,0.002486595758426953,0.0029746035084794223,0.0027133537071292583,0.001432039011431553,0.0031503495638842693,0.002788674124335242,0.0029590055975986375,0.0018658785536366529,0.0006679891718048413
2019-06-14,0.0027510257001788774,0.0030122224782930477,0.0023638244657828334,0.002832514964701283,0.002340792797024527,0.0015058313022765393,0.0018118005372857262,0.0024336944268423303,0.0014149246695310056,0.0020043496018608176,0.0026728312915944574,0.002233681554203085,0.0025931349159364764,0.0021827064513191188,0.0025049576625511298,0.002248375821100582,0.0027474045370314603,0.0025213909411432207,0.0013251175912221906,0.0029835341478696474,0.0026756223549816134,0.002797340753464073,0.001827809916622442,0.000667662839362198
2019-07-12,0.0027363556106698808,0.002993453342155586,0.002339140668280366,0.0028304558142986202,0.002384065657196777,0.001475311334868068,0.0018228954706284094,0.002451122943516846,0.001398531750069252,0.0020018629088496506,0.002676297922123037,0.002208898436576886,0.002611427598147162,0.002144053835090398,0.0025060454414131254,0.0022548446533063446,0.0027601962973716997,0.0025109615169553695,0.001312491222623679,0.0030005514792250613,0.0027031788624174635,0.0027539135490495595,0.001841848071860029,0.0006539395442281982
2019-08-09,0.0024751323235623316,0.002720328618491802,0.002111004775054365,0.0025593900416671683,0.002166423616253272,0.0013434233064792088,0.0016587441867679444,0.002198280838459152,0.0012471427230458072,0.001822047869559697,0.0024309894852322152,0.002021742549289031,0.002385284295765739,0.0019825645239412814,0.002253153578370637,0.0021093981227350185,0.002545688399846633,0.0022264427749577893,0.0011546907372674226,0.002765635832682912,0.002453982320562451,0.0024833183186337136,0.0016788316990013568,0.0005823151433426027
2019-09-06,0.002552353950188766,0.002794936871812401,0.002157450046291767,0.002607181498324811,0.002230289098840858,0.0013410309726596462,0.0016874580358573494,0.0022350622040824383,0.0012620220062806663,0.0018533785245142356,0.0024841059832432484,0.002057218585825407,0.002423632534975578,0.0020443038186212952,0.0023108340376941233,0.0021665481961195797,0.002569782419136651,0.002254155466394583,0.0011611793834326262,0.002820514014062997,0.002491908065213003,0.0025460502348643027,0.0016939545017482737,0.0005843814869449146
2019-10-04,0.002579344252894318,0.002822353564692733,0.002134433644080844,0.0026224446014789086,0.002292098087738193,0.0012878608283823203,0.0016733591561313072,0.002232169177883306,0.0012074510492803797,0.001833799796373394,0.0024740558328141967,0.002046674171704051,0.00240552207129536,0.002024016033166892,0.002304123499864195,0.0021724549665947802,0.0025704952774465695,0.0022540823471355,0.001109630404396568,0.00282983259233763,0.002478247966496669,0.0025759293896220996,0.0016923344368787417,0.000528999721381677
2019-11-01,0.002964477626554796,0.003272077610284836,0.002420252827917788,0.003016490430814055,0.0026550316876924143,0.0014722782826681576,0.0019147761653203483,0.0025145771308952456,0.0013919586100976434,0.0020848107427788223,0.0028499366925575625,0.0023519271720769063,0.0027550152795909714,0.0022914358573780332,0.002641099060391601,0.0024803855277879504,0.0029298503825166476,0.0025581270136421624,0.0012395851146491665,0.00324756109928161,0.002854753373889492,0.002989793648439594,0.0019293973087074726,0.000599581488394026
2019-11-29,0.002721793901255621,0.002849201334491563,0.0021872644411086188,0.0026872297104238974,0.002460503502996465,0.0014611421910052161,0.0018070731730933144,0.002378443474483491,0.0013384431101549567,0.001885425612375243,0.002561531542240543,0.002094088225682614,0.002625608992483414,0.002103838332102533,0.0024435658426492594,0.002265697327584522,0.0027067488007088015,0.002318523703407506,0.0011768905234835294,0.0030383855169930697,0.002697263813943724,0.0027132443893019974,0.0018152802627269787,0.0006113162012027766
2019-12-27,0.002770172547544475,0.002920344328598425,0.0022483976944187704,0.0027694072684165323,0.0025895274094325945,0.0014953132776016876,0.0018783751254635621,0.002493468822349469,0.0013691749522178004,0.0019468129060394778,0.002670480525215528,0.002160826511158267,0.002695808923528717,0.0021460973625867714,0.0025349595822520316,0.002343577056519469,0.0027973549750475862,0.002448705502248174,0.0011947207992420632,0.0031326124749240904,0.002793731267334534,0.0028039639867205005,0.001857770186947884,0.0006198036366386416
2020-01-24,0.002808031176707485,0.002960669344048382,0.002313841313599903,0.00282643106343268,0.0026193920035632074,0.0015552102179463693,0.0019055591358531046,0.002547194903771995,0.0014160271122875857,0.0020002802661373362,0.00272080407714947,0.0022122911365766006,0.0027559195350904467,0.0021907242752121875,0.00259735654586184,0.002407029467732631,0.0028424351104434854,0.0024886959258476017,0.0012389182129933674,0.0032075414105861497,0.002869838514287425,0.0028887392087633655,0.0019071911493199073,0.0006618902847534048
2020-02-21,0.002667577841977688,0.002845837938057398,0.002209454966083276,0.002678604346228648,0.0025753017825048243,0.001497196687425547,0.0018248908420891137,0.0024943313686508263,0.001348645543768104,0.0019276301084003784,0.0026222912323572807,0.002136079373113854,0.0026472615482130996,0.002122821445684349,0.0025268829013516954,0.002354365844031104,0.002704125024379035,0.0024195686916504366,0.0012310730555804368,0.0031407838250208766,0.0027622932176068443,0.0027876325920556055,0.0018361036260169362,0.0006100630500034852
2020-03-20,0.0012403745902562935,0.001325597464848072,0.0010625458967206648,0.0011769670816933987,0.0014296951607203456,0.0007888268781971777,0.0008579956002394847,0.001131509060793181,0.0007159609577519134,0.001059962868544545,0.0012566495859909516,0.001121698398026003,0.0011127325818339013,0.0011749928659481185,0.0012186635219446343,0.001028579850569181,0.0011801862246381767,0.0010161324439084062,0.0007605364424322964,0.001317621130839717,0.0011965827845382107,0.0012805396003844251,0.0008108649162242992,0.0006091043597112239
2020-04-17,0.001992989248740324,0.0017743431404173133,0.0013526271608223564,0.00151096258671593,0.0017036503074312392,0.0010613825821006015,0.0007194073616303438,0.0014812761129967085,0.0007777537571121613,0.001627470845445748,0.0016534731527037005,0.0016256153331517984,0.0013514238552014553,0.0017438969256446508,0.001527292213901978,0.0011995745508420349,0.0013241871923080285,0.0010519678423644638,0.0014721713700121925,0.001559270957719669,0.0014256025031495262,0.0015414209611828607,0.0009760569887307233,0.001198690661336652
2020-05-15,0.00251581014042815,0.002170317572287722,0.00170181256738109,0.001879380779684577,0.0021704541799374383,0.0013407676017595156,0.0009223839491201745,0.0018804710961537103,0.0010103421680521952,0.002048805321240709,0.0020593850932059897,0.002032280753460687,0.0017267378102423473,0.0021968635314742815,0.0019052691743237412,0.0015324061786174596,0.0017092434262404009,0.0013363983052179036,0.0018368453051906413,0.0020070014551968876,0.0018236297295582897,0.0019212354608765527,0.0012367658444612888,0.0014982758559046918
2020-06-12,0.003311946983832012,0.002897315227939891,0.002191082398058866,0.0024199127294472524,0.0028593955200334757,0.0016766926455309289,0.0011408161677319976,0.00232286553548993,0.0012516883762267723,0.0026304182218243417,0.0026944772707292075,0.002626913784649475,0.002137335797653997,0.0028580320966062212,0.0024456276558527125,0.0019023909553000952,0.002118171863019517,0.0016046077733312362,0.002402242798515654,0.0025338874572884717,0.0022813408590017827,0.002513069666533471,0.0015795023710562495,0.0018928743673681434
2020-07-10,0.0030708135975180727,0.0027189633719123638,0.0020378898472576705,0.002259477772465003,0.0026786279622254194,0.0015775107836011617,0.001078684268421077,0.002173180449392639,0.0011811437592132315,0.0024417969572071907,0.0025171351546458345,0.002444402687627183,0.001957606220146299,0.0026622489965224734,0.002295447166428664,0.001788712455738525,0.0019527504167245553,0.001510789961073077,0.002228305419343684,0.0023388328251295006,0.0020613237305283512,0.0023540706931897653,0.0014799175415584752,0.0017576157823070554
2020-08-07,0.0035880042580074835,0.0031850578866511195,0.0023886066107483444,0.002654691689571359,0.003109611744473175,0.0018507956904862375,0.001280384619836639,0.0025472311131391452,0.0014018085186646258,0.0028598929415028255,0.00294432558170529,0.0028715383234751775,0.0022877155259658265,0.003120607073729222,0.0026883523035798424,0.0021125990066383792,0.0023023118292990717,0.0017721973575269845,0.00260894105123536,0.0027496237868466253,0.0024510970563419486,0.002775196612158069,0.0017453079108097293,0.0020617536503676035
2020-09-04,0.004203286973671728,0.0037415268463513425,0.0027961737413425367,0.0031223033357550413,0.003628156137259252,0.0021770120861258667,0.0015195298569871732,0.0029675872688251794,0.0016467627329064195,0.003382698722029768,0.003455964147509481,0.0033611486540414365,0.0027058782763476554,0.0036493874906729606,0.0031465742931989604,0.0025041078695797396,0.0026817033077751965,0.002049870553666431,0.0030418420276166914,0.0032185475412823523,0.002869746647191911,0.003279307309392371,0.002041668631910073,0.002400440764990142
2020-10-02,0.003259863771107897,0.0028999374700184265,0.002183288708905624,0.002427831852962613,0.002859423924104057,0.001695269110552897,0.0011891619422546393,0.0023234888750005346,0.0012849257706070859,0.002626624666679666,0.0026864808828933346,0.002611463284982608,0.0021391124443825805,0.002811462437684798,0.0024349695210787604,0.001969694925289727,0.002106939609973329,0.0016066948081751662,0.0023757193384198855,0.0025052727894472986,0.002259878193425259,0.0025373731094667936,0.0015758124580698876,0.001866876541916535
2020-10-30,0.003679988438556451,0.003273993040135466,0.0024573553432090957,0.0027349044770145045,0.003221138990129648,0.001915033918886128,0.0013580197838434355,0.0026232786326560527,0.0014622203421386349,0.002940281865026012,0.0030276673323599776,0.0029377967277935298,0.0024145179044563593,0.0031675262440184165,0.0027535527488380973,0.0022093364572939155,0.0023825207667709978,0.0018134190591361484,0.002674716371763891,0.002843948643978641,0.0025495547247666997,0.002862124695242973,0.0017649309169908754,0.0021178744708071355
2020-11-27,0.0037613299619927583,0.0033133758444696708,0.002593243044071638,0.002823557558583009,0.0032726061844108815,0.0019936092340762514,0.001474821665355346,0.002758577541472651,0.00153701930053754,0.003037149351339148,0.003138848257811106,0.0030258878627584685,0.002550364269325363,0.003258621962967134,0.002839024804734506,0.0023195934827700522,0.002485491215388599,0.0019187746098768765,0.0027435870987342166,0.002991732441367594,0.0026703861108676517,0.0029542331039377444,0.0018080396067406816,0.0021577176161572654
2020-12-25,0.0041784831621905156,0.003675391937752771,0.002860081407384488,0.0031279987394684395,0.0036419363651178857,0.0022049252628241556,0.0016170746852094534,0.003053659359353639,0.001691657402319391,0.003375629674844457,0.00346933871384654,0.00334723459948512,0.0028419511450676503,0.0036054591685707625,0.0031498304505622886,0.0025607387194104955,0.0027543893064868336,0.0021219862079802786,0.0030361262988088684,0.00335068567782212,0.002968877968659069,0.003256735832562545,0.00197739321000504,0.0023755357817783996
2021-01-22,0.003826546101167448,0.003320387947768457,0.0025772467200066186,0.0028179085749238425,0.0032853118821537346,0.00198836955366864,0.0014496882937886668,0.002751296907433191,0.0015303312333400485,0.0030358925460725753,0.0031181926944555028,0.0030120492029213457,0.0025467937379445695,0.0032421034618724666,0.0028472554043547068,0.002299372971247603,0.002460396943879971,0.0019031687179492224,0.0027392272396520594,0.003015050349122482,0.002660698342667956,0.002917231044441443,0.0017936017133114972,0.0021537059439321734
2021-02-19,0.004822589849731135,0.004129128849119764,0.0031291662462298087,0.003447366515888683,0.00405879880310928,0.002396266734194958,0.0016701752740786934,0.003303246108343729,0.001821128679995023,0.0037960949621749624,0.0038417498512798125,0.003701875998451769,0.0031128344812591884,0.00406327975397764,0.003491908547476818,0.002881244735718173,0.002986483737520473,0.002230112037934652,0.0033567583882709623,0.003708664489051679,0.0032475692284897454,0.003586779236959217,0.002145377074542091,0.0026205207729583587
2021-03-19,0.005329228683337244,0.0044201555397781825,0.0033829692671240854,0.003674197093097707,0.004297122086042558,0.0025796566406447305,0.0018654585956308807,0.0035490414028518285,0.0019688267557230223,0.004050742597616867,0.004104382150353364,0.0039427850252137025,0.0033510746669745974,0.004405408411181146,0.003753741430261723,0.003079249354423037,0.003257892645944259,0.002398069446855219,0.003634575593596662,0.0040186382266197114,0.0035336628972700884,0.0038386438705768377,0.0023100542929032847,0.0028834846514856154
2021-04-16,0.005466640795804958,0.004472420467217533,0.0034505359956285815,0.0037143548047030013,0.004435006241564256,0.00259564107704189,0.0018804585915366439,0.0035978692017060495,0.0019826787919557582,0.00415113113158251,0.00418730151269022,0.004023966103345276,0.0033696354546735733,0.004547271154941721,0.0038082360871247506,0.003136787610848289,0.0033350858687167645,0.002357087314226315,0.0037199752434557355,0.004045833015594263,0.003574874079561454,0.0038976794357648377,0.0023090592261687196,0.002965283615535828
2021-05-14,0.0054938197593828435,0.004455260999876718,0.0034461640754660096,0.003699487787277394,0.004422280017827977,0.0026091682422598327,0.0018938804832912958,0.003599965380872876,0.0019899720619802057,0.0041537042722998374,0.004170304715203048,0.004022235499071675,0.0033638831996601875,0.004558979702048228,0.0038100149312009658,0.003135308594215828,0.003339143275138249,0.0023529104018292974,0.0037305978277558196,0.0040399400312456975,0.0035811064123081686,0.0038797098298308085,0.0023073517276486857,0.0029929562015604287
2021-06-11,0.005292105296046673,0.00424188150486935,0.0032828433633053816,0.003529011230065569,0.0042233287380324435,0.002482470458060677,0.0018056439290333578,0.003437337781495474,0.0018826949913570328,0.003974495913177667,0.003987536666231966,0.0038396595636829363,0.0032163260693740744,0.004368829564289769,0.0036347960975934078,0.003002170213474818,0.0031902693470139067,0.0022324838296744268,0.003562913823051985,0.003884554593628608,0.0034231723629116477,0.0037125473227128196,0.0021932642719986574,0.00286069492286481
2021-07-09,0.005556439512910822,0.004506163875673781,0.003456937806758259,0.0037277102133776966,0.004504226416559233,0.0026203052007968235,0.001917658000756229,0.003604143158069664,0.0019953731014330125,0.004168413547120336,0.004205471963274549,0.004064625485285991,0.00337012101111021,0.004653592223326026,0.0038426757143635733,0.003161837255559957,0.0033387409946931514,0.0023401684345306885,0.0037657134782655083,0.004052653231299583,0.00359149909477455,0.003892988886723646,0.0023125593224280943,0.0030293389235908227
2021-08-06,0.005464661281823429,0.00443925246386763,0.003396465965170093,0.0036711061276879383,0.004460324096066205,0.0025679653743962342,0.0018869914764636276,0.003546865470851067,0.0019499027892945313,0.004130444303819286,0.004144066979717944,0.003994587757212823,0.003317773548501159,0.0046060465062969765,0.0037875297992950516,0.0031238928394477124,0.0033122958735381327,0.0023074352155188814,0.0036974260589904564,0.004025781368025612,0.003534357193978942,0.0038522128772995328,0.0022650040423540995,0.002962678970127535
2021-09-03,0.0055964892195854874,0.00455287797228169,0.003458753530681093,0.003756270103566236,0.004589407768695592,0.0026103694682710304,0.0019068871776691193,0.003591883253818925,0.001971868662377452,0.00422271294540011,0.004233162308734321,0.004071517539200883,0.003366135809795659,0.004704211590815849,0.003872380367743576,0.003190437852426519,0.003372427148639255,0.0023352998701061663,0.0037589062039457013,0.004116664791334476,0.0035928468293386223,0.003928630482133235,0.002303122624123795,0.0030044833362557555
2021-10-01,0.005498662413742085,0.0044920360364777145,0.003423660460466281,0.0037079576754752252,0.004522449999343835,0.0025848793883843325,0.0019005962246728607,0.003558387814455878,0.0019433863748796615,0.004168747552462628,0.004190918471733807,0.004021991786366582,0.003317861044256007,0.00464115787681413,0.003826241127541106,0.0031564447627449063,0.0033305877234247982,0.0023211044254566136,0.003726277271741162,0.004059208371076052,0.0035635241501405317,0.00389046616586271,0.0022761352962708562,0.0029838852634506948
2021-10-29,0.006398186126385218,0.005124039402801818,0.0039106147156025345,0.004230956504826357,0.005114044091084864,0.0030060257433472746,0.00224521920090868,0.004099186099172868,0.0022087810580630543,0.004814311960900805,0.004763884755996079,0.004592554071959447,0.003810325466559403,0.005348311835237174,0.004346661544028407,0.003589960084793156,0.0038123567362621357,0.002633870056922337,0.004327168920092816,0.004634710988767075,0.004120049115232697,0.004441792505804331,0.002563411334380285,0.003481501379564302
2021-11-26,0.006789610320835421,0.005319989261135212,0.004057437443355375,0.004366611293855501,0.0053171273528954495,0.0031200853939458185,0.0022863222175163937,0.004241183286149852,0.0022896616062451714,0.005049862530476341,0.004957662489405141,0.0047610338773852,0.003933931733884434,0.005589903834418034,0.004508165551865131,0.0037206054102207307,0.003893634563352777,0.002712628856939299,0.004533023174945782,0.00482961610039864,0.004222617823649967,0.004635843811949813,0.002649684798400007,0.003646713339392756
2021-12-24,0.007828682112955638,0.005930196156149293,0.004518336322479791,0.004850883149417441,0.005958955702617082,0.0033793534653302182,0.0024212160164085988,0.004663614888393597,0.0025035881239569586,0.005773948461276216,0.0055790019864339685,0.005398154061057367,0.004371224269754546,0.006413137121135458,0.005111825219753609,0.004114558139837461,0.004195885642480732,0.002828768558879443,0.005135893317605911,0.005399328333744644,0.004678038441858152,0.00509156959197391,0.002773296507895967,0.004179879222398561
2022-01-21,0.007011091470078732,0.005158261484310014,0.004053210465840776,0.004270247415826292,0.005178847828024327,0.003001269407561705,0.0021454625946602923,0.004191426690080669,0.002273830074549444,0.005194704699254642,0.004937447807828572,0.00477816641371151,0.003928568003905882,0.005751537427146169,0.004553698605305969,0.003668045368677089,0.003709931028422716,0.002534489577284636,0.004627196363722607,0.004859988491633614,0.004215191640348296,0.0045198453761096866,0.002406191183741617,0.00379560751155609
2022-02-18,0.005967710525576671,0.004373657820714068,0.003396916463726887,0.0036014817451005105,0.004278162570955354,0.0024734542079764793,0.0018208223873091385,0.0034896323743576294,0.0018606128375256356,0.004326569222853868,0.004105104221335881,0.003985052976443114,0.003313545119938293,0.004821250619927178,0.0038082320931934277,0.0031478431832787173,0.0032114132504630992,0.002122091365605038,0.003855807080509676,0.004213166944310751,0.0035760991474727798,0.003764334659883715,0.0019947224184976974,0.0031389204986651447
2022-03-18,0.005400528749163817,0.003988118653979837,0.0030538984822392947,0.003261550687086912,0.003782931037658237,0.0022753150796632794,0.0016189659241911721,0.0031491667042890348,0.001717257151956015,0.003934447599651178,0.0037128939847982274,0.0035962992056365376,0.0030230084732316776,0.004397717846377328,0.0034480135129914195,0.0028932444779399768,0.00289650327886731,0.0019008482271920726,0.003491836106259403,0.0038146237895469544,0.0032325004166086023,0.003388866353988652,0.001789863748146997,0.0028251890996176554
