,.DJUSBMT,.DJUSCYT,.DJUSENT,.DJUSFNT,.DJUSHCT,.DJUSINT,.DJUSNCT,.DJUSTCT,.DJUSTLT,.DJUSUTT
2010-01-01,0.0007117982852876422,0.0007019039961228231,0.0005666092726771348,0.0008572130281696137,0.00018534657073234563,0.00040222152412033754,0.000416448020982858,0.000642344399559562,0.0006448726974780459,0.00040752593153201374
2010-01-29,2.0404607287759376e-05,0.000250647621529293,-5.052160615274715e-05,0.0001495595823865336,-6.588672459013835e-05,-0.00011987515187056575,0.00011809673525716273,0.00016815532344072572,0.0002884585476844525,2.683506422997801e-05
2010-02-26,0.00040775887104573037,0.0004586638879319774,0.0003209342809901062,0.000493095484963282,0.00011936623301808289,0.00015610391793886288,0.0002621619283083483,0.00039013327961871926,0.0004793598378662328,0.000264766143099871
2010-03-26,0.0003500220867495399,0.0004591136821974129,0.00022652456541514537,0.0002946871004631457,2.0334820516917565e-05,0.00013055495586803523,0.00026463959497841154,0.000408221605979243,0.0004092607423917152,0.0003427118434864467
2010-04-23,-8.204202272396022e-05,0.0001038127215685125,-1.4209621088287977e-05,-0.000289182070560398,-0.0002793588617624601,-0.00023891958317957574,-8.996297524742771e-06,0.00011325452101535076,8.626749412322073e-05,0.00018625148464109783
2010-05-21,0.0010536363971038396,0.0010898793544153035,0.0009614028752009656,0.0013924793189829844,0.0005960788240621517,0.0007842205460212365,0.0007206904771009324,0.0008871525713288182,0.0009864963675437378,0.0007349453440372731
2010-06-18,0.0009954527814828402,0.0010736923295280585,0.0009533000337471682,0.0013605505572701349,0.0005311798262954997,0.0007799244840858531,0.0006969140154526166,0.0009103152823747245,0.0009417250387399402,0.0006922431388401751
2010-07-16,0.0009324278554295158,0.0010457932437694369,0.0009246600215521169,0.0012186138829620471,0.0006043549146612345,0.0007478402349158099,0.0006883528280252468,0.000840333064161615,0.0008884853530259889,0.0006415913462148347
2010-08-13,-5.5536278904229943e-05,0.00020441545716401557,0.00012310656329423428,-8.92068621785777e-05,-4.92868196437125e-06,-0.0001355267441116569,7.928550519868997e-05,7.506596868483558e-05,0.00016462323203570779,8.42178308327296e-05
2010-09-10,0.0009867472606197776,0.001043571337560805,0.0009602698964331307,0.0011556078789751545,0.0006363630696175184,0.0007625526161460697,0.0006950330316135273,0.0008582192852538708,0.0008453134927237447,0.0006092581573174107
2010-10-08,0.0001968400324598906,0.0004631881965850297,0.0003071345066443329,0.0004382468090293973,0.00024955913160056096,0.00016033105904857107,0.0002573589428729538,0.00031499570498913677,0.0003802899393513538,0.00020216014295342102
2010-11-05,-0.00020737042859016332,0.00016018510477199414,-1.734930988649526e-05,2.0736585134184147e-05,0.00010662217696122279,-0.00016519864433890382,6.711786188393526e-05,1.3222801590086073e-05,0.0001322525249222217,-3.400784757624808e-05
2010-12-03,0.0005011543900390618,0.0007434292709757419,0.0004858630118698599,0.0009023634539965424,0.0005576826434448091,0.00047222064167206203,0.0004974954431111271,0.000467426210239246,0.0006120122344250088,0.00029241222651740307
2010-12-31,0.0011033540775492196,0.0011805574523357848,0.000969493023246936,0.0015865274949902215,0.000821996683673184,0.0009792724528901182,0.0008112337752149514,0.0008591202116067938,0.0009894854916826451,0.0005783895615092407
2011-01-28,0.0007090215132392884,0.0009465123439239994,0.0007389306985257383,0.0011571440184365257,0.0007082876313336194,0.0006589117777619832,0.0006599176554017176,0.0006057417850244306,0.0008234486396676578,0.0004314328150490979
2011-02-25,0.0011396288305182318,0.001250634153126969,0.0011052374775984317,0.0017603338825916642,0.000974361976082573,0.0010520764483814042,0.0008522343798507565,0.0008826440643910186,0.0011288389191038183,0.0006405267549800338
2011-03-25,-0.00017708403119091732,0.00018410073464544103,8.061803487806579e-06,-1.8097213822837027e-05,0.00018678360120506324,-0.00013525046175006042,9.405977413318864e-05,-7.855276629667557e-05,0.00015129206370299272,-7.315038908049038e-05
2011-04-22,0.00017608660787867813,0.00043563991314220284,0.0002988239964722445,0.00034094435722227393,0.0003743513041178535,0.00012607689683323282,0.0002645610800774003,0.00018877575044096146,0.0003735975672151532,8.660083485785455e-05
2011-05-20,0.0007968124864031987,0.0009252928472141607,0.0008225053416803298,0.0012098834082901802,0.000773311780243757,0.0006877724798111971,0.0006158355622360469,0.000619489595394682,0.0008140243407899058,0.000431033906501764
2011-06-17,0.0004378874742661416,0.0006383213110695259,0.0004751466738058456,0.0007292199545755221,0.0006258949237483856,0.00035285290432259886,0.00046599914799784725,0.00034182828798702926,0.0006067430812718237,0.00019911657595198917
2011-07-15,0.002230708444109659,0.0019969311589865184,0.0019514011869768359,0.002858614671875082,0.0015925838583000082,0.0018243257464200585,0.0014098781436811723,0.001640878616185282,0.0017285393122904212,0.0010771087773077627
2011-08-12,-0.00053224581799974,-0.00011971435515864038,-0.00027686341318217556,-0.000342293346135508,3.0403181144579832e-05,-0.0005583362160643921,-0.00012363584623569215,-0.0003455518069964152,-5.2111338040441453e-05,-0.0003968832144718655
2011-09-09,-0.00022613072075236063,8.317185638227386e-05,3.95351427300145e-06,0.00012041592570481295,0.000270186477924745,-0.00027006676201027125,1.806791031733524e-05,-0.00011020760816564314,0.00012595605599077775,-0.0002831934787233147
2011-10-07,0.0007477043454437174,0.000805636137993694,0.0009133899739888243,0.0010829137655360168,0.0008060671971780911,0.0004947363011670719,0.0005893654598120555,0.00045433685037162425,0.0007670901866096189,0.00021526529337121254
2011-11-04,0.0009646116109264531,0.000999453238677749,0.0010597500653168313,0.0015749485199232187,0.0010111246441858717,0.0007607733319228542,0.0007093874107678806,0.0007030727603154253,0.000917615788816565,0.0003121306170347372
2011-12-02,-0.00040094537029442055,4.024707934033734e-05,-7.46559716130392e-05,2.4466193672702827e-05,0.00021601803509573535,-0.0003827397973525848,-4.572400513627013e-05,-0.0002464793206772364,0.00010131512515736959,-0.00032318438434677496
2011-12-30,0.000920251859428285,0.0010323079337465583,0.0009288947646805449,0.0013903905557038835,0.0009534912368772394,0.0006894440368023729,0.0006884354422745133,0.0006433606929582374,0.0008997427086381332,0.0003515077655790856
2012-01-27,0.0005183682907626175,0.0006798740860411,0.0005277737942124569,0.0007616653554822171,0.0006503044615090554,0.00028761920399167926,0.00043476093427213705,0.00034687797871540765,0.0005821553518181322,0.00010524497103741012
2012-02-24,0.0007426894475259854,0.0008351947711615819,0.0007086966549115712,0.0009106585453018888,0.0007511981281654731,0.0004641737814102012,0.0005586383114973064,0.0004825124068843422,0.0006941914542064928,0.000223604600835675
2012-03-23,0.0011387749441472848,0.0010820540039582726,0.0010343614855779322,0.0013512839511932353,0.0009544655453991989,0.0007825213092456573,0.0007328130744992614,0.0006995495138620219,0.0009472464191703005,0.00045025771990145965
2012-04-20,0.00036867498586002837,0.00044572983438974747,0.00039979111682243994,0.0002603105482019744,0.00048582743088675974,0.00011350519841396843,0.0003204931058438671,0.00016612368986608148,0.00040603351367996324,0.00010161490123507028
2012-05-18,0.0003413215912411345,0.00048337100664918713,0.0004255113642181646,0.00028940464926705586,0.0004509140991966038,0.00013547361240907782,0.00032950556844325873,0.00019626830389023924,0.00038804671764611936,0.00012054974420573384
2012-06-15,0.00047101551814607626,0.0005550452835421699,0.0005711936738186127,0.00039638365430043,0.0005573661331007475,0.00022793916787731388,0.000396384942749773,0.000301910648921231,0.0004302769712282065,0.00021976187698185767
2012-07-13,0.000754703763889674,0.0007896709081381707,0.0007523240395082293,0.0008295516041923368,0.0006293438601530873,0.0005042862469581144,0.0005383805690612935,0.0005471396176695468,0.0005954192893695958,0.00031901584845594056
2012-08-10,0.0009948632403900149,0.0009618753468534591,0.0009699260125699597,0.001046330214684775,0.0007559872976101755,0.0007159623925835799,0.0006631197310522129,0.000685744617417104,0.0007628878106795457,0.0004911111443936349
2012-09-07,0.0011269198966965311,0.0010775910459349058,0.0011027038687041395,0.001303890099265432,0.0008557123266183574,0.0008709596598028929,0.0007610262256794291,0.000797272520138231,0.0008775217140845069,0.0005258064539110367
2012-10-05,0.0010160220860788284,0.0010657081924292447,0.0010702660340601903,0.0012905769703381188,0.0007976085682082873,0.0008173072647692779,0.000705947711287113,0.0007052729137926008,0.0008575475811549489,0.0005599053698589125
2012-11-02,0.0001306087241331307,0.0004465055116594731,0.0003314914866290391,0.0002830296053932808,0.0003346164599492303,0.00012856912634879192,0.0002470099095579801,3.235162797034184e-05,0.00034520661883910477,0.00017870912587122809
2012-11-30,0.0010649158422438212,0.0010697577709743126,0.0010833772143570234,0.001281741415766706,0.0008446787968459,0.0008930785632604875,0.0007187888070407009,0.0006737764047391758,0.0009012488377667761,0.0006467063580618511
2012-12-28,0.001352796875085011,0.001253901083331089,0.0012835833388665056,0.0014472192124042797,0.0009459780937710589,0.0011026944999631136,0.0008903677668949091,0.0009189775671758202,0.0010762847520346568,0.0007844721805465831
2013-01-25,0.0014273493241948286,0.0014297561291153672,0.0013768585062527174,0.001573290504779003,0.0010047668024196189,0.0012551158708908761,0.0009595923610610317,0.0010623952607358024,0.001110920882685043,0.0008404388943909841
2013-02-22,0.0020938429205442596,0.0018867283461257098,0.0019609585034399456,0.0023167369955063863,0.0012821893542748677,0.0018112093464763494,0.0012846936390505646,0.0015781221334282176,0.001289208659212712,0.0011166169044736292
2013-03-22,0.001954326354778746,0.0016941975645492849,0.0018512584553245887,0.0020415745406266173,0.0011011316154557916,0.0016553693437490774,0.0011493407638350254,0.0014700753831018583,0.0011214853664011132,0.0011140996298197772
2013-04-19,0.0020627627641657217,0.0017089760831053933,0.0018707816646770597,0.002046549958023045,0.0011719110402716474,0.0016925105240076757,0.0011716146424019785,0.0014529974207618235,0.0011867248928545343,0.0011067333663943367
2013-05-17,0.0019305377352987238,0.0016782992432516047,0.0017792323548910288,0.0020267795591536724,0.0011238965609212948,0.001631772690060203,0.0011337855038243572,0.001401991289070779,0.0011452657910475518,0.001063878919995544
2013-06-14,0.0026163281563794907,0.0022077403640228055,0.0023773034132814246,0.0029026299439225177,0.0016034381791845262,0.002265329956565535,0.0015300029830137955,0.001868136296111435,0.0015844753299292817,0.0013671404656550683
2013-07-12,0.003003323453590836,0.0025305168083495063,0.0027261916936663203,0.0034809039284844417,0.0017923106451386238,0.002643203084631409,0.0017442883205858709,0.002236184694041682,0.0017997974990230892,0.0014771532956896424
2013-08-09,0.0025145119525976757,0.0019774191537476303,0.0022727611413440206,0.0025543552339139324,0.0013555242630443865,0.002113448419823403,0.0014041840014559007,0.0017467790230756147,0.0014074823426701202,0.0012462810682160224
2013-09-06,0.00299085789386777,0.0022169863509637422,0.002639597716124757,0.0032498050115564656,0.0016098467043591138,0.002576156812076865,0.001595369065755636,0.002148217099785359,0.001618826775624971,0.0014480604968134107
2013-10-04,0.005250112459331228,0.003819027195208924,0.004569777604048946,0.005530094489794992,0.002862786849359933,0.004431163377704721,0.002823348534264755,0.0036011296370956113,0.002923433724797472,0.0025203059258049627
2013-11-01,0.00457473279690942,0.002998877200961939,0.0038508082095040277,0.004570017822568361,0.002212571790556719,0.003865212297785386,0.002135100954526563,0.0030402245984572,0.0020859526592281316,0.001962428047281067
2013-11-29,0.004965531029054729,0.0031568436787705947,0.004403213074746165,0.0047945746105943566,0.0025865887745756904,0.004342103449113933,0.0024292531552420633,0.003357700317911667,0.0021214277458731566,0.002227997439594856
2013-12-27,0.004800705086544931,0.003211083041088818,0.0041474410703044055,0.0051510333451812345,0.0025754923795168385,0.004453417987793526,0.002436268492787382,0.0033484927672210217,0.0020788614153777786,0.0021233953324298884
2014-01-24,0.005265543515601947,0.0034962855467665413,0.004513180802336688,0.0054819179710005475,0.0027575873273430166,0.004800255593658875,0.002686485050735928,0.003763875533744389,0.0022644205653476724,0.002284802741757308
2014-02-21,0.006052607325106583,0.004041399973160689,0.005182171151603397,0.006290241826082068,0.0032367709647161155,0.005429174881885,0.003092067777581133,0.004340282796061718,0.002657211370595471,0.00257191626260035
2014-03-21,0.005625246280198222,0.0037207476994753946,0.004947943490701371,0.005102163344194369,0.0027095777581778416,0.0048921072152592155,0.0028492583341792185,0.004048875465207825,0.0023399980096189465,0.0023131155180497465
2014-04-18,0.005103172915438509,0.003391558890309301,0.004531810246983285,0.004471305519912606,0.002497763119536736,0.0044014500677223255,0.00258780921135181,0.0037024136204787967,0.0020856772300260093,0.002063432318997151
2014-05-16,0.004957428866501968,0.003272353417792916,0.004324137608954535,0.004058450906472259,0.002427448073858245,0.004253409612407365,0.0025289816613918766,0.0037515628080406387,0.002131599965608441,0.001916986101980719
2014-06-13,0.005127568463696739,0.00339631861526668,0.004409094366265756,0.004143951613473658,0.0025131132012244685,0.004342796963821779,0.0026347102068937068,0.0038252676346366386,0.0021448310454045094,0.0019302053162669672
2014-07-11,0.0050612880940121485,0.003314388763830949,0.004311993087369124,0.004059956024663331,0.0024268515646674893,0.0042085090062370855,0.0025461157502875147,0.0037677584348012423,0.002037016740984752,0.0018528007781708257
2014-08-08,0.004429091747482736,0.002929264359133193,0.003833297365648934,0.003574343668106881,0.002139532245484299,0.0037208781588785995,0.002252528424788605,0.003349866439315671,0.0018247551179354769,0.0015985951496651895
2014-09-05,0.004547576457949717,0.003030123428340945,0.0039089040890659815,0.003658569130467515,0.0022273948885366958,0.0038226554403670084,0.0023285499594311006,0.0034888038781223383,0.0018279066422427351,0.0016475475331343458
2014-10-03,0.004301789924694377,0.0028714431990553156,0.0036719404997876894,0.0034563275139492286,0.0020977846394865606,0.0036514670193734102,0.002202570560512543,0.003367936724913222,0.0016778477513225785,0.0015214844168156552
2014-10-31,0.00430734033321694,0.0028791888796098454,0.0037363129649118994,0.0034008464353720113,0.0021413105530878095,0.003656461786691672,0.0022279545592028016,0.0033974179553823494,0.0017014957042585574,0.0014915021523986527
2014-11-28,0.004353784929368912,0.0029095315116939064,0.003859813322163674,0.003506433446345504,0.002183985348168572,0.003703918899501085,0.002269123229122953,0.00344898867555175,0.0017705990704715237,0.0015639843091442274
2014-12-26,0.004187727668454041,0.0027551403694173545,0.0037525170622702223,0.0032673742221279514,0.0020691422145303396,0.003538437423001424,0.00212780693303101,0.0033386290750860503,0.0016953814890669707,0.0015054116772385826
2015-01-23,0.004336109623603558,0.0028309506779025423,0.003954177177614271,0.003404390621533056,0.0021257885080781156,0.0036460627808543515,0.002169953220177182,0.003385770307043571,0.0018483236873993673,0.0015683450802869263
2015-02-20,0.004178868985202711,0.0027586370178542766,0.003856333744334153,0.0033235951000854646,0.002043806523437649,0.0035159532033752702,0.0021176592956664185,0.0032699009997773478,0.0018448761312203214,0.0014350092485626246
2015-03-20,0.004017895149283733,0.0026126439939054774,0.003732724675463032,0.0031679298991836883,0.001935923590817036,0.003335235226005413,0.0019885144175946223,0.003083724686102075,0.0017479765929369062,0.0013985931809643698
2015-04-17,0.003879953540897836,0.0025100731333660984,0.003576698079187521,0.0031002482030144216,0.001928503370094442,0.0032195416487940066,0.0019314680330602839,0.002963345055127677,0.0016795575039431003,0.0013596883846520294
2015-05-15,0.004276859674275559,0.0028268310179303843,0.003927756071351499,0.0034825742717765965,0.002218290952092183,0.003586668390931536,0.0021667490790300576,0.0033081609814563126,0.0018783340731182057,0.0014310706645387337
2015-06-12,0.004408323640659696,0.0029121715794680923,0.0040789539285477966,0.003602285052880656,0.002240629810073127,0.003687673956493982,0.0022191438470259843,0.0033630368807326394,0.0019279572025253835,0.0013601084565717026
2015-07-10,0.0044726553576623475,0.0029587649744284663,0.004177796518117062,0.003622400635320967,0.002281902093218528,0.0037564625757917744,0.0022824514056666353,0.003434668631864993,0.0020050291037735225,0.0013471659748031978
2015-08-07,0.004280152543571004,0.002867123785465306,0.004071538327592867,0.003568290994167543,0.002220158491041723,0.0036169614333402857,0.002210153097916773,0.0033652482905134683,0.001921283975751063,0.0012746186154646523
2015-09-04,0.0041871085641239,0.0028258657288040066,0.004159214841112273,0.0034194065954518725,0.002154574654493514,0.0034941864710794595,0.0021795441372405313,0.003384654613073879,0.0018763117179889809,0.0011163334745059052
2015-10-02,0.003786115793169855,0.002517853518735704,0.003786655753989379,0.0031004915625677852,0.0019669180840593678,0.0031317815333973807,0.0019464042062753636,0.0029591971301546707,0.0016990406240658762,0.0010028602421368001
2015-10-30,0.0036678716182188182,0.0024668592582591763,0.0036997819778448564,0.003010933821813605,0.001950874514751118,0.0030136047952093047,0.0019227066504518813,0.002850029022968122,0.0017108340557351208,0.0010851712060256536
2015-11-27,0.003405840276265782,0.0023403534909101024,0.003460631256375739,0.0028071873482006663,0.0018520408671687599,0.002830337510290117,0.0018139216049858947,0.0027341237024890463,0.0015881892408380882,0.0010434851997697847
2015-12-25,0.0032531208950466574,0.0022106954954363104,0.0032591797837941954,0.0027166747130971205,0.0017217954089012483,0.0026628313766098514,0.0016843508104261182,0.0026076636369668353,0.0015113967894494799,0.0009781460777360453
2016-01-22,0.003021854092914065,0.0020803578405920774,0.0029618900545214273,0.0025569763046702104,0.0016288903836319446,0.0024790263548455536,0.001569252972237487,0.0024220415107039984,0.0013843438596533538,0.0009211614432386972
2016-02-19,0.0024296495679686355,0.0017651502921800565,0.002405028365915057,0.0021394948981175495,0.0014134628649640443,0.0020449594816417554,0.0012942861820903157,0.00199737977800452,0.001135537251639297,0.0008046778582619649
2016-03-18,0.0027165717248393713,0.0020249691473376115,0.0027172814216974437,0.0024698029877070447,0.0015923607606792485,0.00232654114816364,0.0014992973052647101,0.0022612752268081375,0.0013053634589456178,0.0009288795913018363
2016-04-15,0.0030101008659397413,0.0022711708628452955,0.0029796275972150898,0.002786423379990982,0.0017824508135763698,0.0026184732868853615,0.0017080874569993674,0.0025497120253805826,0.0014470555220876446,0.00104017940316754
2016-05-13,0.002629572762017426,0.0019764573365161388,0.0024550481228336122,0.0024100962732925973,0.0015872524866371682,0.002274434857504815,0.0014699982319054802,0.0022053884900604323,0.0012963410289488332,0.0009860899064155744
2016-06-10,0.003103443622560733,0.002303022147838523,0.0028409761324558825,0.0028192324503346295,0.001920666954305101,0.0026840318287583917,0.0017080189021843883,0.0026115426120477186,0.0014974243388938358,0.0011476980218510294
2016-07-08,0.002870737181024286,0.002156832795838323,0.002448917995100042,0.002597425395820854,0.0017959908090422036,0.0024903159763842104,0.001586414073225066,0.0023961104725305797,0.0013241248814689494,0.0010490184391396499
2016-08-05,0.0037162935394529986,0.002790379597359103,0.003451728043488278,0.003397736943414204,0.002342860376941657,0.0032886977282453847,0.002191095651759339,0.0032327682314356706,0.0018162108229882118,0.0013215910149514305
2016-09-02,0.003820593701481206,0.00284438208663983,0.003523798983595753,0.003373735468651471,0.0024615837896292503,0.003285160664603737,0.002236768586271646,0.0031878627309113077,0.0019420068433199586,0.0014843936105614908
2016-09-30,0.0036073459162954064,0.002816861196464629,0.0033743065729623174,0.003314243178046061,0.0023862879237828223,0.0031652886470362384,0.0021915504988658093,0.0031882871469939666,0.001903724246279882,0.0013967859021801659
2016-10-28,0.003103151240291606,0.0025197457970570795,0.0029296847957020486,0.002957631028171545,0.002127627057236186,0.0027848348126939624,0.0019822777144497218,0.0028195600887513076,0.0017430292071338876,0.0013164749342440979
2016-11-25,0.0032796447533008067,0.002691477678538336,0.003056938143917333,0.0031575186248902487,0.0023444429656054653,0.0030381694146507637,0.0020550352960182323,0.002937641181475487,0.0017641645840040454,0.0012964615748668237
2016-12-23,0.003264713501334338,0.002832417173258142,0.0030063054540587757,0.0032305893515242497,0.002426460606589021,0.0031128827472850437,0.002150553085656094,0.0031342432354379457,0.001762017367453468,0.00117962061437011
2017-01-20,0.002989697766991363,0.0026753833999112334,0.002811476751719147,0.0030197113710409866,0.0023086972812425516,0.0028879519872397658,0.0020388212621486918,0.0029708543209693147,0.001637731647422087,0.0010955095269150562
2017-02-17,0.0027631651408125475,0.0025275420944488518,0.0027002768271459842,0.0028485211709964,0.0022031185040087865,0.0027128321824457682,0.0018989689323104665,0.0027833007167075248,0.0015399923317367138,0.0009431983589657438
2017-03-17,0.002838159192033953,0.0025935711641126066,0.0026025230206444725,0.002892771777766657,0.002266583353561627,0.0027418554664267727,0.0019386206002952977,0.0027562872164607305,0.0016326919263959135,0.0010700271283141914
2017-04-14,0.002819518746222831,0.0025702193218852137,0.0027544728494562918,0.002961614779372891,0.0021769823152081804,0.0027728768608196895,0.0019510503157081677,0.002813296341961903,0.0016869022865929055,0.0010813816359502373
2017-05-12,0.0030161866376366324,0.002786727683462826,0.0029034134821718095,0.0031562381172126758,0.002387904921051951,0.002984032719141772,0.0021117638308838214,0.0030519469115961283,0.0018176063745617118,0.001187143845864175
2017-06-09,0.0030907644225872228,0.0028677339968613447,0.003177103663475815,0.0032314259470868547,0.002478782109267638,0.003123568516078794,0.0022291888453557316,0.003166793349701567,0.001958684158492218,0.0012399317053007448
2017-07-07,0.002995122054883888,0.002864568121810471,0.0028522998263681505,0.003162868748597927,0.0024982379793286992,0.003020872525937563,0.0021491500166916934,0.0031828861562941983,0.001852322267498209,0.0011360506030665442
2017-08-04,0.002809341945421732,0.002743812055998527,0.002774262675802856,0.0030265006785637097,0.0023826710268709172,0.0028469767626658053,0.0020368720503417936,0.0030569933945362084,0.0016802357303162768,0.001029774176025051
2017-09-01,0.0026366053175918007,0.0025169925371964588,0.0025596919357293623,0.0028359171370339682,0.002188231939739691,0.002649721312664265,0.001870955893514041,0.0028129536135094264,0.0016122540796513671,0.0010495330082503354
2017-09-29,0.00271814047731826,0.0026111660416368618,0.002672145592175969,0.0029435427444613944,0.0023116940179791247,0.0027763089541616975,0.0019699715306283486,0.0029744658499243908,0.0017222658923088602,0.0011153650868005374
2017-10-27,0.0028510971743111804,0.0027548643298066877,0.0028495600622402977,0.0030756720673776224,0.0024172894154570763,0.0029168523855743786,0.0020730594501561215,0.003203833552276874,0.0017343858303047943,0.0010687908050743113
2017-11-24,0.002921728986820006,0.0027274613935743155,0.002937088421047017,0.0031009971506711876,0.002482252648717463,0.003004224474243902,0.002099161440014692,0.0032418407594489787,0.001755281613160542,0.0012396539552579364
2017-12-22,0.0030825451844986172,0.002835968261561953,0.003180296912817048,0.003292858573013129,0.0026176722909224204,0.003174447128650731,0.0022386669697092285,0.0033555437273068063,0.0019153530235530168,0.001423621101114347
2018-01-19,0.0029774125548035256,0.002729852710980211,0.003140249239420572,0.0031747150244472405,0.0025253809572856737,0.0030718130086637837,0.002125461462636701,0.0032695975449911854,0.0017563961976356456,0.0012689874462333808
2018-02-16,0.0025224158041763523,0.0023545326594367703,0.002789812455837219,0.0027724243847960183,0.002228841150710295,0.0026313984885365563,0.0018356548122944083,0.002776136895904637,0.0015988816733556615,0.0011516269940573423
2018-03-16,0.002913653069301131,0.002627035203114354,0.0030984040252400756,0.003085625777484219,0.002487737440463991,0.0030105702700419716,0.002047499873344845,0.0030973022901439086,0.0017862692619705356,0.0014801001027746775
2018-04-13,0.0025811439784606685,0.0022999616406445627,0.0026851427292614773,0.0027748907087142695,0.002162689712918404,0.0026206222135613335,0.0018519152678482442,0.002767401499562507,0.001550616698907258,0.0012909895047527977
2018-05-11,0.002355842039220128,0.0020721514636019484,0.0024469481433926406,0.002540190386211458,0.0020323201205231767,0.0023895881163902076,0.0017142954937974103,0.002462702313923432,0.0014799858784488187,0.0012239256568106344
2018-06-08,0.002573773001288547,0.002344339846363102,0.002573913832864704,0.0027964482448404487,0.0023055435894140403,0.0026719763513328404,0.001972737512562358,0.0027734116915650187,0.0017268810163989278,0.0015451281783420404
2018-07-06,0.002494251484302905,0.002205694584653869,0.002468959963414566,0.0026473301828704035,0.0021658665462998576,0.0025932581622890322,0.0018876243379653147,0.0026385434006397407,0.0015815018724346735,0.0014023986361751423
2018-08-03,0.00243165452609594,0.0022030445899783404,0.002400940423457393,0.0026722573400798756,0.0021669802483593814,0.0025700611229771304,0.0018437485201859955,0.0026700784219770303,0.0015952598171045634,0.0013230885072814482
2018-08-31,0.002563543457182399,0.0023557064586276623,0.0023854706490691246,0.0028510511233518212,0.0023900520590255728,0.0027385161634694037,0.0020493524688038503,0.0028878277513717256,0.0017431637566867983,0.0013967266424324421
2018-09-28,0.002458035710336491,0.0023107360260422147,0.0022957330159193642,0.002703957145545509,0.0023561604077651952,0.0026234566612177933,0.00194081158801142,0.0029518896896188773,0.0016153044598923338,0.0012894723215542124
2018-10-26,0.0020561556863654853,0.001990516508879485,0.0018612669066601013,0.0022709565061725247,0.001925149948917304,0.002188902772966973,0.0016648491345788857,0.0025075555609149923,0.0013131669915191812,0.0009152168303469848
2018-11-23,0.00197351813428132,0.001925534870943857,0.0017548638638337295,0.0021378032162690293,0.001842010479213607,0.002074194527967357,0.0015733301614677126,0.0022970990085408585,0.0013845093280055723,0.0008935663006666683
2018-12-21,0.0017363192981269182,0.0016236315343301716,0.001421428715442436,0.0018245795043344134,0.0015336874898451344,0.0017934685921490322,0.0013564088685397756,0.0019407783973263977,0.001199755527157037,0.0007758599146540507
2019-01-18,0.0017914683540686518,0.0018247337360322695,0.001597041943897828,0.0019258748255461884,0.0016283346667064858,0.0019103695853865132,0.0014786703151336209,0.0020449503842202483,0.0012912270652591187,0.0007752446259390036
2019-02-15,0.0018524642578198495,0.0018978252172277682,0.0016573861199033597,0.0019963836356368617,0.001679020947721313,0.0019877443831681414,0.0015458869132896325,0.002100273279491429,0.0013462107295857796,0.0008382516147988332
2019-03-15,0.0018833439076353427,0.0018664103974431,0.001679028132319785,0.00197382847316705,0.001617092908385874,0.0019793439368999614,0.001490349208674919,0.0020063885550109808,0.0014543093509968245,0.0008890660483952607
2019-04-12,0.0021579579804936267,0.0021226040141646917,0.002061897946713178,0.002225518133034742,0.0017964618427474004,0.0022672951885011677,0.0017168367611510578,0.002282707014615891,0.0017483492413260127,0.0009940003351383724
2019-05-10,0.002185908331655172,0.0021862473279046814,0.0020832750343636997,0.002302938995239717,0.002011735777187539,0.002301345176708509,0.0017715634991972908,0.002364190984476752,0.0016576151734471593,0.0009105890829843213
2019-06-07,0.0016684247570312551,0.0016786371497598293,0.0015460866947633184,0.0017804522312158705,0.0015302997526302046,0.0017492233932094462,0.0013842252759503515,0.0018063114400003178,0.0014680275731609334,0.0007530965445959437
2019-07-05,0.001963345514443298,0.00197197479655302,0.0018516148190218682,0.0020778280389330433,0.0017911577389919193,0.0020368001463079355,0.0016097427583251925,0.002126509392707643,0.0017071484374291445,0.0008409425031212722
2019-08-02,0.0020708867306227455,0.002093437667018078,0.0018931536257954698,0.0022067505288354884,0.001978259481548112,0.002173804605085245,0.0017233171830335133,0.0023079190687640364,0.0017034904111867403,0.0008648766021761357
2019-08-30,0.0017374637790467386,0.001689470610889528,0.0014571722447520824,0.0018422427702837673,0.0015855682976739728,0.0017899425426615417,0.0014262889674911225,0.0018487796153747371,0.0014318607538478401,0.0007725422178923094
2019-09-27,0.0020365810105680586,0.001986160075686126,0.0019477486835722964,0.0021218105812701943,0.0018535963789217643,0.0021012605201204152,0.0016520103496248395,0.002222154087263501,0.001666361751468629,0.0007814019238290485
2019-10-25,0.001933743661061536,0.0017961221617833814,0.001715470834551526,0.0019168996589793148,0.0016773259667063642,0.0019546858242901425,0.001586090636903137,0.0019919568419781227,0.0016445545055641239,0.0008763981293856977
2019-11-22,0.0020441217994338966,0.0018589311689572315,0.001806876520446807,0.00196227889430701,0.0017221627887649628,0.0020432044311086703,0.0016560869527078906,0.002078466041865299,0.0017759852131629071,0.0009066418207156497
2019-12-20,0.0020131040935707544,0.0019559747054924055,0.0016584465497818412,0.002013231006891437,0.0017856067590626815,0.0020571285590077915,0.0017265315697115187,0.0021327857816932044,0.001774473505454897,0.0009148788932157656
2020-01-17,0.002141441266154417,0.0021202747518302436,0.0017738561637525452,0.0021433131723401803,0.0020016157637438754,0.0022053936755525357,0.0018995517714840472,0.0023878648653160263,0.0018757450538469788,0.0010177552346209476
2020-02-14,0.002194032940399069,0.002154671634000684,0.001671941556403577,0.0021083595330034853,0.002059650193482364,0.00220786901446659,0.00198181612562418,0.0023976423558344138,0.0018706820675853948,0.0010520375658443723
2020-03-13,0.001963159108443522,0.0019771827217937065,0.0014171965484977194,0.0018161549992842675,0.0019175980140146353,0.0018564516343229959,0.0019118337237100528,0.0019976191768050653,0.0018404143858908291,0.001121645918226914
2020-04-10,0.00038885610669358656,0.0002888769636500729,-0.0002100717065587946,-6.053013068120863e-06,0.00019897000637960472,0.00010015941805795242,0.0004451134844655453,2.3914699033995905e-05,0.0005684297853303621,0.0003269433916447829
2020-05-08,0.0021500504003922494,0.0015761156141550598,0.0015453034439021165,0.0017252506162037922,0.0014006187140474728,0.0016830419246020548,0.0016361607186735428,0.0014100947246533705,0.0016158970151640597,0.001641349409053508
2020-06-05,0.0025810478339600698,0.0019443984165577314,0.0019482927481096713,0.002133394525992008,0.0017767576627519986,0.002096211425184365,0.0019658354636146475,0.0018285783428536693,0.001882571440868269,0.002013297546886769
2020-07-03,0.0026925414657666467,0.001932513607507832,0.0022433455280952527,0.0022536792750193647,0.00166587326319311,0.0021829085484910585,0.0019830350598139617,0.0016953744007560047,0.0020009531873403756,0.002090219409619824
2020-07-31,0.0026997656342393006,0.00194521329653223,0.0022354568184497466,0.0021838079507414372,0.001616159476244458,0.0021044257185476273,0.001976956788572045,0.0016973973218628786,0.001986767666757691,0.0020389103182862412
2020-08-28,0.0031550499344985897,0.0022488156067568803,0.002233561191531017,0.0026063912254984333,0.0018185842539635926,0.0024256508842316325,0.002162081204907986,0.0020260003915345886,0.0021692291064425795,0.002321434093805725
2020-09-25,0.003342914346235524,0.0025915448896608848,0.0028326521258960104,0.00298493598023805,0.002150960798226488,0.0028071547413556957,0.0024461995286304363,0.00246489274922943,0.0023285966580028168,0.0024834901128672846
2020-10-23,0.005598131599208318,0.004801697964770241,0.004736882255656756,0.0054588477075813045,0.003833611828536009,0.005301488463019474,0.004540134727717156,0.0047828659306974036,0.003928893209926305,0.004495407481911187
2020-11-20,0.00336692742656092,0.002559146692040557,0.0026734186779710477,0.0029655298258070614,0.0021012889659749435,0.002826003771848651,0.0024031681847757353,0.0024882439029673435,0.002212831320032956,0.002400536544788828
2020-12-18,0.0037522443418009626,0.0028229470022497812,0.003074225114392131,0.0031606180950635157,0.0023412659810655746,0.0031217073599833414,0.0025352712730902205,0.0027001938840735514,0.0023553459837505246,0.0025707442823527564
2021-01-15,0.004976069766415878,0.003546482230270084,0.005135791647434253,0.004429405698309323,0.0031079561511019992,0.004265669683513059,0.003253806422920616,0.0036373550943600065,0.002966640524641711,0.0030076966891050792
2021-02-12,0.004150688429745988,0.0033828442021739177,0.0036647262343698825,0.0037347237426445124,0.002695212501382899,0.0036799668581035424,0.002946871018474896,0.003364106415355019,0.002473632734682485,0.0028476200765985855
2021-03-12,0.004281643805270224,0.003366083975005083,0.00404729719538212,0.003875954877809762,0.002924355971503824,0.003866371135717454,0.003086937439129333,0.0035062059351319915,0.0025523861245630563,0.0029099522888347204
2021-04-09,0.003995674612963765,0.003194070334722564,0.003721726736488804,0.003562017241045661,0.0027615128344773672,0.003578581150840565,0.002924315297222527,0.003295442554158183,0.002406608489323375,0.002719326386086569
2021-05-07,0.0045183431947928955,0.0037365626811449205,0.004160277283352514,0.004094483631170118,0.0031908320506998603,0.004137972741313068,0.0033842866079019243,0.0038865883243019966,0.002722462990808731,0.003146549363572862
2021-06-04,0.004504987079375173,0.0036617075274664496,0.004210587368307096,0.004062696789850822,0.003219009689815514,0.004083520252240628,0.0033257237889095584,0.003846157935817668,0.002628837690867132,0.0031782353512728213
2021-07-02,0.004148800599191446,0.0033298235128557847,0.0040233798047978695,0.0037332915398878555,0.0029955914381295853,0.003730847735030737,0.003015382242161595,0.0035311406666592247,0.0024541254719829923,0.002893328398882701
2021-07-30,0.0035484920060982646,0.002748858021998537,0.0034449372596644153,0.003153835111992176,0.0024248328684343392,0.003105287227698211,0.002482296230424364,0.002940584665253536,0.0020548988783995322,0.002267098190759866
2021-08-27,0.004100405245097924,0.003276002861138076,0.004101060183995378,0.0037370425667391073,0.0028197156832131098,0.0036845936647015845,0.002920792231781551,0.003451915005134148,0.002430325117206953,0.0026931740341043803
2021-09-24,0.003952260319347967,0.0030600537732208485,0.003940515054621039,0.0036797620131565887,0.002722977093604058,0.003532577733072533,0.002755438443205219,0.003273026075813414,0.002306610654552006,0.0025600060934333024
2021-10-22,0.003992142365014523,0.0032046652528387536,0.004038309705014255,0.0037687208427089978,0.0028256543499841826,0.003604803979291188,0.002820433384292653,0.003367300843612361,0.0023611907247694376,0.002608127290537096
2021-11-19,0.0042664209001088355,0.0034329453917267146,0.004273729217583119,0.004067615229718641,0.0030504237450616413,0.0038861680917723586,0.0030799127626540083,0.003599970724146404,0.0024875270160799492,0.0029249235479563824
2021-12-17,0.004071026344024884,0.003368978337107231,0.004004781069248007,0.0039320196065824545,0.002937359666307959,0.0037904451977545193,0.002998757970383085,0.0035636961948464366,0.0023817046662197435,0.0027044636791581154
2022-01-14,0.004174222331731814,0.0034152301142600363,0.003900886525885915,0.0039315074560510605,0.003022632749740464,0.003890688628272834,0.003070930331554108,0.003637466844420668,0.0022843908008474585,0.0028123988968210578
2022-02-11,0.002666008008105573,0.0020824126258027985,0.0020057520739994797,0.0024197341374642047,0.0018706002622282357,0.0023466802217324335,0.001773551402224043,0.0022420643319409645,0.0013999288278728175,0.0016896403646602162
