,.CSIH00928,.CSIH00929,.CSIH00930,.CSIH00931,.CSIH00932,.CSIH00933,.CSIH00934,.CSIH00935,.CSIH00936,.CSIH00937
2012-11-30,0.1,0.1,0.1,0.1,0.1,0.1,0.1,0.1,0.1,0.1
2012-12-07,0.10025677455321445,0.09910452343904735,0.1008957568723496,0.10049794196847305,0.09915309150858748,0.10017464803473262,0.10211732011707028,0.09773537069745272,0.09859556380139747,0.10146900900767492
2012-12-14,0.10032335091799206,0.09995691316010315,0.10180133468375936,0.1003581895897126,0.09479935328936141,0.09843584765016739,0.10534097041591259,0.09843849035478679,0.09988848077573201,0.10065706916247247
2012-12-21,0.10031168842305757,0.1003888049043727,0.10206386893293214,0.10028289025624043,0.09458319280893845,0.09708412619437881,0.1082892761076507,0.09735238825920979,0.10003377167592838,0.09960999243729114
2012-12-28,0.1,0.1,0.1,0.1,0.1,0.1,0.1,0.1,0.1,0.1
2013-01-04,0.09926763248609112,0.09892379650762281,0.09996079669545285,0.0995342401195638,0.0991769967762381,0.10078031648224553,0.10179820679892268,0.10024482892501535,0.10098129124849874,0.09933189396034896
2013-01-11,0.09919911239216099,0.09961749397799043,0.10036812262320695,0.0996814303450985,0.09828145216740256,0.09867853978726196,0.10452545617674056,0.0987777969988815,0.10128946489776418,0.09958113063349228
2013-01-18,0.098086109275588,0.09709509508218515,0.09918612016149543,0.09871041811091594,0.10099321917875413,0.10229958522859779,0.10089957463197897,0.10040450854542202,0.10468084061046612,0.09764452917459646
2013-01-25,0.1,0.1,0.1,0.1,0.1,0.1,0.1,0.1,0.1,0.1
2013-02-01,0.0994195077014033,0.09958071371225584,0.10000884050917895,0.10033450052110665,0.09722828403260633,0.10261307330040924,0.10329911783826244,0.09781341779053451,0.10048747714593931,0.09921506744830351
2013-02-08,0.10028655435856869,0.09994362503404926,0.10003372785818733,0.09992625551634828,0.09398699391796754,0.10031406385757782,0.10991783294006627,0.09647751013536245,0.09966468493959575,0.0994487514422767
2013-02-22,0.1,0.1,0.1,0.1,0.1,0.1,0.1,0.1,0.1,0.1
2013-03-01,0.09602184317257095,0.09703003597081361,0.09904932747490378,0.09849770468277264,0.1043054706941395,0.10375470261470543,0.0949776781553788,0.10257182827050897,0.10277434224649248,0.101017066717714
2013-03-08,0.09484618831330484,0.09623810054603953,0.09930498768729865,0.09844761912728717,0.10014084144630062,0.10419699306371949,0.09774391865123491,0.10390686865794325,0.10281152867473728,0.10236295383213428
2013-03-15,0.09339508824167794,0.09429360862778162,0.09643527854189862,0.09661684849174157,0.10235675285593346,0.10360505740784984,0.09478431293694493,0.10574073962452603,0.10746348788586994,0.10530882538577606
2013-03-22,0.1,0.1,0.1,0.1,0.1,0.1,0.1,0.1,0.1,0.1
2013-03-29,0.09854265331285195,0.09874555369622269,0.09874905675175112,0.10055386299740285,0.0980251506353942,0.10020075016570655,0.10179528432268452,0.10107665293157489,0.09993359939274861,0.1023774357936627
2013-04-05,0.09771210536046564,0.09838800989306459,0.09785207062478536,0.10061484683353551,0.09849822621642344,0.10277346737859058,0.09793256654908199,0.1019236943502849,0.1011369622818194,0.10316805051194848
2013-04-12,0.09771210536046565,0.0983880098930646,0.09785207062478538,0.10061484683353553,0.09849822621642346,0.1027734673785906,0.097932566549082,0.10192369435028491,0.1011369622818194,0.1031680505119485
2013-04-19,0.1,0.1,0.1,0.1,0.1,0.1,0.1,0.1,0.1,0.1
2013-04-26,0.09768330711451353,0.09795349824320475,0.0998357216199323,0.10100803445118496,0.09912981106923402,0.10118120570442785,0.10253892877608363,0.10104858187960121,0.10055463224989285,0.09906627889192492
2013-05-03,0.09621417445615296,0.09626170348398129,0.09878675971659466,0.1014625331089443,0.09775581490877208,0.10228228443096839,0.10133260256474638,0.10099471713256912,0.10648824791742183,0.09842116227984908
2013-05-10,0.09347565969137589,0.0944828494853456,0.0980101347531292,0.10173017281787315,0.09642197036932144,0.10414093530515219,0.10211842146063557,0.10222247435839729,0.10817971481542203,0.0992176669433477
2013-05-17,0.1,0.1,0.1,0.1,0.1,0.1,0.1,0.1,0.1,0.1
2013-05-24,0.09953458564897016,0.09806576173846437,0.1003885286993274,0.09799133037625916,0.09803927462161752,0.09830263199642715,0.09906350820566268,0.1035283359041164,0.10572444779425005,0.0993615950149051
2013-05-31,0.09785410615308174,0.09756122594676382,0.10118415082007741,0.09901420927692765,0.09812842582923591,0.09664685575382415,0.09789252332306826,0.10953968788756153,0.10527905666881282,0.09689975834064661
2013-06-07,0.09781369760855572,0.09790024240240054,0.10195133761619747,0.09919770620028195,0.0983893350120086,0.09974462329043329,0.09893388001897366,0.10694554864080462,0.10128688173917891,0.0978367474711654
2013-06-14,0.1,0.1,0.1,0.1,0.1,0.1,0.1,0.1,0.1,0.1
2013-06-21,0.09782797167714628,0.0979695735132492,0.09965827215545668,0.09996813082433073,0.1000991770357626,0.10247592141217088,0.09865421667904348,0.10348985235648248,0.10219633000613675,0.0976605543402209
2013-06-28,0.09782797167714628,0.0979695735132492,0.09965827215545668,0.09996813082433073,0.1000991770357626,0.10247592141217088,0.09865421667904348,0.10348985235648248,0.10219633000613675,0.0976605543402209
2013-07-05,0.09237575265226092,0.09281635575896562,0.09714573088929383,0.10069542520602302,0.10454368330984193,0.10594510966367149,0.09831043196551949,0.10360540714535947,0.10731600296850165,0.09724610044056253
2013-07-12,0.1,0.1,0.1,0.1,0.1,0.1,0.1,0.1,0.1,0.1
2013-07-19,0.09880250486798017,0.09934834854469785,0.09977070569811833,0.09932514258009817,0.09926915212372152,0.10086720017718422,0.1025885572605825,0.09991930534670378,0.09948124118829037,0.10062784221262315
2013-07-26,0.09614354277214245,0.09660542009874264,0.09941334314807443,0.10014825935122522,0.09726976121566012,0.10165482379373184,0.09950521013823298,0.1047986455856237,0.10588434405799951,0.09857664983856715
2013-08-02,0.0943802041519867,0.09692692831490468,0.09916079638531883,0.10035885825452025,0.0973540016252078,0.10367815910571788,0.0973755257132442,0.10631965558184696,0.10570653957301969,0.09873933129423297
2013-08-09,0.1,0.1,0.1,0.1,0.1,0.1,0.1,0.1,0.1,0.1
2013-08-16,0.1000450375629475,0.10298560393161163,0.09829518791136763,0.10194276503434453,0.10062217297298956,0.10094556105995155,0.09814927999761366,0.09903330136374744,0.09848624918517183,0.09949484098025482
2013-08-23,0.10229880398739659,0.10401965483020482,0.0996352206732925,0.10130309536873909,0.099313056519171,0.09583136191754332,0.10179017623904048,0.09738863495293633,0.09806813405316735,0.10035186145850855
2013-08-30,0.09987290857067305,0.10247161100772054,0.09868895931530754,0.10226163845246761,0.0989434702824441,0.09677532759067325,0.0986284765018437,0.10157014088414533,0.10371273924997414,0.09707472814475071
2013-09-06,0.1,0.1,0.1,0.1,0.1,0.1,0.1,0.1,0.1,0.1
2013-09-13,0.09995738982390562,0.09902997941139907,0.1001642712961855,0.10086952150871484,0.100330905326841,0.09903623973549947,0.09973481783717592,0.10144764090226811,0.10186701244772756,0.09756222171028299
2013-09-20,0.1006787338687603,0.099174065475848,0.10222562854015842,0.10294274107627042,0.10079335750971653,0.0958127765289334,0.10602537703479713,0.09760435143375705,0.09616508261288378,0.09857788591887506
2013-09-27,0.10067873386876028,0.09917406547584799,0.1022256285401584,0.10294274107627041,0.10079335750971652,0.09581277652893337,0.10602537703479711,0.09760435143375704,0.09616508261288377,0.09857788591887504
2013-10-04,0.1,0.1,0.1,0.1,0.1,0.1,0.1,0.1,0.1,0.1
2013-10-11,0.1,0.1,0.1,0.1,0.1,0.1,0.1,0.1,0.1,0.1
2013-10-18,0.09927438024595174,0.09909302938073893,0.10033728702505626,0.10292804410164261,0.100542913766824,0.09620214051079622,0.09821662311017594,0.1009570213884976,0.10297578995358121,0.0994727705167355
2013-10-25,0.09998988895171596,0.09859790290513354,0.10072834857669917,0.10177823503135681,0.10343770557269567,0.0960048841848873,0.09635947768075549,0.10177796100787555,0.09872269419633882,0.10260290189254163
2013-11-01,0.1,0.1,0.1,0.1,0.1,0.1,0.1,0.1,0.1,0.1
2013-11-08,0.10175254720354415,0.10059994790291563,0.1007120869012488,0.09957955208887888,0.09740018119301645,0.09891307554547646,0.1041463763720618,0.09730978320414599,0.0959971343427055,0.10358931524600633
2013-11-15,0.10476456730086839,0.10043485733202223,0.10080187226020026,0.09892411338639458,0.09710460985186303,0.09599170134482507,0.10209024933040318,0.0974642422102813,0.09717389387209924,0.10524989311104267
2013-11-22,0.10221854531014513,0.10001985564024214,0.10125462208529591,0.09884179051270947,0.09908167306637074,0.09796899281521326,0.10028467240820067,0.10017697330897557,0.09895130857881933,0.10120156627402781
2013-11-29,0.1,0.1,0.1,0.1,0.1,0.1,0.1,0.1,0.1,0.1
2013-12-06,0.09735404390644783,0.1005165861314825,0.1008148164297248,0.09943882177561976,0.09967184471370308,0.10057105580501474,0.09861482080272803,0.10307601503716807,0.10185121649552994,0.0980907789025812
2013-12-13,0.09674062480346404,0.10133282502296267,0.10101685583779749,0.10041918680252056,0.09984545302450429,0.1010739820183314,0.10006541393483961,0.09862896973526966,0.10006355607833824,0.100813132741972
2013-12-20,0.09674062480346406,0.10133282502296269,0.10101685583779749,0.10041918680252057,0.0998454530245043,0.10107398201833141,0.10006541393483963,0.09862896973526968,0.10006355607833825,0.10081313274197201
2013-12-27,0.1,0.1,0.1,0.1,0.1,0.1,0.1,0.1,0.1,0.1
2014-01-03,0.0979353021231548,0.09910592488815362,0.09983965787288587,0.10015465845182955,0.09978345459184322,0.1013849187685069,0.0998529863901831,0.10199317273924131,0.10128888510347718,0.0986610390707244
2014-01-10,0.09603097790181142,0.09901424919038755,0.09917446235990136,0.09924602460486438,0.0994584842082977,0.10293502043806367,0.09850654898777808,0.1042824731410519,0.10392002658035064,0.09743173258749342
2014-01-17,0.09648176573219022,0.09645878507273065,0.09771854567888179,0.09981552906758184,0.10010380165324702,0.1040331494579485,0.10032308781811983,0.10402375338336181,0.1035496134863521,0.09749196864958626
2014-01-24,0.1,0.1,0.1,0.1,0.1,0.1,0.1,0.1,0.1,0.1
2014-01-31,0.09796029530419365,0.0992747939471097,0.10067611723534527,0.10227720501751672,0.09877209130689878,0.0981660667333927,0.09852394740572104,0.10217280659455161,0.10253621594792724,0.09964046050734336
2014-02-07,0.09796029530419365,0.0992747939471097,0.10067611723534527,0.10227720501751672,0.09877209130689878,0.0981660667333927,0.09852394740572104,0.10217280659455161,0.10253621594792724,0.09964046050734336
2014-02-14,0.09542977065786624,0.0987136431124953,0.10099682763814827,0.10296257069213101,0.09538806162726471,0.09801902555119521,0.0970043208723122,0.10540944406460909,0.10601178864526842,0.10006454713870956
2014-02-21,0.1,0.1,0.1,0.1,0.1,0.1,0.1,0.1,0.1,0.1
2014-02-28,0.1008720606085634,0.09897357099754459,0.09910029242231755,0.09994280773224895,0.09984563480241748,0.10074432798557693,0.09767264560699354,0.10063650063587584,0.10216305298252021,0.10004910622594157
2014-03-07,0.10045126092404061,0.09929350793868263,0.09881686851929,0.09741529085003207,0.09923824362893692,0.10004376028239924,0.09798188973853193,0.10118892820076447,0.10310930343330804,0.10246094648401399
2014-03-14,0.09964603688256544,0.10009554058084777,0.09896943741806649,0.09798092571465604,0.10109858435298714,0.0997416697463458,0.09735838158222235,0.0989967918521386,0.10470287444495777,0.1014097574252126
2014-03-21,0.1,0.1,0.1,0.1,0.1,0.1,0.1,0.1,0.1,0.1
2014-03-28,0.10157763473548746,0.10060517480322584,0.10051943600899138,0.09957082803221753,0.09817844376624112,0.09865843752533457,0.10229959746421685,0.09826955096726825,0.09951412646926928,0.10080677022774774
2014-04-04,0.10158578195451948,0.10264085131315014,0.10135923051072744,0.10098543160638854,0.09626418399909482,0.09817456795242165,0.10531519004291606,0.09556493244255132,0.09558075249705467,0.10252907768117585
2014-04-11,0.1006124058190118,0.10309783691895945,0.10044817244102072,0.10062859002428574,0.09753611193109334,0.09661439892899726,0.10495338425856983,0.09780176544118029,0.09604871610161088,0.10225861813527086
2014-04-18,0.1,0.1,0.1,0.1,0.1,0.1,0.1,0.1,0.1,0.1
2014-04-25,0.09910745353840614,0.0996383837210124,0.09964319129810532,0.10005743694698926,0.10021464754171686,0.09969938398796994,0.09827978133354213,0.1015043176427208,0.10228327992495537,0.09957212406458185
2014-05-02,0.10127649350162157,0.09962768913605204,0.09971660406503685,0.09914608283954955,0.1000483708986602,0.09871779305764716,0.10191061322869219,0.09967884890237076,0.09894739600264013,0.10093010836772956
2014-05-09,0.10127649350162156,0.09962768913605202,0.09971660406503685,0.09914608283954955,0.10004837089866019,0.09871779305764715,0.10191061322869217,0.09967884890237075,0.09894739600264012,0.10093010836772955
2014-05-16,0.1,0.1,0.1,0.1,0.1,0.1,0.1,0.1,0.1,0.1
2014-05-23,0.10181542391060269,0.10051965648921887,0.10060170314081932,0.09968690707137268,0.09910695474915533,0.09887425355751663,0.1004093028767353,0.0991266087849363,0.09922540633978696,0.10063378307985585
2014-05-30,0.1005162158690424,0.0995410149668196,0.09925782233046461,0.09974137913458625,0.09799737521169957,0.09864071150554025,0.09994453945284304,0.10099406146329591,0.10171085469023053,0.10165602537547788
2014-06-06,0.09881350701414746,0.09858579628724407,0.0983757230342197,0.10027072884199703,0.09715990795503043,0.09933079128357183,0.09893348559551907,0.10285151030926783,0.10518588028963238,0.10049266938937017
2014-06-13,0.1,0.1,0.1,0.1,0.1,0.1,0.1,0.1,0.1,0.1
2014-06-20,0.09930725703886403,0.09954902425846286,0.10015571388579858,0.1007005312780515,0.09980805282353478,0.0999438380030264,0.10043628492614932,0.10055584287509023,0.0998389056163473,0.09970454929467497
2014-06-27,0.10007888929283759,0.09989613049514853,0.10044965308797721,0.09977528189426028,0.09928997444611694,0.10006690589815855,0.10112035001036998,0.10029782519428142,0.09913314537169333,0.09989184430915612
2014-07-04,0.09969146975735,0.10009702756165603,0.10016208254672145,0.1004270975100449,0.09994457469970344,0.10008925102895457,0.09904173485695264,0.10029966570247871,0.10137465067286427,0.09887244566327395
2014-07-11,0.1,0.1,0.1,0.1,0.1,0.1,0.1,0.1,0.1,0.1
2014-07-18,0.0991325288656743,0.10083488255839644,0.10171720031330814,0.1001560827501529,0.09876110791142263,0.09897997371200787,0.10000857182325816,0.0977297052208667,0.1012347746829408,0.1014451721619721
2014-07-25,0.09874936372913862,0.10155737847631326,0.10120883734010837,0.09944888938439478,0.10257403771316155,0.09851932961177474,0.10056828597456688,0.09581143986234111,0.0984151779125517,0.10314725999564905
2014-08-01,0.10046309811156497,0.10385592899267371,0.10129594129708862,0.09956483337980362,0.10221536417347114,0.09698940065079809,0.10358285394564877,0.0933987727899603,0.09563747804953157,0.1029963286094593
2014-08-08,0.1,0.1,0.1,0.1,0.1,0.1,0.1,0.1,0.1,0.1
2014-08-15,0.09896907647096027,0.10281249776559188,0.1000368932574267,0.0996361559731856,0.09856018935985097,0.09883766857335832,0.09793013653665725,0.10236532257133468,0.10146749806289039,0.09938456142874388
2014-08-22,0.09877946784755985,0.10208382095929948,0.10034577935954128,0.10016747292218861,0.09868641494211679,0.09809523738676484,0.0974786112749454,0.10368567473657868,0.1012867038757355,0.09939081669526963
2014-08-29,0.09792871444269018,0.10127914368737949,0.10079019624642353,0.10097598941569666,0.09782390691221292,0.09789443658956401,0.09546002153313354,0.10530215159716359,0.1023553668723695,0.10019007270336659
2014-09-05,0.1,0.1,0.1,0.1,0.1,0.1,0.1,0.1,0.1,0.1
2014-09-12,0.0989745884801755,0.0997743776075252,0.10215434247791381,0.09963985708918767,0.09920552306792747,0.09887225259643814,0.09951246009941006,0.10035482542662083,0.1007201954551592,0.10079157769964228
2014-09-19,0.09794767842476572,0.09998617723544329,0.10395077685794342,0.10013887310516226,0.09795990198995046,0.09864019033062801,0.09742934772907565,0.10003339747072265,0.10256560305092027,0.10134805380538847
2014-09-26,0.09759933418232666,0.09998750138009646,0.10380218141705862,0.09944131147541382,0.098105174452952,0.10035145780140994,0.09744368235860999,0.09827041250508392,0.10199770290509047,0.10300124152195812
2014-10-03,0.1,0.1,0.1,0.1,0.1,0.1,0.1,0.1,0.1,0.1
2014-10-10,0.1,0.1,0.1,0.1,0.1,0.1,0.1,0.1,0.1,0.1
2014-10-17,0.09982671275905708,0.09984077082916507,0.10068735551054366,0.09958487545357522,0.09915053220822345,0.10268125242677993,0.09909873095662829,0.10050294023250265,0.10003543331564278,0.09859139630788176
2014-10-24,0.09808288744249063,0.10008124809424856,0.1007886883922689,0.09995187648844613,0.09905474322686716,0.10521589666083114,0.10065322562075972,0.0996858846217608,0.09790144097365007,0.09858410847867695
2014-10-31,0.1,0.1,0.1,0.1,0.1,0.1,0.1,0.1,0.1,0.1
2014-11-07,0.10051900021592451,0.10045159123142657,0.10167069568818317,0.09950302928367392,0.09743152977245037,0.09884614055682671,0.10124355565796372,0.09856302921735655,0.09831039443166213,0.10346103394453247
2014-11-14,0.0994256195932133,0.09991044133491142,0.10413038682724503,0.09951489577540752,0.09553146111522806,0.0974042979696849,0.1019924416782868,0.09891003081841446,0.09817932439156808,0.10500110049604036
2014-11-21,0.09996034789749741,0.10052732007348367,0.10287335167686179,0.09834088192686286,0.0983104692800792,0.0961798808670881,0.10587394140826359,0.09544657732635438,0.0973742568625471,0.10511297268096183
2014-11-28,0.1,0.1,0.1,0.1,0.1,0.1,0.1,0.1,0.1,0.1
2014-12-05,0.10054505458449402,0.10024352087025817,0.10015596239460134,0.09904226292515016,0.09772406691251001,0.09685104541960207,0.10956967230720739,0.0989720820379582,0.09799004778215227,0.09890628476606625
2014-12-12,0.10536206815252526,0.09860128924033734,0.09804880680655872,0.09665783345798551,0.0959368427873356,0.0934953279427841,0.12106918570000248,0.09559737553107643,0.09609237844716496,0.0991388919342297
2014-12-19,0.10008193313408892,0.10084669697804145,0.1033540598385708,0.09816291920736715,0.09670817965002773,0.09171729470827161,0.11586122560831234,0.09405184432420062,0.09561160136546269,0.10360424518565667
2014-12-26,0.1,0.1,0.1,0.1,0.1,0.1,0.1,0.1,0.1,0.1
2015-01-02,0.10042814321333075,0.0994452963592954,0.09806901428527819,0.09956854578636691,0.10171161821778386,0.09844674692108657,0.10477532520896435,0.09670857287370586,0.09734430909327312,0.10350242804091489
2015-01-09,0.10042814321333077,0.09944529635929542,0.0980690142852782,0.09956854578636691,0.10171161821778388,0.09844674692108658,0.10477532520896436,0.09670857287370588,0.09734430909327313,0.1035024280409149
2015-01-16,0.10384939400377069,0.09952892195633647,0.09737117404041629,0.10017538753749552,0.10242055834211615,0.09890504834965953,0.10527051749530622,0.09606143726382917,0.0956609693320652,0.10075659167900484
2015-01-23,0.1,0.1,0.1,0.1,0.1,0.1,0.1,0.1,0.1,0.1
2015-01-30,0.09775535634144017,0.10135216076346204,0.10050828812809984,0.10075026813700491,0.09979509433589152,0.1022459198208192,0.09687058682032958,0.1023941324215559,0.10134410410159705,0.09698408912979979
2015-02-06,0.09489007376698101,0.10248952469594073,0.10004070922700246,0.10192902517454283,0.10093959716727262,0.10330143437886122,0.09250317366182322,0.10375194483717054,0.10161952134678334,0.09853499574362215
2015-02-13,0.09316183221467532,0.10156641712714383,0.09795931289543638,0.10357656395102613,0.10074511321220934,0.10388291751246427,0.09261783661644714,0.10866817465617319,0.10368948547829235,0.0941323463361321
2015-02-20,0.1,0.1,0.1,0.1,0.1,0.1,0.1,0.1,0.1,0.1
2015-02-27,0.09999999999999999,0.09999999999999999,0.09999999999999999,0.09999999999999999,0.09999999999999999,0.09999999999999999,0.09999999999999999,0.09999999999999999,0.09999999999999999,0.09999999999999999
2015-03-06,0.09964533482656505,0.09995968183561275,0.10184305027926838,0.10042385194721898,0.09870214763664913,0.09874638834815865,0.09761734230083755,0.10012288771671382,0.10223351590469958,0.10070579920427596
2015-03-13,0.09925383949499977,0.10220544602349019,0.10178900462531967,0.10112341405764348,0.10057163373038414,0.10136465165404511,0.0937825355983342,0.10100578143471273,0.09984276388514031,0.09906092949593039
2015-03-20,0.1,0.1,0.1,0.1,0.1,0.1,0.1,0.1,0.1,0.1
2015-03-27,0.09787974641465247,0.10007407303833031,0.10183735445903311,0.09917628248881907,0.0983208664584687,0.09864073513347085,0.10108464063431791,0.10266091302605627,0.09967959339181424,0.10064579495503712
2015-04-03,0.09760085418450402,0.09999079709050487,0.10431346834748223,0.10035297240540164,0.0988596254629491,0.09947856330794,0.09738955865947407,0.10310174280222015,0.10031864343324454,0.09859377430627941
2015-04-10,0.095425905876723,0.09989222788775125,0.10476483102454028,0.10075427246137235,0.09749993301197339,0.10001472834268632,0.0969712557255952,0.1056051599398432,0.1016694302424424,0.0974022554870726
2015-04-17,0.1,0.1,0.1,0.1,0.1,0.1,0.1,0.1,0.1,0.1
2015-04-24,0.10333455974126264,0.09827918675617225,0.10844471264149987,0.09707747280456297,0.09867908296301495,0.09866173868711098,0.09905484332376643,0.09415611949831407,0.09758901043849931,0.10472327314579652
2015-05-01,0.10282771372126281,0.10077143349679767,0.10718323706674993,0.09859267889318517,0.09838107728017126,0.0963194066384633,0.09268268315792809,0.0961428962249401,0.10174037098623655,0.10535850253426507
2015-05-08,0.10282771372126283,0.10077143349679768,0.10718323706674994,0.09859267889318517,0.09838107728017126,0.09631940663846332,0.0926826831579281,0.0961428962249401,0.10174037098623656,0.10535850253426507
2015-05-15,0.1,0.1,0.1,0.1,0.1,0.1,0.1,0.1,0.1,0.1
2015-05-22,0.09575108465058606,0.10168967514060455,0.10058256615225261,0.10066384492622452,0.09996176504040769,0.09999474589742988,0.09504716808618059,0.10307301976048808,0.1021213770407693,0.1011147533050568
2015-05-29,0.0944011874987385,0.09998769646076694,0.1010194987133503,0.10191353066049072,0.10014814765475487,0.10208412781711641,0.09234321159762857,0.10406977566921322,0.10401568097487526,0.10001714295306535
2015-06-05,0.09226081457607246,0.10005218042206143,0.10031037216487529,0.10095606582827593,0.09874358360119602,0.10304353683244576,0.08716223775179541,0.10685611385800066,0.11011947671786267,0.10049561824741432
2015-06-12,0.1,0.1,0.1,0.1,0.1,0.1,0.1,0.1,0.1,0.1
2015-06-19,0.10093516703402801,0.09921128075806078,0.09672015343530874,0.10218141656260503,0.10295563249306254,0.100455526469662,0.09986195642952977,0.0989033976115141,0.09837335195645637,0.10040211724977266
2015-06-26,0.10221772464961404,0.09948571127910438,0.09510745797649527,0.10317221238970763,0.10233238186279565,0.1005980470021203,0.10090029509969745,0.096803387436617,0.09497922605967692,0.10440355624417126
2015-07-03,0.10542704564916405,0.09822306945816137,0.09551837685626202,0.10104955179174714,0.10533116207592201,0.09973141060874322,0.10308721062111108,0.09143003704218401,0.0919585509934765,0.10824358490322862
2015-07-10,0.1,0.1,0.1,0.1,0.1,0.1,0.1,0.1,0.1,0.1
2015-07-17,0.10100741632217179,0.09970854665104903,0.10218807823763862,0.09941727682447822,0.10294611802830375,0.0982043305714115,0.10830578695749639,0.09421218605068085,0.09271079697187626,0.10129946338489375
2015-07-24,0.09641949313892376,0.09928494498301674,0.10278347371995136,0.09882083196321417,0.101656891550107,0.10079412196327941,0.09896191933859641,0.09921056521911367,0.10238390164664547,0.09968385647715194
2015-07-31,0.09635740218472821,0.09884178287935477,0.10412737190513192,0.09775789055025141,0.09998985123239418,0.09922930190661501,0.09347749962560446,0.099030066861927,0.1118631749304575,0.09932565792353559
2015-08-07,0.1,0.1,0.1,0.1,0.1,0.1,0.1,0.1,0.1,0.1
2015-08-14,0.09971537549100132,0.10199832023027298,0.10130026790981694,0.10009907269519784,0.09940165885963957,0.1004485911609701,0.0980984416667602,0.09929527910468429,0.09973603028359973,0.09990696259805702
2015-08-21,0.10104563496307767,0.10231638176712579,0.1019854998508548,0.10175381986721233,0.0990648261315058,0.09837860293915957,0.09536239761985765,0.09877627692201697,0.10047860317601784,0.10083795676317171
2015-08-28,0.09896886634299447,0.1042648144239199,0.1001208540172014,0.10058873170354818,0.10060876332380018,0.10037498712679156,0.09562564366555325,0.0980790366827843,0.10006967434973481,0.10129862836367183
2015-09-04,0.1,0.1,0.1,0.1,0.1,0.1,0.1,0.1,0.1,0.1
2015-09-11,0.1,0.1,0.1,0.1,0.1,0.1,0.1,0.1,0.1,0.1
2015-09-18,0.10172145116530769,0.09952706352662098,0.10028929611423018,0.09839182239127701,0.09679196139206211,0.10007462883741666,0.1036650650302005,0.09939118335386096,0.0971191368026662,0.10302839138635776
2015-09-25,0.10377699584760598,0.09705310658901704,0.10152980069781176,0.09784950328609368,0.09843095350850066,0.09987680105948037,0.1071050083663871,0.09754508955092323,0.09380664936478961,0.10302609172939062
2015-10-02,0.1,0.1,0.1,0.1,0.1,0.1,0.1,0.1,0.1,0.1
2015-10-09,0.1,0.1,0.1,0.1,0.1,0.1,0.1,0.1,0.1,0.1
2015-10-16,0.09637469583011865,0.10003893833422477,0.09915345127181455,0.10090867818722526,0.09918110506691279,0.10119935863780477,0.09811911187380777,0.10381880078153458,0.1027129007674443,0.09849295924911242
2015-10-23,0.09526497184916673,0.10032939416363318,0.09986957143170475,0.10080908453763461,0.0983715640029878,0.09816436851346988,0.0961408807483611,0.10848661676570738,0.10500481204487874,0.09755873594245582
2015-10-30,0.1,0.1,0.1,0.1,0.1,0.1,0.1,0.1,0.1,0.1
2015-11-06,0.09845798831024784,0.09989503406418361,0.10005013858974252,0.09987549908007425,0.10064689085949245,0.09826440675219604,0.10023081965368404,0.1015923487713562,0.10137067695711818,0.09961619696190473
2015-11-13,0.09799056732410454,0.10004058006498387,0.09940388359998682,0.09906140189503752,0.09873345088622595,0.09599410067520456,0.1043522468152831,0.10340551974476997,0.10209909076006335,0.09891915823434023
2015-11-20,0.0970183944455865,0.10081557680219248,0.09897613619991548,0.09908715777061898,0.09760923943266168,0.09678674702867504,0.10409910001268327,0.10442431324369751,0.10137652143579945,0.09980681362816958
2015-11-27,0.1,0.1,0.1,0.1,0.1,0.1,0.1,0.1,0.1,0.1
2015-12-04,0.09893986986590358,0.10050412791952215,0.09878199719461814,0.10038798728412283,0.10188264357345596,0.1008075897383042,0.09997370057456784,0.0996795185198459,0.09952033841372271,0.09952222691593665
2015-12-11,0.09826888229471865,0.10081637371356085,0.09710819540303095,0.10128533844769362,0.10237289832420411,0.10152004840174374,0.10252315844272368,0.0988663143413556,0.09703576794172454,0.10020302268924419
2015-12-18,0.09628689145447548,0.1005928384958725,0.09552713692556984,0.10275491842334869,0.10155370501345165,0.10289007230983369,0.10331116951052215,0.09967410453574894,0.09904178797686249,0.09836737535431439
2015-12-25,0.1,0.1,0.1,0.1,0.1,0.1,0.1,0.1,0.1,0.1
2016-01-01,0.0998946201102253,0.10013610648076,0.09889857796898659,0.10096854743591269,0.1019157746925228,0.10114267244048974,0.10134091992874662,0.09872531850356427,0.09780081908521146,0.09917664335358045
2016-01-08,0.09989462011022532,0.10013610648076002,0.0988985779689866,0.10096854743591269,0.1019157746925228,0.10114267244048974,0.10134091992874662,0.09872531850356427,0.09780081908521146,0.09917664335358045
2016-01-15,0.10929618901845144,0.10081999241481551,0.09611806580843828,0.09752974091222845,0.1039359642784918,0.09734401396574376,0.10170753569952425,0.0932179254706442,0.10030725473647759,0.09972331769518471
2016-01-22,0.1,0.1,0.1,0.1,0.1,0.1,0.1,0.1,0.1,0.1
2016-01-29,0.09947838910708505,0.09923055962878065,0.1019027261592523,0.09918329626127015,0.09949013349531004,0.10023856420272285,0.0985863603498378,0.10096774185662793,0.1017081781060642,0.09921405083304892
2016-02-05,0.10254183098360432,0.0977878227666427,0.09892993121846902,0.09882781519689487,0.10254526847237509,0.10104067106548272,0.10120103890295505,0.1008050973835069,0.09943807365329478,0.09688245035677462
2016-02-19,0.1,0.1,0.1,0.1,0.1,0.1,0.1,0.1,0.1,0.1
2016-02-26,0.09967604979669355,0.10074758079240154,0.10084762680613858,0.10015922108914341,0.0986722335568507,0.09974091333078014,0.09805355966744683,0.10245910496282698,0.10081022358545724,0.09883348641226115
2016-03-04,0.10424107312657666,0.10319131248641747,0.09874745948850218,0.09921491670104322,0.10016242272389958,0.09822526255386467,0.09912717897336591,0.09895099862810319,0.09698690094411509,0.10115247437411214
2016-03-11,0.10848268718806137,0.10520790609502224,0.09839674780064071,0.09750705158432392,0.10244083968638501,0.09510147458352047,0.10400100786661767,0.09396674062962801,0.09439433455078818,0.10050121001501233
2016-03-18,0.1,0.1,0.1,0.1,0.1,0.1,0.1,0.1,0.1,0.1
2016-03-25,0.09795092003356541,0.10035089825760271,0.10048321281980731,0.10106194219760806,0.0978312991449679,0.1015406929702394,0.09819517122476375,0.10305075522877899,0.10013560699583926,0.09939950112682719
2016-04-01,0.09535067982465213,0.09885070712342048,0.10125113980112076,0.10218665740702693,0.09972612226475026,0.10131579603348118,0.0981846748321786,0.10403445916265579,0.09994743872171176,0.0991523248290022
2016-04-08,0.09701090874061644,0.1003314451923788,0.10118402317984605,0.10100817270875712,0.09944887170892361,0.10077269887145529,0.09765051758887487,0.1032987164165056,0.10002631317239713,0.09926833242024498
2016-04-15,0.1,0.1,0.1,0.1,0.1,0.1,0.1,0.1,0.1,0.1
2016-04-22,0.10212346119655857,0.10087396962285469,0.09992044668891054,0.0995651646734853,0.09867465182353748,0.0998236972472717,0.09999740752978606,0.09978776161000716,0.09998669025201101,0.09924674935557751
2016-04-29,0.10307198437281476,0.10109985411178997,0.09815816776398277,0.0995641640386957,0.1000277388857337,0.09894398196322501,0.10295172966400071,0.09781454812436399,0.09875028979943595,0.09961754127595748
2016-05-06,0.10353569774021276,0.09992287986554715,0.09710590108864911,0.099749797024566,0.10214088164998547,0.09889351317095071,0.10198345301540805,0.09792619864886785,0.09978175773571094,0.09895992006010193
2016-05-13,0.1,0.1,0.1,0.1,0.1,0.1,0.1,0.1,0.1,0.1
2016-05-20,0.09778644532335956,0.09875947933866866,0.0990453871409241,0.0996771582025054,0.10405219622516165,0.10128787450305186,0.10077467050861229,0.09849003534225752,0.09942015692749116,0.10070659648796794
2016-05-27,0.0979891250272553,0.09924172262760471,0.09846571461523765,0.09953883508900492,0.10317922377910485,0.10154858417946841,0.1014144562448005,0.10064494883913756,0.09818986356912104,0.09978752602926516
2016-06-03,0.09808737622671361,0.09878936019807913,0.09798228497661574,0.10000111160389683,0.1018299956843817,0.10092969379492825,0.10115727728164746,0.10206629870131909,0.09960819131736104,0.09954841021505711
2016-06-10,0.1,0.1,0.1,0.1,0.1,0.1,0.1,0.1,0.1,0.1
2016-06-17,0.09999999999999999,0.09999999999999999,0.09999999999999999,0.09999999999999999,0.09999999999999999,0.09999999999999999,0.09999999999999999,0.09999999999999999,0.09999999999999999,0.09999999999999999
2016-06-24,0.09927724051076064,0.10194056398892676,0.0991429815097028,0.09840939276053697,0.10154309997008075,0.09998948917721132,0.09973594762913064,0.09848454304183607,0.10197854054294157,0.09949820086887255
2016-07-01,0.10020976287083896,0.10111889767362085,0.09855387669013843,0.09809027061739665,0.09959178479612787,0.10047150256726317,0.10035643798083067,0.09932853724129882,0.10272590956657057,0.09955301999591397
2016-07-08,0.1,0.1,0.1,0.1,0.1,0.1,0.1,0.1,0.1,0.1
2016-07-15,0.10009693865061346,0.10282594367135793,0.10075280928228693,0.09921888656693445,0.10198305735391769,0.10097110442071149,0.09729051164343519,0.0984605393759164,0.09909634924170055,0.099303859793126
2016-07-22,0.10245674364915766,0.10247863752130736,0.09991435753713311,0.10031657410612133,0.10182629414070102,0.10057041566534387,0.0961429962735346,0.09684453667322679,0.10071656758415842,0.09873287684931596
2016-07-29,0.1005755358503385,0.10119126976041022,0.09980801292668652,0.10065185105135646,0.09984910276412214,0.10017430361358631,0.09600660620994121,0.09835877371182415,0.10462603183359462,0.09875851227813993
2016-08-05,0.1,0.1,0.1,0.1,0.1,0.1,0.1,0.1,0.1,0.1
2016-08-12,0.1001085899662864,0.10062800236306811,0.1001157764942825,0.0992628720437002,0.09868417588652123,0.09901289236379837,0.10156502703679651,0.1003204190256608,0.10023171748207024,0.10007052733781566
2016-08-19,0.10165275783376988,0.0997048219782297,0.10007852517064582,0.0986383813409347,0.09783413825253896,0.09846826298923808,0.10374805019373085,0.09872000899122281,0.10050343123602416,0.10065162201366505
2016-08-26,0.10040688180531426,0.10006424891375315,0.10192237954562698,0.09897747954048203,0.09601409937366662,0.09790246188457406,0.10359871011525228,0.09998828798180287,0.10066824868853183,0.10045720215099575
2016-09-02,0.1,0.1,0.1,0.1,0.1,0.1,0.1,0.1,0.1,0.1
2016-09-09,0.10018453822414605,0.09973119398138332,0.10007014624064146,0.1008314009399663,0.09905508769381582,0.09975719417363448,0.10112312938842499,0.09923094095702928,0.09975832803048107,0.10025804037047727
2016-09-16,0.10023476240356675,0.10060320877104463,0.10052125285199581,0.10110982368639017,0.09790376491436706,0.09925643256626135,0.09983676195982732,0.09883338194934828,0.10236033874793943,0.09934027214925928
2016-09-23,0.10023476240356674,0.10060320877104462,0.1005212528519958,0.10110982368639015,0.09790376491436704,0.09925643256626134,0.09983676195982731,0.09883338194934826,0.10236033874793941,0.09934027214925926
2016-09-30,0.1,0.1,0.1,0.1,0.1,0.1,0.1,0.1,0.1,0.1
2016-10-14,0.10150953831513033,0.09955740489503834,0.09897636990412145,0.10045721164378685,0.1000103591335501,0.10035645661385567,0.10033476594820967,0.0993204663746293,0.10020590337073514,0.09927152380094319
2016-10-21,0.10098234429111404,0.09906988304160591,0.10019270506822597,0.09913277043024345,0.09937446945674103,0.10017255584094219,0.09849446754378444,0.09945093082095059,0.1040004987358374,0.09912937477055496
2016-10-28,0.1,0.1,0.1,0.1,0.1,0.1,0.1,0.1,0.1,0.1
2016-11-04,0.10221927350063206,0.10009439752942947,0.09858726458098337,0.09965993645418816,0.1022730214949895,0.09943355604916015,0.10059916599540146,0.09892814311220118,0.09888359513539419,0.09932164614762033
2016-11-11,0.10137021731721067,0.1010014186359456,0.09916493800970248,0.09992432627343037,0.10220825956825952,0.09963600330994919,0.10134923340133489,0.09863727627433007,0.09750394797128983,0.09920437923854744
2016-11-18,0.10289919015090203,0.1048653021233865,0.09979034351473248,0.09882784773797902,0.10099057760986886,0.09765239085489666,0.10134354332820511,0.09742449735671976,0.09766276943176945,0.09854353789154018
2016-11-25,0.1,0.1,0.1,0.1,0.1,0.1,0.1,0.1,0.1,0.1
2016-12-02,0.1006942119828236,0.09978925847884988,0.10015480015263376,0.10108831767763837,0.09963462577192464,0.099330879341533,0.10177270546312724,0.09866161875504674,0.09862671948857735,0.10024686288784528
2016-12-09,0.09918855979644209,0.09873438088267981,0.1017479204776805,0.10153135183589379,0.09957928054822189,0.09864079996453563,0.1007608088515007,0.0976138048072243,0.10100612586522359,0.10119696697059768
2016-12-16,0.09939768302803778,0.10045302735491313,0.10044639070735896,0.1014903174747395,0.10106744914673498,0.09842600696610894,0.10097979719623001,0.09714696206421843,0.10058987167404544,0.10000249438761287
2016-12-23,0.1,0.1,0.1,0.1,0.1,0.1,0.1,0.1,0.1,0.1
2016-12-30,0.1000201339391728,0.0995591440306512,0.10124167469588778,0.09962479650818841,0.09916330619044177,0.10005787708017398,0.09839752220412135,0.09933072339557995,0.10153228471613954,0.10107253723964327
2017-01-06,0.09841713983417574,0.09908295431098385,0.10103413500123062,0.09956407736632758,0.10036677701135999,0.10104805649598965,0.09891740927580582,0.09907097026324026,0.10156532296947363,0.10093315747141281
2017-01-13,0.10083564998388878,0.10015018858480322,0.10153303411412624,0.09905233592639198,0.10082610381921096,0.09954171420914852,0.09769421635187923,0.09841209065690065,0.10158149370041014,0.10037317265324025
2017-01-20,0.1,0.1,0.1,0.1,0.1,0.1,0.1,0.1,0.1,0.1
2017-01-27,0.10006663480624382,0.09985552854324369,0.09962887572162465,0.10024126783464223,0.1015700706772691,0.10029836691849313,0.10065684703993787,0.09931768361756932,0.09833675193321764,0.10002797290775871
2017-02-03,0.10006663480624381,0.09985552854324366,0.09962887572162464,0.10024126783464221,0.10157007067726909,0.1002983669184931,0.10065684703993784,0.09931768361756929,0.09833675193321763,0.1000279729077587
2017-02-10,0.1004642451067838,0.10202985999553008,0.09970551603321176,0.10022286588091096,0.10059588768347161,0.10094465160842218,0.09966320276319009,0.09886985602148056,0.09826087168172948,0.0992430432252694
2017-02-17,0.1,0.1,0.1,0.1,0.1,0.1,0.1,0.1,0.1,0.1
2017-02-24,0.09928620107864813,0.10037548976110874,0.09928569221890225,0.10061505066161143,0.1013287336854593,0.0995406181015818,0.10030972273225916,0.09982141552191397,0.09886891003275997,0.10056816620575519
2017-03-03,0.09741157655106714,0.09985604545339637,0.09890225181018877,0.10114568386336437,0.10250238558146105,0.10097415465484855,0.09924561581228475,0.10058311171312288,0.10011754268021479,0.09926163188005142
2017-03-10,0.09669436230599968,0.10010785731480298,0.0988646141996933,0.10189404570480816,0.10198563390496046,0.10054264722810434,0.09845297042001824,0.10112587111693319,0.10112902807813295,0.09920296972654666
2017-03-17,0.1,0.1,0.1,0.1,0.1,0.1,0.1,0.1,0.1,0.1
2017-03-24,0.100017133637837,0.10051681443119903,0.10004317870420586,0.09904237973549579,0.09974891219222787,0.10007812382716469,0.09961528099012563,0.09977817531112555,0.10078175992912151,0.10037824124149707
2017-03-31,0.10048790625306159,0.099023205270794,0.10094110184682607,0.09956707446005982,0.10148905085762126,0.10166829151912986,0.09725094247281295,0.09950562265723663,0.10085900842968777,0.09920779623276994
2017-04-07,0.1019601799873312,0.09878929128954615,0.10057647163836754,0.0994175197738901,0.10138457846625544,0.10137897391379826,0.0982788203605546,0.09855209872220556,0.09993024754793983,0.09973181830011134
2017-04-14,0.1,0.1,0.1,0.1,0.1,0.1,0.1,0.1,0.1,0.1
2017-04-21,0.09961922511991869,0.10083069560779129,0.10083122024582045,0.09920139234627326,0.09993843885262745,0.0993993721248153,0.09962868103627265,0.09830200717366128,0.09854929249273527,0.10369967500008433
2017-04-28,0.0968961361370584,0.0975187877853468,0.10004265730695086,0.100536288036688,0.10349060170650838,0.10262312938475583,0.09943126344723056,0.09846654074439684,0.09966972604254982,0.10132486940851443
2017-05-05,0.09624331710496246,0.09714019772078315,0.09824290728604326,0.10026923285207727,0.10307086590639021,0.10179060330512987,0.1006657063252996,0.10038443696988737,0.09974399969577233,0.10244873283365453
2017-05-12,0.1,0.1,0.1,0.1,0.1,0.1,0.1,0.1,0.1,0.1
2017-05-19,0.10082390192464386,0.09831542551411591,0.09758133919625293,0.09996775973429284,0.10043129332549207,0.10028421053326975,0.10401291750809122,0.0987265356934842,0.10008792335868338,0.09976869321167388
2017-05-26,0.10190664990917996,0.09782925963825974,0.09594268200432607,0.0994188046630352,0.10219408778994069,0.1008926628045329,0.1012641731272646,0.09990360577950784,0.10086835361789187,0.09977972066606124
2017-06-02,0.10310025567072988,0.09654945422975987,0.09475741098259632,0.09953739106232194,0.10294756933970113,0.10020350057798283,0.10587201689675474,0.09756391178379682,0.09993410789263489,0.09953438156372153
2017-06-09,0.1,0.1,0.1,0.1,0.1,0.1,0.1,0.1,0.1,0.1
2017-06-16,0.0975868313633026,0.10037213632996703,0.09962042231413977,0.10165515291686578,0.10205632024917673,0.09996495038448691,0.0985370918197394,0.10154900854088035,0.10033219557478983,0.0983258905066517
2017-06-23,0.09768406474291257,0.10275514668987829,0.0991927423440513,0.10148573290032972,0.10106975983312812,0.1001470546045141,0.0971898096083073,0.10147040045062894,0.10158089954256748,0.09742438928368208
2017-06-30,0.096371403118266,0.10219922733855072,0.09817508564038865,0.10299330044052811,0.10231075052480755,0.09906476299972698,0.09886798791863059,0.10105969964976656,0.1021522850911699,0.09680549727816481
2017-07-07,0.1,0.1,0.1,0.1,0.1,0.1,0.1,0.1,0.1,0.1
2017-07-14,0.10317210204366897,0.10446186358889023,0.10038045519760198,0.09844773223478255,0.09644131350922656,0.09739529018256085,0.10003168547322686,0.09968008913460541,0.09981634345305516,0.1001731251823812
2017-07-21,0.1034497400545039,0.10471630011681896,0.10037777208433937,0.0984490690917159,0.09741375693924645,0.09602580239571638,0.10416319363812278,0.09715270318538563,0.09853432033501107,0.09971734215913959
2017-07-28,0.10684756444859526,0.1088355104047311,0.10039082593808489,0.09690706049499119,0.0978922550067976,0.09349431534077425,0.1039543733893236,0.09523558448619808,0.09707899710314112,0.09936351338736281
2017-08-04,0.1,0.1,0.1,0.1,0.1,0.1,0.1,0.1,0.1,0.1
2017-08-11,0.10239694921208432,0.10479031459664252,0.10002458961994316,0.09813006645575137,0.09892428942191711,0.09913211320087424,0.10027667941695756,0.09856074696634663,0.09819040968755038,0.0995738414219326
2017-08-18,0.10006794604772629,0.10189702838671467,0.0992344112360475,0.09825784069380218,0.10271875315088266,0.1018100554008621,0.09708424393729398,0.09936250623079518,0.09989892079911591,0.09966829411675941
2017-08-25,0.09930973076972072,0.10070589657674764,0.09965703593625931,0.09742645914584551,0.10160716859176434,0.10094784066604048,0.09685968559061824,0.10334272726682421,0.10106060559935409,0.0990828498568254
2017-09-01,0.1,0.1,0.1,0.1,0.1,0.1,0.1,0.1,0.1,0.1
2017-09-08,0.10309263330145672,0.10322970365269395,0.09887383102813478,0.09789232378900845,0.09957442950816084,0.09827518604828962,0.09906267138180723,0.10140400475962295,0.0992681512722682,0.09932706525855718
2017-09-15,0.10202604352454776,0.10351416750029983,0.09980976047989985,0.09800781505894685,0.09738280073731474,0.09941845479917587,0.09919668992608469,0.10260816320533687,0.0996201803647876,0.09841592440360587
2017-09-22,0.09962641255445655,0.1029064670843352,0.10069833173906499,0.0995598644001952,0.10034636313376581,0.09910390220657994,0.09903179218846642,0.10166629525794083,0.09946310941457841,0.09759746202061677
2017-09-29,0.1,0.1,0.1,0.1,0.1,0.1,0.1,0.1,0.1,0.1
2017-10-13,0.09910757556427492,0.09993904733152491,0.09864611212979361,0.09925562701405184,0.1023259635743422,0.10074301087440739,0.09785126256442801,0.10075269220017194,0.10288905143205564,0.09848965731494962
2017-10-20,0.0957596322729213,0.09751207639720365,0.09832873233078866,0.1009481672716065,0.10469166121976742,0.10278752113393319,0.09716784580368405,0.10268112624105888,0.10208957468074252,0.09803366264829388
2017-10-27,0.1,0.1,0.1,0.1,0.1,0.1,0.1,0.1,0.1,0.1
2017-11-03,0.09868037160241656,0.0982440493142622,0.09920374137079252,0.10040939772566486,0.10283422607539734,0.10038146694180917,0.09981163473598477,0.1003263096608665,0.10163314236183871,0.09847566021096733
2017-11-10,0.09836227205378495,0.09622610905082404,0.09901336462799495,0.09887599611460188,0.10286849208179802,0.10092453922985453,0.09983447304015151,0.10193615531433114,0.10386484236167307,0.09809375612498596
2017-11-17,0.09695941026402319,0.09483331487043192,0.09709592053952291,0.10006508428165749,0.10414377964397324,0.09989909726744331,0.09799160359521518,0.10396544559346252,0.10874777204813703,0.09629857189613335
2017-11-24,0.1,0.1,0.1,0.1,0.1,0.1,0.1,0.1,0.1,0.1
2017-12-01,0.10277767640215793,0.10158417339798205,0.10009184519487391,0.09916179476934306,0.09582764720146345,0.09779794138473394,0.10197794423259696,0.09789017488569932,0.10170798291094792,0.10118281962020141
2017-12-08,0.10449993099164367,0.10471684163454258,0.10106294750094529,0.09762876992770213,0.0939611833726751,0.09845944979294999,0.10024273254683863,0.09901600570413031,0.09915308584330183,0.10125905268527048
2017-12-15,0.1030170588288858,0.10237382048216792,0.10071487875098527,0.09755939912447387,0.0962655972019106,0.0991012080631555,0.10122293323178601,0.09970607380889628,0.09897750280277265,0.10106152770496617
2017-12-22,0.1,0.1,0.1,0.1,0.1,0.1,0.1,0.1,0.1,0.1
2017-12-29,0.10175400201385254,0.09961307327026683,0.09910995274295015,0.09970608452630332,0.10305725682502725,0.10053518274522671,0.09992753703003567,0.0985735321069251,0.09921019326410886,0.09851318547530342
2018-01-05,0.1029926105409828,0.10221396669772799,0.09971163916799314,0.10036047812558233,0.10269019777035433,0.10047774718167996,0.09975142999707667,0.09731538692416822,0.09675490741663433,0.09773163617780016
2018-01-12,0.10648284071464087,0.10365968628567959,0.09919171869784528,0.10004955736484467,0.10351560446835606,0.098897893559314,0.09967642328029476,0.09563588345553377,0.09547665977703046,0.0974137323964604
2018-01-19,0.1,0.1,0.1,0.1,0.1,0.1,0.1,0.1,0.1,0.1
2018-01-26,0.10018526230273236,0.09983067961746162,0.10014949331122124,0.09869828830959598,0.09815194725278448,0.09940814998386203,0.10652375879315383,0.09751720164538831,0.09898216474399207,0.1005530540398081
2018-02-02,0.10172247574091367,0.1001503065939305,0.10064698802490613,0.1016514889408981,0.09836099556691245,0.098559215030782,0.10584835344896819,0.09786109039443125,0.09546757197417365,0.09973151428408406
2018-02-09,0.1088432640995551,0.1029574621816567,0.09890064735030323,0.10120443610821923,0.09747117319590629,0.09717442901592814,0.10753074266913015,0.09407320418434294,0.09234364377164987,0.0995009974233083
2018-02-16,0.1,0.1,0.1,0.1,0.1,0.1,0.1,0.1,0.1,0.1
2018-02-23,0.09999999999999999,0.09999999999999999,0.09999999999999999,0.09999999999999999,0.09999999999999999,0.09999999999999999,0.09999999999999999,0.09999999999999999,0.09999999999999999,0.09999999999999999
2018-03-02,0.0993704483366735,0.10288609827913082,0.09917628220392793,0.10063932421712733,0.10206221745435583,0.10044795634241056,0.09914414355125784,0.10008584728304916,0.09961795344199968,0.09656972889006712
2018-03-09,0.09501279792359951,0.1012391415008149,0.10029917275854244,0.10043317972568153,0.09833849050032992,0.10135942949036171,0.09566024069440283,0.10661882363333387,0.10283080798850508,0.0982079157844281
2018-03-16,0.1,0.1,0.1,0.1,0.1,0.1,0.1,0.1,0.1,0.1
2018-03-23,0.10036567676035694,0.10195481877599799,0.09986868158161431,0.10075838973526888,0.10095538838829447,0.10014782423515818,0.09919378988755774,0.09876288355497528,0.09835377152495023,0.09963877555582598
2018-03-30,0.1017871219442937,0.09917655301830944,0.10011791897958128,0.09919811070559174,0.10087787998802443,0.10458235368937155,0.10043718332784712,0.09717845956245302,0.09534558242268525,0.10129883636184239
2018-04-06,0.09845474710297049,0.10005554712831184,0.10096872891563904,0.09680381758132994,0.09733728778642883,0.10769494365481067,0.09745503975400337,0.10239702989331491,0.0985886553522142,0.10024420283097671
2018-04-13,0.1,0.1,0.1,0.1,0.1,0.1,0.1,0.1,0.1,0.1
2018-04-20,0.10026156863335234,0.1005080325455685,0.09981700747395729,0.09922713938479426,0.10239498207938502,0.09896570725914652,0.10131842890184059,0.0990377555609893,0.09971972356089288,0.09874965460007332
2018-04-27,0.10167690412047913,0.10004374069776137,0.09985632269645926,0.09873688160723564,0.10429645209592293,0.09995339062213635,0.10030903967179589,0.09860580060124276,0.09808502269209445,0.09843644519487214
2018-05-04,0.10212231003542513,0.09933237008134824,0.10049180757639532,0.09780994377281162,0.10297725430302862,0.10308182944139652,0.1003598046798402,0.09642341956929226,0.0985318303927302,0.09886943014773193
2018-05-11,0.1,0.1,0.1,0.1,0.1,0.1,0.1,0.1,0.1,0.1
2018-05-18,0.10187648875144803,0.1004312514259968,0.09916839916986377,0.10075089249134289,0.10283403368523872,0.09981645649313532,0.10006642352806253,0.09836523711254011,0.09842964139431085,0.09826117594806097
2018-05-25,0.10480236144395669,0.09985082217850132,0.09795703928640946,0.10055982446934661,0.10381748966763336,0.10150618865196537,0.09886193791807253,0.09763908380139175,0.09618490768714061,0.09882034489558245
2018-06-01,0.10023999116171776,0.09868541515589921,0.09722680149991002,0.10046572823266159,0.10312395416714555,0.1060440287829829,0.0973733542897234,0.0970415672705407,0.09803820458612725,0.10176095485329152
2018-06-08,0.1,0.1,0.1,0.1,0.1,0.1,0.1,0.1,0.1,0.1
2018-06-15,0.09906923234363062,0.10137891550324424,0.09851941252377554,0.1004225695767284,0.10055977628131653,0.10133280187170317,0.09962536049209872,0.10109086500207272,0.09997538827971274,0.09802567812571746
2018-06-22,0.10127627011384482,0.10229676765284118,0.09888195026193997,0.10163655226080193,0.10209710238669073,0.09866406364211848,0.10293007510585558,0.09888230606873483,0.09274772566037395,0.10058718684679857
2018-06-29,0.10308529576502297,0.10211602358231747,0.09918166016581757,0.1025197846336903,0.10481468083974474,0.10284299976228774,0.10394492723171415,0.09543913161764132,0.08614958972769798,0.09990590667406564
2018-07-06,0.1,0.1,0.1,0.1,0.1,0.1,0.1,0.1,0.1,0.1
2018-07-13,0.0989586771091707,0.09908026063431251,0.09962565930413667,0.09828717776195588,0.10023159271106477,0.0990942161364989,0.10104307893596809,0.09933868309909304,0.10098636352339006,0.10335429078440941
2018-07-20,0.09593271611443413,0.10103063328671216,0.09774350079620388,0.09728658822234508,0.10189098044537823,0.10225020555141626,0.09956063983568084,0.10081125896610693,0.10281008706167528,0.1006833897200473
2018-07-27,0.09523765223913302,0.09986073544418436,0.09707603171105253,0.09602151387174573,0.09922475249926424,0.09949127633944488,0.1008499600634267,0.10132291335111519,0.10537944922230658,0.1055357152583269
2018-08-03,0.1,0.1,0.1,0.1,0.1,0.1,0.1,0.1,0.1,0.1
2018-08-10,0.10305408124005394,0.10108873107693335,0.10036481730167736,0.09728632932907853,0.09747086519634195,0.09848786990465111,0.10123401693151751,0.09647451996326369,0.099944366374426,0.10459440268205658
2018-08-17,0.10409714821919433,0.09991877566673282,0.10048514724070956,0.09711059307512802,0.09644589155519998,0.09741858922668571,0.10181946538506383,0.09856677470735362,0.10316190071320519,0.1009757142107269
2018-08-24,0.10574670095049242,0.09893850669568613,0.10000906011332235,0.09530031410475784,0.09319160520256915,0.09575520204402292,0.1021254250153524,0.098052390729731,0.10801285610957341,0.10286793903449239
2018-08-31,0.1,0.1,0.1,0.1,0.1,0.1,0.1,0.1,0.1,0.1
2018-09-07,0.10033738127497295,0.0996715215357131,0.099708312691023,0.09991323708175426,0.09932239983567717,0.09964735741789427,0.1005613692984623,0.10005849202325762,0.1009246912626118,0.0998552375786335
2018-09-14,0.10297680581794186,0.09841743966540313,0.0999721364379561,0.09857713750135097,0.0982305720370141,0.10074567626190374,0.1009060086335295,0.10017712300802127,0.09912981134684931,0.10086728929003
2018-09-21,0.10649313108299586,0.09750825094233379,0.10100658546711086,0.09982979841522127,0.09916381467241848,0.09672201916768612,0.10244927930193928,0.09624765618776208,0.09743794087670452,0.10314152388582776
2018-09-28,0.1,0.1,0.1,0.1,0.1,0.1,0.1,0.1,0.1,0.1
2018-10-12,0.10115333155755495,0.09975452208878212,0.09933229152727792,0.10016192738021536,0.10212745408636732,0.1021530463433001,0.09925386761794176,0.09798548132382674,0.09861506351604953,0.09946301455868424
2018-10-19,0.1075080744878166,0.10103469128955529,0.09916185124442842,0.10043399344989135,0.10350847203324048,0.10145193682288486,0.10093974392097377,0.09338210225262636,0.09253413529194165,0.10004499920664128
2018-10-26,0.1,0.1,0.1,0.1,0.1,0.1,0.1,0.1,0.1,0.1
2018-11-02,0.10065535804588631,0.10083583210172525,0.1015225572442695,0.0997628131757667,0.09175671615939503,0.09852489230437532,0.10443119870911606,0.09967936351780096,0.10214543313145392,0.10068583561021094
2018-11-09,0.09684509459909957,0.10159776213753577,0.10274619373573107,0.09908701160128901,0.08977554665954712,0.1017999206784658,0.1029829172489442,0.10355687623855583,0.1019851972203482,0.09962347988048342
2018-11-16,0.09743200482738879,0.10032581199798242,0.10287581657498351,0.09806364954784214,0.08924824804918094,0.10272971564604202,0.10130300422100144,0.10244437492325807,0.1048789497365739,0.10069842447574663
2018-11-23,0.1,0.1,0.1,0.1,0.1,0.1,0.1,0.1,0.1,0.1
2018-11-30,0.09991521894532061,0.09864048767407467,0.10035668217399717,0.10005483199663323,0.10244791896094319,0.10245962250378039,0.10160109153225692,0.0968710532812199,0.09652119908238299,0.10113189384939084
2018-12-07,0.09883188821445112,0.09813674740330916,0.10108786477756959,0.09906800644804561,0.10462780962818374,0.10252688841358884,0.10177743021067011,0.09656804410281628,0.096870653845007,0.10050466695635864
2018-12-14,0.09908798755539067,0.09948807808892976,0.10200151672172279,0.0992858618433681,0.10600159056582166,0.09896086598341486,0.10093452746020411,0.09613927957683319,0.09601276451244237,0.10208752769187256
2018-12-21,0.1,0.1,0.1,0.1,0.1,0.1,0.1,0.1,0.1,0.1
2018-12-28,0.09954680423156871,0.10070425392515421,0.1002446332731863,0.10043719519070717,0.09881289060985705,0.09591724194889484,0.09883767545187015,0.10014399934723407,0.10144375244782274,0.10391155357370473
2019-01-04,0.09589858588871673,0.09907538485010296,0.09955305815918897,0.10025084944572518,0.10152995661003515,0.09750342150651475,0.09836809662063713,0.09862510955517996,0.10339170247371067,0.10580383489018841
2019-01-11,0.09664657886390694,0.099568876029605,0.10101627634424676,0.0998976816028622,0.10015838387723598,0.09438226307856006,0.1011972612777278,0.09986766083367171,0.10257525902694009,0.10468975906524343
2019-01-18,0.1,0.1,0.1,0.1,0.1,0.1,0.1,0.1,0.1,0.1
2019-01-25,0.10112439215423179,0.09979661457203932,0.09913241743562773,0.09979156071100834,0.10308226452537764,0.10212437048026442,0.10016903268123528,0.09825894742244853,0.0969341576513819,0.09958624236638498
2019-02-01,0.10019707761828014,0.09933251450095767,0.09880609036919978,0.10058689190505106,0.10410576591854158,0.10061279299835683,0.10157462989676434,0.09900007540370696,0.09700052601623856,0.09878363537290306
2019-02-15,0.1,0.1,0.1,0.1,0.1,0.1,0.1,0.1,0.1,0.1
2019-02-22,0.09745242028572668,0.09973643000889482,0.09860710601083654,0.09916231913349725,0.10116998639823475,0.10141801240690054,0.09596709993773835,0.103634151289734,0.10429563379424926,0.09855684073418777
2019-03-01,0.09518760669973175,0.09870921124925751,0.09833370340474008,0.09809760278678366,0.09883762855152248,0.0989852147964963,0.0976975684336715,0.10872108424350359,0.11120635888552337,0.09422402094876973
2019-03-08,0.09518010889102746,0.10032595960998202,0.09787314177309665,0.09680315776798014,0.09961589037408414,0.10030785414626642,0.09960315322008603,0.10895761701685377,0.10939870018650061,0.09193441701412258
2019-03-15,0.1,0.1,0.1,0.1,0.1,0.1,0.1,0.1,0.1,0.1
2019-03-22,0.0999631051542662,0.10131512873500992,0.1016343539045291,0.10116567716120009,0.1020701482317502,0.10089266317492976,0.10039737530667217,0.09646931158764907,0.09737512071681725,0.09871711602717631
2019-03-29,0.0994152118529427,0.10108407640161286,0.10156303700311295,0.10105425999051468,0.10345074428521091,0.1024284386112167,0.09910265073661025,0.09753584785709106,0.0954532802796646,0.09891245298202331
2019-04-05,0.09829786285910695,0.10019482289934066,0.10085479787422226,0.10033105380363955,0.10969956737653873,0.10363434599099033,0.09997845904035198,0.09641501847362227,0.093665494022303,0.09692857765988441
2019-04-12,0.1,0.1,0.1,0.1,0.1,0.1,0.1,0.1,0.1,0.1
2019-04-19,0.10216327680106348,0.10213421533417223,0.10056482487254186,0.10260391799276822,0.10052129927259759,0.09799604875288655,0.09995705493002859,0.0964309584982821,0.09749373640407123,0.1001346671415882
2019-04-26,0.10421006541670427,0.10023996477666658,0.09947495941925623,0.10518731256799668,0.09971111319798671,0.09518179061393853,0.10017281393447401,0.09537593942563477,0.10434925142319283,0.09609678922414937
2019-05-03,0.10264809244210439,0.09856012970544166,0.09743448947909601,0.1015197115680704,0.10507696836354663,0.0966974075664114,0.10116920007236768,0.09599775781310872,0.10353286102546513,0.09736338196438805
2019-05-10,0.1,0.1,0.1,0.1,0.1,0.1,0.1,0.1,0.1,0.1
2019-05-17,0.09989423360471195,0.0983785104233439,0.1002905206860243,0.10204459611847093,0.10455550231686726,0.10050554853026288,0.10058850636862018,0.09791792152586982,0.09251831304131587,0.10330634738451289
2019-05-24,0.10068436956228485,0.09915552707173482,0.10016307781073926,0.10180593798118896,0.10969404644736941,0.10209892106910605,0.10000989683961341,0.0944332615508799,0.08892377243875942,0.1030311892283239
2019-05-31,0.10123977157116441,0.09965406420854397,0.10036012294549378,0.10110993737483791,0.1068052472575306,0.10060916456312212,0.10171738135274544,0.09443051971569923,0.08920846067383723,0.10486533033702532
2019-06-07,0.1,0.1,0.1,0.1,0.1,0.1,0.1,0.1,0.1,0.1
2019-06-14,0.09999999999999999,0.09999999999999999,0.09999999999999999,0.09999999999999999,0.09999999999999999,0.09999999999999999,0.09999999999999999,0.09999999999999999,0.09999999999999999,0.09999999999999999
2019-06-21,0.09886827287378258,0.10021713353732804,0.10004901035344328,0.09971407824183703,0.10150624548175498,0.09717743820688789,0.1021132697954996,0.09901039762830471,0.1008797573626845,0.10046439651847726
2019-06-28,0.097902789567544,0.09913778363671992,0.10010144911745518,0.09962397370530411,0.1001751380729898,0.09791429513615083,0.10394809695818247,0.10174915081601672,0.10088672704385285,0.0985605959457841
2019-07-05,0.1,0.1,0.1,0.1,0.1,0.1,0.1,0.1,0.1,0.1
2019-07-12,0.09821690859748547,0.09932161803808574,0.09971069422049006,0.10132801706931421,0.10119810188002029,0.10060786788320913,0.09924337458841985,0.10017338357618556,0.10027762605294559,0.09992240809384433
2019-07-19,0.09819564966476418,0.09862466566728019,0.09922424773656113,0.10108631578808547,0.10330903821533229,0.10158293102435352,0.10040785066737877,0.09867838987250845,0.0984093825507274,0.10048152881300851
2019-07-26,0.09862607564502057,0.09897405455883573,0.10033472481877163,0.09946073611534234,0.10202313824237227,0.09980481043715903,0.10152951760442705,0.10007535524718729,0.09741155475821235,0.1017600325726717
2019-08-02,0.1,0.1,0.1,0.1,0.1,0.1,0.1,0.1,0.1,0.1
2019-08-09,0.09989980145922864,0.10062999830372982,0.09859980463322632,0.09972940627197169,0.10075029834364645,0.0998676892660525,0.09788455193291423,0.09959227411654102,0.10024554191829675,0.10280063375439259
2019-08-16,0.09994228238929329,0.10143424879503218,0.09740983258183568,0.09941360611240865,0.10116587640690677,0.10239177709542722,0.09870981017121747,0.09822540511052813,0.09743855907950873,0.10386860225784188
2019-08-23,0.0975516105552771,0.09922800138128851,0.09565726965364141,0.09851012108417462,0.10269959517244313,0.10413940647441555,0.09707429831888147,0.10241956102162526,0.09991208500607762,0.10280805133217528
2019-08-30,0.1,0.1,0.1,0.1,0.1,0.1,0.1,0.1,0.1,0.1
2019-09-06,0.10022574426045072,0.10001400473965036,0.09982153420942905,0.10163839376893444,0.10427528710184004,0.10003354173259532,0.0974068386732976,0.09975680787947559,0.09812035472228675,0.0987074929120401
2019-09-13,0.09970326268804329,0.09975323472976584,0.09995398521691784,0.10066949940372805,0.0984986855845295,0.0976967353091165,0.09779627909598272,0.1046152458480129,0.1057280511420823,0.09558502098182108
2019-09-20,0.09970326268804329,0.09975323472976584,0.09995398521691784,0.10066949940372805,0.0984986855845295,0.0976967353091165,0.09779627909598272,0.1046152458480129,0.1057280511420823,0.09558502098182108
2019-09-27,0.1,0.1,0.1,0.1,0.1,0.1,0.1,0.1,0.1,0.1
2019-10-04,0.0998507178354707,0.09909932030950569,0.09964091374062439,0.100253654415525,0.10029087484172998,0.10008930069914679,0.10192501699444052,0.09903172278150689,0.09952367830177138,0.10029480008027883
2019-10-11,0.09985071783547067,0.09909932030950566,0.09964091374062437,0.10025365441552499,0.10029087484172995,0.10008930069914677,0.1019250169944405,0.09903172278150686,0.09952367830177135,0.1002948000802788
2019-10-18,0.10112348753929294,0.09933509250383016,0.0998183010285566,0.09985895582267161,0.10063874432747215,0.10138380968737802,0.10324305566294094,0.0962775648862608,0.09788773940406571,0.10043324913753103
2019-10-25,0.1,0.1,0.1,0.1,0.1,0.1,0.1,0.1,0.1,0.1
2019-11-01,0.09962012679008088,0.09959049446973807,0.09927244150693734,0.09951766706760827,0.10150227192011002,0.0986870200486647,0.10001940902379608,0.10188890088591904,0.10051227074361013,0.09938939754353553
2019-11-08,0.09755084329099054,0.09855696336945677,0.09787743219709893,0.10274447551553367,0.10314139718743455,0.10111895085079185,0.09969512170548338,0.101312348069558,0.09992031466549854,0.09808215314815388
2019-11-15,0.09657790683656334,0.09846350753040646,0.09747894110631798,0.10305161147199421,0.10272677656511817,0.10189734061652475,0.09899654889789741,0.10227837361185207,0.10096222643271763,0.09756676693060796
2019-11-22,0.1,0.1,0.1,0.1,0.1,0.1,0.1,0.1,0.1,0.1
2019-11-29,0.1030666374354403,0.10309959404388862,0.10108726934616986,0.09882728857027931,0.0982430040094241,0.09758972753288853,0.09849275417053448,0.09854119717506199,0.1001666936965916,0.10088583401972125
2019-12-06,0.10420349484393297,0.1039452607867666,0.10182857318650118,0.09883983837657738,0.09632355869369748,0.09494486961141674,0.09832635632232645,0.09858657854579705,0.10088619242365697,0.10211527720932714
2019-12-13,0.1016712046932925,0.10389121320258687,0.10161310700123503,0.09997401182737664,0.09652607041831178,0.09359853728532695,0.09790391735619702,0.10170172389865563,0.10225184739395636,0.10086836692306118
2019-12-20,0.1,0.1,0.1,0.1,0.1,0.1,0.1,0.1,0.1,0.1
2019-12-27,0.10085626352571424,0.10010659157833222,0.1004238266845298,0.1011023908473197,0.09863961244821615,0.09877496130763369,0.1006769266331828,0.10051332336576363,0.09901026598836407,0.09989583762094373
2020-01-03,0.10157971559836734,0.10415216182115722,0.10084026769014089,0.10110855591676482,0.09860363901476202,0.09821800044231652,0.09988924246964874,0.09915355872036997,0.09794441571418161,0.09851044261229076
2020-01-10,0.10165488024691789,0.105003109632857,0.10139902689968888,0.10118701486708583,0.09750687795657882,0.09745747923078532,0.0994530543666959,0.10062782977272586,0.09878521690563237,0.09692551012103201
2020-01-17,0.1,0.1,0.1,0.1,0.1,0.1,0.1,0.1,0.1,0.1
2020-01-24,0.09840224854416049,0.09969450987205997,0.09881256093927958,0.1000094366645112,0.10008446197865915,0.10137717778293148,0.09903111882885304,0.10298285783023406,0.10160288725605099,0.09800274030325998
2020-02-07,0.09840224854416049,0.09969450987205997,0.09881256093927958,0.1000094366645112,0.10008446197865915,0.10137717778293148,0.09903111882885304,0.10298285783023406,0.10160288725605099,0.09800274030325998
2020-02-14,0.1,0.1,0.1,0.1,0.1,0.1,0.1,0.1,0.1,0.1
2020-02-21,0.10022697624594197,0.10406555591075173,0.10009797093039025,0.09927031168134098,0.10095301888267873,0.09680959807828429,0.10021223524591101,0.10121304333728834,0.09906439844729438,0.09808689124011827
2020-02-28,0.09747573862868426,0.10173519261901906,0.10101880179691174,0.09986117793567392,0.09983643513043118,0.09368130108965536,0.09904257288159131,0.10673233952311383,0.10455514596344727,0.09606129443147221
2020-03-06,0.09642320193888582,0.10059878213184606,0.10051918258973658,0.0990654697266922,0.10010032301320784,0.09480018936337971,0.09891624098277912,0.10337484486559781,0.10941908037944073,0.09678268500843402
2020-03-13,0.1,0.1,0.1,0.1,0.1,0.1,0.1,0.1,0.1,0.1
2020-03-20,0.09782589855441366,0.09729993844702008,0.1008504974975605,0.09869429857861424,0.10001416211265365,0.09711151551494197,0.10039352814949691,0.09900406808583004,0.10651765268769602,0.10228844037177288
2020-03-27,0.09845323239856728,0.09721037406471394,0.10040256246172381,0.09658577963036699,0.10002255043228836,0.100030762328195,0.09872769123857185,0.09878793400733998,0.10437580369311093,0.10540330974512184
2020-04-03,0.09830749875441143,0.09720928770187666,0.099737009597303,0.0960477799255231,0.103214528942557,0.10525690802875817,0.10009383657999192,0.09407252692288103,0.09944295273888981,0.10661767080780787
2020-04-10,0.1,0.1,0.1,0.1,0.1,0.1,0.1,0.1,0.1,0.1
2020-04-17,0.09845406948992472,0.101267413200977,0.10056163361324413,0.10021168846139554,0.10131868947938376,0.10271842466680688,0.09959693034772538,0.09849060880607644,0.09865149734034377,0.0987290445941225
2020-04-24,0.09754332438595581,0.1014559434893346,0.1018887490403959,0.10047829193480999,0.1001955272977218,0.10368140872009782,0.09918167827145981,0.10027708629563364,0.09790372855041443,0.09739426201417635
2020-05-01,0.09622943021780592,0.10126415722531895,0.10180028035238833,0.10124847118564616,0.10408261007984962,0.10449064611636313,0.09787795788378505,0.0987440255922492,0.09675349331535159,0.09750892803124214
2020-05-08,0.1,0.1,0.1,0.1,0.1,0.1,0.1,0.1,0.1,0.1
2020-05-15,0.096576365988718,0.09858687854226776,0.09924122708851492,0.10232938997025494,0.09842357602092291,0.0986901646186025,0.10009846687088389,0.10492619217946575,0.10416873529519098,0.09695900342517844
2020-05-22,0.09628755818117464,0.0975828715095685,0.09882981487957682,0.10283675650496552,0.09802257180840662,0.09928005689587202,0.0988081994966176,0.10663398255213587,0.1047654561122429,0.09695273205943941
2020-05-29,0.09759059821130157,0.09902147230589592,0.09882630596287566,0.10367262725808542,0.09963554392122315,0.10057728151800165,0.09930479100791181,0.10293021956189327,0.100922300584148,0.0975188596686636
2020-06-05,0.1,0.1,0.1,0.1,0.1,0.1,0.1,0.1,0.1,0.1
2020-06-12,0.09825244513797772,0.09850661223062403,0.09960240353971855,0.10116845297140782,0.09884751917877592,0.09939422174006202,0.0999387919609507,0.10335539086091682,0.1030715300613348,0.09786263231823156
2020-06-19,0.09728843268041877,0.09829261573565143,0.09985943758832223,0.10229034166086814,0.09906592545361845,0.10217812177796683,0.09836217934110779,0.1042661881215257,0.10214691610864882,0.09624984153187187
2020-06-26,0.09614177270468982,0.09838590858970099,0.09832056282365507,0.101410475537523,0.09970069066739756,0.10559274292091525,0.09665986136643656,0.10505781812687333,0.10378138578775568,0.09494878147505281
2020-07-03,0.1,0.1,0.1,0.1,0.1,0.1,0.1,0.1,0.1,0.1
2020-07-10,0.09904646424280843,0.09848524196973062,0.0991263444877973,0.10017671927737543,0.10232866894656688,0.09738337089840408,0.10540313814046058,0.10096596369241224,0.09867943437016516,0.09840465397427939
2020-07-17,0.09599714570264516,0.0990367914758729,0.10078357270921093,0.10027220460152816,0.10295986191707546,0.09723230699922492,0.10460262518054043,0.1045522953950549,0.0995817650525381,0.09498143096630893
2020-07-24,0.09511799671970637,0.1017717816488538,0.10151030078876516,0.10010520530643444,0.10639034558097961,0.10031309233702272,0.1019656865318314,0.0998817306467104,0.09453289869715437,0.09841096174254176
2020-07-31,0.1,0.1,0.1,0.1,0.1,0.1,0.1,0.1,0.1,0.1
2020-08-07,0.09648462805563227,0.10043848137919982,0.098527593433452,0.10085003469042028,0.1018333302542689,0.10358242534329082,0.09692293279388743,0.10259338525523871,0.1008728078818878,0.09789438091272196
2020-08-14,0.09506725235016318,0.1037391675469513,0.10072482716577615,0.10179372563375752,0.10030955276963675,0.10261562903998751,0.09794219560332845,0.1005495390722506,0.10019962802572482,0.0970584827924238
2020-08-21,0.09697589778584265,0.09981968618863081,0.10132342712502614,0.10191459189022889,0.10161676801206854,0.0974906391834052,0.10020510692542035,0.10018498419683528,0.10054087049734035,0.09992802819520184
2020-08-28,0.1,0.1,0.1,0.1,0.1,0.1,0.1,0.1,0.1,0.1
2020-09-04,0.09849170810386346,0.09943817244065258,0.09977864245543765,0.10077358677757146,0.10562925935240071,0.10279460086373794,0.09852210164702968,0.09967924708555344,0.09846832264349488,0.09642435863025821
2020-09-11,0.09840661087573534,0.09999800576937941,0.10028343179912153,0.10238137747852247,0.10434361446484519,0.10147304025054887,0.09726061224031428,0.09981316965749477,0.09836178626580169,0.09767835119823644
2020-09-18,0.10067954655174297,0.0999754529879132,0.10132817656855311,0.10305629882231772,0.1024904185891337,0.09879280827510153,0.09955378833017846,0.09797793279429602,0.09486844505013306,0.10127713203063024
2020-09-25,0.1,0.1,0.1,0.1,0.1,0.1,0.1,0.1,0.1,0.1
2020-10-02,0.10011598590292999,0.09766874380143516,0.09938184073630699,0.09964164380406033,0.10053952787310082,0.10441235402729253,0.10008850544861471,0.09983062150507363,0.0996001189504215,0.09872065795076432
2020-10-09,0.10011598590292999,0.09766874380143516,0.09938184073630699,0.09964164380406033,0.10053952787310082,0.10441235402729253,0.10008850544861471,0.09983062150507363,0.0996001189504215,0.09872065795076432
2020-10-16,0.09932814463867287,0.09693791439438589,0.10137968162556692,0.09930599861908139,0.10144291097856373,0.10456427989762544,0.09780007654970492,0.10200651746865592,0.09974438664024386,0.097490089187499
2020-10-23,0.1,0.1,0.1,0.1,0.1,0.1,0.1,0.1,0.1,0.1
2020-10-30,0.09971163382447042,0.10050227785004492,0.09860629578844177,0.10256383508959716,0.10057209293452385,0.09574651939047328,0.10272911514539186,0.09924847451858324,0.0996151439407186,0.10070461151775477
2020-11-06,0.09755025712930014,0.09995684505096018,0.09950494633735546,0.10601798470502281,0.10197280364331243,0.09951340387266584,0.0981331176763574,0.10007699237021304,0.097538944437451,0.0997347047773616
2020-11-13,0.09726110035134383,0.10302818110343069,0.09895244188701745,0.11127204948987683,0.10013283284995966,0.09414207738234605,0.09683694010459828,0.1010248901424035,0.09850738399849135,0.09884210269053248
2020-11-20,0.1,0.1,0.1,0.1,0.1,0.1,0.1,0.1,0.1,0.1
2020-11-27,0.10210110358945093,0.10252849241592125,0.10065531518865631,0.10005454138932998,0.1007232939583028,0.09661807953223714,0.10205487955254429,0.09702440523245483,0.0982038003195476,0.10003608882155493
2020-12-04,0.10659049896132304,0.10144949415376467,0.10129849725254365,0.09825559783897923,0.09951098756350694,0.09360812243381991,0.10552552432054164,0.09506084485819868,0.09720761780249589,0.1014928148148263
2020-12-11,0.10389448575253786,0.10007067372284295,0.10140163070851456,0.09783780696004163,0.10143214391978511,0.09850086567658033,0.10514204841590889,0.09649575406996135,0.09648297803053388,0.09874161274329327
2020-12-18,0.1,0.1,0.1,0.1,0.1,0.1,0.1,0.1,0.1,0.1
2020-12-25,0.0987050395664243,0.10172396499350872,0.10099685623506825,0.10110239790051652,0.10152844801679817,0.10374408670607681,0.09854551695251966,0.09778102862428033,0.09575759002202083,0.10011507098278637
2021-01-01,0.09599487608360328,0.10346728400753752,0.10499266451529554,0.10160557395083233,0.10147177764692832,0.10514768325068587,0.09542112810473101,0.09722803998053285,0.0932774601621532,0.10139351229770005
2021-01-08,0.09599487608360328,0.10346728400753752,0.10499266451529554,0.10160557395083233,0.10147177764692832,0.10514768325068587,0.09542112810473101,0.09722803998053285,0.0932774601621532,0.10139351229770005
2021-01-15,0.1,0.1,0.1,0.1,0.1,0.1,0.1,0.1,0.1,0.1
2021-01-22,0.10105110009550859,0.09849412439540146,0.0986757886730352,0.10082805839206653,0.09407409884440676,0.09740614413003837,0.10307202111637843,0.1014799304367995,0.1049109800264829,0.10000775388988244
2021-01-29,0.09864790483642154,0.10204036771253855,0.1015073807198009,0.10093164029367967,0.09267522103218406,0.10362888410524637,0.10010273818006024,0.1018733782648447,0.10272290192710277,0.09586958292812114
2021-02-05,0.09815665745091263,0.10118031796026994,0.10081755711426639,0.10142003105841069,0.09678788355903253,0.1013863035094286,0.10130516295454116,0.09878161741885319,0.09991024027189488,0.10025422870238997
2021-02-12,0.1,0.1,0.1,0.1,0.1,0.1,0.1,0.1,0.1,0.1
2021-02-19,0.09999999999999999,0.09999999999999999,0.09999999999999999,0.09999999999999999,0.09999999999999999,0.09999999999999999,0.09999999999999999,0.09999999999999999,0.09999999999999999,0.09999999999999999
2021-02-26,0.10496029855199072,0.10698628951782364,0.09925369255033775,0.09731942478609262,0.09972668691011005,0.09661175750615754,0.0968818116614668,0.09975346066620736,0.10089764325051309,0.09760893459930031
2021-03-05,0.10719615168014965,0.1060488236096777,0.09922834847556124,0.09321505899278494,0.09312055608697643,0.09287000852039042,0.10059537634822842,0.10017572321296503,0.10330268757568985,0.10424726549757633
2021-03-12,0.1,0.1,0.1,0.1,0.1,0.1,0.1,0.1,0.1,0.1
2021-03-19,0.10230266125635103,0.10243704013972575,0.09833253323380149,0.10003641267034447,0.09754531505226173,0.09773978766632874,0.10088256205309597,0.09465351718778346,0.09744221998538696,0.10862795075492052
2021-03-26,0.10179373162408605,0.10172656406341468,0.0987438919801562,0.10153176904364836,0.09823284322067569,0.09801187904457896,0.09986938417731754,0.09235212817409086,0.097805978680602,0.10993182999142971
2021-04-02,0.09864224877618732,0.09649657463803843,0.09842684660551901,0.10144724742994067,0.0991578048079088,0.10143283098363025,0.0998601154165747,0.09364224985159254,0.0986207691503989,0.11227331234020936
2021-04-09,0.1,0.1,0.1,0.1,0.1,0.1,0.1,0.1,0.1,0.1
2021-04-16,0.10328794488846615,0.10266370223265141,0.0993283445096733,0.09849420576904236,0.09739338149896536,0.09962242157277328,0.10014297575392306,0.10071205734624164,0.09786925248468743,0.10048571394357607
2021-04-23,0.10526354203129717,0.10199478702339068,0.09851452531699159,0.09812695855250536,0.09836856941727817,0.09865406614393744,0.09920251133302636,0.10118558182634928,0.09940502687168264,0.0992844314835412
2021-04-30,0.10104061187396506,0.10346572418337784,0.09875659740884483,0.09830939738594405,0.10090071967484948,0.10316247095408607,0.09856060829759489,0.10303196645978312,0.09752330241152517,0.09524860135002935
2021-05-07,0.1,0.1,0.1,0.1,0.1,0.1,0.1,0.1,0.1,0.1
2021-05-14,0.1078471942807679,0.10510148848297228,0.09973824260227895,0.09715279073155847,0.09692329856203286,0.09471384188477552,0.100897402822975,0.09649317093622023,0.09875734599978361,0.10237522369663518
2021-05-21,0.10595057500880065,0.09955008923327822,0.098848963373839,0.09669039405283386,0.0985962574692747,0.10109992908937127,0.10204593637852705,0.09655655630581096,0.09934456101205467,0.10131673807620983
2021-05-28,0.1035066665994025,0.0994951685931709,0.09978270668394457,0.099321133595624,0.0998036914759541,0.09945218352951248,0.09982360979174974,0.09753781465816369,0.0985557243666119,0.10272130070586612
2021-06-04,0.1,0.1,0.1,0.1,0.1,0.1,0.1,0.1,0.1,0.1
2021-06-11,0.10259228739869358,0.10133652709410057,0.09925215232570157,0.09812316129278514,0.10076002345438742,0.10037045388598029,0.09800202370197177,0.09930917913431296,0.1005239502508461,0.09973024146122056
2021-06-18,0.10654821303889217,0.10099096307669397,0.10074768136413854,0.09841031785312525,0.09611020532082046,0.09965287502044598,0.09558041908851637,0.1002206659854382,0.10188558407895507,0.09985307517297395
2021-06-25,0.10498685127535991,0.09728377742394195,0.1020294949214313,0.09885488171634242,0.095310306938391,0.09793529004280169,0.09473422530008326,0.10397686245145385,0.10611041406744584,0.09877789586274871
2021-07-02,0.1,0.1,0.1,0.1,0.1,0.1,0.1,0.1,0.1,0.1
2021-07-09,0.0974138969370359,0.10033645360202982,0.10100945269741982,0.09968731275559771,0.1008491952705197,0.10186304770577702,0.09870618561929444,0.10046901801628162,0.09904977435138863,0.10061566304465538
2021-07-16,0.09577794908065863,0.10789474210070994,0.1045097827073592,0.09894886409084137,0.0957604556859201,0.09692992086189206,0.09648826619528265,0.1030180256282845,0.09991794209158025,0.10075405155747136
2021-07-23,0.09696710813865428,0.1103526184108486,0.10369644274352154,0.09625571049370138,0.09725654598387054,0.09854088314789122,0.09608711748180576,0.10147006028798912,0.09936717091555666,0.10000634239616094
2021-07-30,0.1,0.1,0.1,0.1,0.1,0.1,0.1,0.1,0.1,0.1
2021-08-06,0.10209693187987245,0.10095885966994184,0.10067282613785467,0.09815962882564301,0.09134543163938559,0.09845051309463076,0.09573803505083225,0.10258470248739039,0.10722732604957258,0.10276574516487641
2021-08-13,0.10217326055618785,0.1011769820519617,0.1046120142300404,0.10012808077783948,0.09194513377399839,0.09643830959420482,0.09462576881970092,0.09924701169004019,0.10705755807040983,0.10259588043561649
2021-08-20,0.10582225586776545,0.10272150433986457,0.10264728788180559,0.10005884933941994,0.09456196073148315,0.09376302018050879,0.09742576577493635,0.09500938939190218,0.10419828249944822,0.10379168399286577
2021-08-27,0.1,0.1,0.1,0.1,0.1,0.1,0.1,0.1,0.1,0.1
2021-09-03,0.10720870898528945,0.1036282729513808,0.1031715667833914,0.09847373052650513,0.0985385756507456,0.09753216210207835,0.09595678989324105,0.09777078669308222,0.09675918014128129,0.10096022627300472
2021-09-10,0.11473822921576976,0.10221337615535309,0.10179054745139152,0.09550654170309691,0.09809334290181826,0.0929979875922482,0.09781162140866038,0.09236956978582288,0.09570543464091874,0.10877334914492019
2021-09-17,0.12090930014727212,0.10588192681098997,0.10026819664706862,0.09421980011713177,0.09653083076790656,0.09194084992553679,0.09707036620068864,0.09178255260663193,0.09311211432524436,0.10828406245152933
2021-09-24,0.1,0.1,0.1,0.1,0.1,0.1,0.1,0.1,0.1,0.1
2021-10-01,0.0977186018852786,0.09517799811781762,0.10129021233742486,0.09788181491837931,0.10092872689640744,0.0995559384598436,0.09799552210455124,0.10041444021009674,0.09992409548866227,0.1091126495815383
2021-10-08,0.0977186018852786,0.09517799811781762,0.10129021233742486,0.09788181491837931,0.10092872689640744,0.0995559384598436,0.09799552210455124,0.10041444021009674,0.09992409548866227,0.1091126495815383
2021-10-15,0.09708566099430964,0.08806577855488273,0.0979168949297599,0.10041840738833915,0.10966996545717077,0.10076428687660395,0.10001979199857929,0.1006277915260604,0.09924160873598965,0.10618981353830445
2021-10-22,0.1,0.1,0.1,0.1,0.1,0.1,0.1,0.1,0.1,0.1
2021-10-29,0.0975879413089585,0.10049259171708864,0.10059400170191818,0.10186672236178766,0.1001249649197262,0.09918498229011943,0.10184012640340337,0.09935323908490185,0.09786709668313313,0.10108833352896301
2021-11-05,0.09136008439983462,0.09824144587162402,0.10472826545366011,0.1010413088019294,0.10124308474117058,0.09814322549937811,0.09874746972989457,0.10142690966505061,0.10085245538647135,0.10421575045098673
2021-11-12,0.08848913142993545,0.09442105378035474,0.10311000801565053,0.10225368245382992,0.10416772297907564,0.09800139816221001,0.09778537914833613,0.10701858414393219,0.1058552868445767,0.09889775304209882
2021-11-19,0.1,0.1,0.1,0.1,0.1,0.1,0.1,0.1,0.1,0.1
2021-11-26,0.10128693066400754,0.09951129059469357,0.09879920155189358,0.09872471905768643,0.10160003772521561,0.10185883735612282,0.09898894244146003,0.09867881591941938,0.10013705656707281,0.10041416812242826
2021-12-03,0.10158983343403377,0.10216164569198125,0.09865117084992157,0.09775099222309801,0.1014471394713775,0.10331305047320231,0.09751748794069968,0.09707145697094749,0.099786070322566,0.10071115262217234
2021-12-10,0.10633706764750106,0.10056281745080833,0.0980870776058978,0.09578655464120715,0.10161800626471829,0.0995632542167268,0.0972008976085857,0.09661675338313762,0.09863159252961415,0.10559597865180316
2021-12-17,0.1,0.1,0.1,0.1,0.1,0.1,0.1,0.1,0.1,0.1
2021-12-24,0.10418597222164608,0.09931818010455,0.09953199537102887,0.09577518064194762,0.09655226757185477,0.09699571384445062,0.09897731433920548,0.09834394695572893,0.10306261637108212,0.10725681257850557
2021-12-31,0.10437252936646098,0.09555662624844541,0.09559248374476027,0.09614959931835317,0.10078704040018838,0.09678446413935557,0.09819618000056995,0.0991273539552816,0.10302367486252617,0.1104100479640585
2022-01-07,0.10082596106025528,0.09666722218741775,0.09795615596426885,0.09694338484773038,0.09751417256884644,0.09806749417852577,0.09820951193137849,0.09960595262831769,0.10558314387050143,0.10862700076275802
2022-01-14,0.1,0.1,0.1,0.1,0.1,0.1,0.1,0.1,0.1,0.1
2022-01-21,0.10066718846921689,0.10081775904093158,0.10148954241803387,0.09934657924053014,0.09756594711254393,0.1026772094816532,0.09958027141887817,0.099793366084296,0.09829026511575016,0.09977187161816617
2022-01-28,0.10337397545620616,0.09921473261256152,0.100083459413194,0.09965771897580525,0.09998354597040887,0.0963874773041326,0.10314039664323292,0.10041732814611946,0.09718692089398775,0.10055444458435148
2022-02-11,0.1,0.1,0.1,0.1,0.1,0.1,0.1,0.1,0.1,0.1
2022-02-18,0.10991596050731768,0.1039410036816408,0.09375876319154744,0.09858460198023489,0.0994852979008139,0.09382073038820914,0.10259226211488573,0.09443093518354057,0.09921299747045714,0.10425744758135277
2022-02-25,0.10890668803290729,0.10570576709496712,0.09555526016120518,0.0973071911287844,0.1003165081649108,0.09780910947012934,0.09932974789302199,0.09521932929075065,0.09929471722458981,0.10055568153873343
2022-03-04,0.10896071876140871,0.10642057822161793,0.09721754012880138,0.09563257917983578,0.09754642824591783,0.10023783149253862,0.09650495719627518,0.09763582667369756,0.09771963905938758,0.10212390104051938
