,0,gamma_reg,b_weight
2010-01,-0.08990470597506661,0.001,0.5
2010-02,0.04367073458767887,0.001,0.5
2010-03,0.05714949074814054,0.001,0.5
2010-04,0.05490816945826542,0.001,0.5
2010-05,-0.06795396329034215,0.001,0.5
2010-06,0.049914394688898966,0.001,0.5
2010-07,-0.027110483932943914,0.001,0.5
2010-08,0.0061895589108273905,0.001,0.5
2010-09,0.10037399459685604,0.001,0.5
2010-10,-0.04425931973605745,0.001,0.5
2010-11,-0.04908781730112005,0.001,0.5
2010-12,-0.035904583427428964,0.001,0.5
2011-01,-0.07927002658088697,0.001,0.5
2011-02,-0.008344678787715939,0.001,0.5
2011-03,0.035263791003518265,0.001,0.5
2011-04,0.03099790095390652,0.001,0.5
2011-05,0.03758724614283902,0.001,0.5
2011-06,-0.023243480407360913,0.001,0.5
2011-07,-0.026230057517161842,0.001,0.5
2011-08,-0.06721699104718504,0.001,0.5
2011-09,-0.04497456791573207,0.001,0.5
2011-10,-0.004204389160545996,0.001,0.5
2011-11,0.010879458685726363,0.001,0.5
2011-12,-0.026316025431177826,0.001,0.5
2012-01,-0.009408613535959363,0.001,0.5
2012-02,0.030671220579691034,0.001,0.5
2012-03,0.053207129477768775,0.001,0.5
2012-04,0.03265595229956125,0.001,0.5
2012-05,-0.10292277293239162,0.001,0.5
2012-06,0.054948413848283806,0.001,0.5
2012-07,0.019960994484670914,0.001,0.5
2012-08,0.04343619856191463,0.001,0.5
2012-09,0.003929845081900148,0.001,0.5
2012-10,-0.014539376924146244,0.001,0.5
2012-11,-0.037772455529216126,0.001,0.5
2012-12,-0.041780290872089176,0.001,0.5
2013-01,0.09972937647737329,0.001,0.5
2013-02,0.030416441352910065,0.001,0.5
2013-03,0.029181338385483372,0.001,0.5
2013-04,0.05603618972451928,0.001,0.5
2013-05,0.11418907671898341,0.001,0.5
2013-06,0.0024796540244066897,0.001,0.5
2013-07,0.05803234335808595,0.001,0.5
2013-08,-0.014978184433986597,0.001,0.5
2013-09,0.040002638339063805,0.001,0.5
2013-10,0.03677724412046525,0.001,0.5
2013-11,0.06260733200024125,0.001,0.5
2013-12,0.07425668332961465,0.001,0.5
2014-01,0.04213275634152029,0.001,0.5
2014-02,0.10282603304930035,0.001,0.5
2014-03,-0.09396548364323888,0.001,0.5
2014-04,-0.06106530142938345,0.001,0.5
2014-05,0.05453588472531093,0.001,0.5
2014-06,0.040579088708841846,0.001,0.5
2014-07,-0.01161404377215432,0.001,0.5
2014-08,0.03486053313258602,0.001,0.5
2014-09,-0.04355440886969414,0.001,0.5
2014-10,0.06986706963259379,0.001,0.5
2014-11,-0.01985536419745722,0.001,0.5
2014-12,-0.08549838873313188,0.001,0.5
2015-01,0.1166128050791327,0.001,0.5
2015-02,-0.009821772940484563,0.001,0.5
2015-03,0.053456566405573454,0.001,0.5
2015-04,0.07166990712760468,0.001,0.5
2015-05,-0.03773381732457212,0.001,0.5
2015-06,-0.034626228963224266,0.001,0.5
2015-07,-0.0067546958219024955,0.001,0.5
2015-08,-0.07261350183512402,0.001,0.5
2015-09,0.05023461135498025,0.001,0.5
2015-10,0.060228436187705486,0.001,0.5
2015-11,0.08282238760303037,0.001,0.5
2015-12,-0.013066716819317892,0.001,0.5
2016-01,-0.09598996123069109,0.001,0.5
2016-02,-0.06261098839839105,0.001,0.5
2016-03,0.07403938085486453,0.001,0.5
2016-04,-0.06528623456211828,0.001,0.5
2016-05,0.12322389713689856,0.001,0.5
2016-06,-0.031325611119133144,0.001,0.5
2016-07,0.11857365096069769,0.001,0.5
2016-08,0.13154712385016903,0.001,0.5
2016-09,0.03472430870292468,0.001,0.5
2016-10,-0.07963450432454011,0.001,0.5
2016-11,-0.1544710594953672,0.001,0.5
2016-12,-0.05767968601043829,0.001,0.5
2017-01,0.026419711260427442,0.001,0.5
2017-02,0.05247598973493786,0.001,0.5
2017-03,0.14848280496048366,0.001,0.5
2017-04,0.19470596341368338,0.001,0.5
2017-05,0.1495132900439274,0.001,0.5
2017-06,0.056430200770271804,0.001,0.5
2017-07,0.1550246725654425,0.001,0.5
2017-08,0.04686159748170715,0.001,0.5
2017-09,-0.03705642567323003,0.001,0.5
2017-10,0.1383491705434891,0.001,0.5
2017-11,0.30399729100725903,0.001,0.5
2017-12,-0.05660266560889718,0.001,0.5
2018-01,0.06737267384135825,0.001,0.5
2018-02,-0.018883202925060114,0.001,0.5
2018-03,0.011325709105841505,0.001,0.5
2018-04,-0.2249991104527258,0.001,0.5
2018-05,0.11676331313304042,0.001,0.5
2018-06,-0.051726678739455245,0.001,0.5
2018-07,-0.2367675530341348,0.001,0.5
2018-08,-0.1072928118915491,0.001,0.5
2018-09,-0.23453846295869735,0.001,0.5
2018-10,-0.25131478587715206,0.001,0.5
2018-11,0.5139163002086011,0.001,0.5
2018-12,-0.25719968779876734,0.001,0.5
2019-01,-0.5339335886706991,0.001,0.5
2019-02,-0.2721187722605157,0.001,0.5
2019-03,-0.21379689605546376,0.001,0.5
2019-04,0.05773780683555266,0.001,0.5
2019-05,-0.1891823697211117,0.001,0.5
2019-06,0.015098415730928516,0.001,0.5
2019-07,0.1801128487991437,0.001,0.5
2019-08,-0.06666028752983222,0.001,0.5
2019-09,0.538166154428068,0.001,0.5
2019-10,-0.3682344787339141,0.001,0.5
2019-11,-0.5739143270147462,0.001,0.5
2019-12,0.06152941900175696,0.001,0.5
2020-01,-1.450240801275526,0.001,0.5
2020-02,-0.7937321162659249,0.001,0.5
2020-03,-1.3886113563780116,0.001,0.5
2020-04,-0.18690415029546048,0.001,0.5
2020-05,-0.7931244151681454,0.001,0.5
2020-06,-1.5810413020815948,0.001,0.5
2020-07,-0.08555809764454952,0.001,0.5
2020-08,-0.1288074495737666,0.001,0.5
2020-09,-0.5078217754125078,0.001,0.5
2020-10,-1.01701588204363,0.001,0.5
2020-11,0.5844117167275902,0.001,0.5
2020-12,2.5500706711556553,0.001,0.5
2021-01,1.3340327524954474,0.001,0.5
2021-02,-0.5363674189629256,0.001,0.5
2021-03,-0.1308959776869391,0.001,0.5
2021-04,0.10415826916240906,0.001,0.5
2021-05,0.10061059414429585,0.001,0.5
2021-06,-0.008204751484204548,0.001,0.5
2021-07,-0.40940606457466644,0.001,0.5
2021-08,-0.1435269683146771,0.001,0.5
2021-09,-0.638041541446821,0.001,0.5
2021-10,-0.12725562752632036,0.001,0.5
2021-11,0.03212787803065679,0.001,0.5
2021-12,-0.41332517180363204,0.001,0.5
2022-01,-0.47230261430400317,0.001,0.5
2022-02,-0.07532365022370685,0.001,0.5
2010-01,-0.09698931483311099,0.001,0.6666666666666666
2010-02,0.049942543311237396,0.001,0.6666666666666666
2010-03,0.05694102431011008,0.001,0.6666666666666666
2010-04,0.07146921730872116,0.001,0.6666666666666666
2010-05,-0.06575396797788272,0.001,0.6666666666666666
2010-06,0.06418353079964989,0.001,0.6666666666666666
2010-07,-0.05259235494088029,0.001,0.6666666666666666
2010-08,0.011830516836143855,0.001,0.6666666666666666
2010-09,0.096824439853825,0.001,0.6666666666666666
2010-10,-0.0636527669906731,0.001,0.6666666666666666
2010-11,-0.0632971534613557,0.001,0.6666666666666666
2010-12,-0.04601082897096677,0.001,0.6666666666666666
2011-01,-0.10524141083447024,0.001,0.6666666666666666
2011-02,-0.0013663404016275998,0.001,0.6666666666666666
2011-03,0.038629027671937544,0.001,0.6666666666666666
2011-04,0.03216276638616668,0.001,0.6666666666666666
2011-05,0.05302926476093943,0.001,0.6666666666666666
2011-06,-0.019838521274103568,0.001,0.6666666666666666
2011-07,-0.031879345613338335,0.001,0.6666666666666666
2011-08,-0.059837624073686944,0.001,0.6666666666666666
2011-09,-0.00821093819627193,0.001,0.6666666666666666
2011-10,-0.04922265796756927,0.001,0.6666666666666666
2011-11,0.03779623544398149,0.001,0.6666666666666666
2011-12,-0.03575769004019953,0.001,0.6666666666666666
2012-01,-0.03892229450377533,0.001,0.6666666666666666
2012-02,0.013506366672146858,0.001,0.6666666666666666
2012-03,0.08568247375762705,0.001,0.6666666666666666
2012-04,0.037277536373827067,0.001,0.6666666666666666
2012-05,-0.10291320387278313,0.001,0.6666666666666666
2012-06,0.07060249006814667,0.001,0.6666666666666666
2012-07,0.02638994857682745,0.001,0.6666666666666666
2012-08,0.05848203229417541,0.001,0.6666666666666666
2012-09,-0.014294005124751683,0.001,0.6666666666666666
2012-10,-0.03402289882798672,0.001,0.6666666666666666
2012-11,-0.05515168644238891,0.001,0.6666666666666666
2012-12,-0.06613784751805234,0.001,0.6666666666666666
2013-01,0.12018261539508146,0.001,0.6666666666666666
2013-02,0.04541982226825103,0.001,0.6666666666666666
2013-03,0.048862828398917826,0.001,0.6666666666666666
2013-04,0.07266271469249663,0.001,0.6666666666666666
2013-05,0.14946393905857658,0.001,0.6666666666666666
2013-06,0.028553061487152608,0.001,0.6666666666666666
2013-07,0.06488165601854044,0.001,0.6666666666666666
2013-08,-0.026384057041166448,0.001,0.6666666666666666
2013-09,0.03956977233225539,0.001,0.6666666666666666
2013-10,0.04099507604833241,0.001,0.6666666666666666
2013-11,0.07107257692275898,0.001,0.6666666666666666
2013-12,0.10401364636588234,0.001,0.6666666666666666
2014-01,0.07067277712997704,0.001,0.6666666666666666
2014-02,0.12478450140348374,0.001,0.6666666666666666
2014-03,-0.11421916787344602,0.001,0.6666666666666666
2014-04,-0.07717934136121614,0.001,0.6666666666666666
2014-05,0.06530605153517174,0.001,0.6666666666666666
2014-06,0.04876396050586362,0.001,0.6666666666666666
2014-07,-0.03721751652996289,0.001,0.6666666666666666
2014-08,0.043485825106166054,0.001,0.6666666666666666
2014-09,-0.03963163555849575,0.001,0.6666666666666666
2014-10,0.08185758131173529,0.001,0.6666666666666666
2014-11,-0.02343335643787455,0.001,0.6666666666666666
2014-12,-0.104604291733274,0.001,0.6666666666666666
2015-01,0.14683833178352523,0.001,0.6666666666666666
2015-02,-0.01707521433284824,0.001,0.6666666666666666
2015-03,0.0642368834124933,0.001,0.6666666666666666
2015-04,0.044416143724148316,0.001,0.6666666666666666
2015-05,-0.042517838646011274,0.001,0.6666666666666666
2015-06,-0.025413167733847865,0.001,0.6666666666666666
2015-07,0.01953461011994384,0.001,0.6666666666666666
2015-08,-0.06005368168118436,0.001,0.6666666666666666
2015-09,0.07449308288802664,0.001,0.6666666666666666
2015-10,0.05231675900467275,0.001,0.6666666666666666
2015-11,0.12200056276711303,0.001,0.6666666666666666
2015-12,-0.015765258592368356,0.001,0.6666666666666666
2016-01,-0.09063497719058172,0.001,0.6666666666666666
2016-02,-0.08367877373900844,0.001,0.6666666666666666
2016-03,0.06465256257618313,0.001,0.6666666666666666
2016-04,-0.09087805295185702,0.001,0.6666666666666666
2016-05,0.1697801431167822,0.001,0.6666666666666666
2016-06,-0.04650127659093802,0.001,0.6666666666666666
2016-07,0.1481699929545211,0.001,0.6666666666666666
2016-08,0.16103620259958504,0.001,0.6666666666666666
2016-09,0.04163635092730072,0.001,0.6666666666666666
2016-10,-0.10310462848933663,0.001,0.6666666666666666
2016-11,-0.20857220322692926,0.001,0.6666666666666666
2016-12,-0.06490338275744567,0.001,0.6666666666666666
2017-01,0.011481516884010945,0.001,0.6666666666666666
2017-02,0.06292090578886579,0.001,0.6666666666666666
2017-03,0.19183956655307313,0.001,0.6666666666666666
2017-04,0.25714223962030797,0.001,0.6666666666666666
2017-05,0.1909667362726855,0.001,0.6666666666666666
2017-06,0.07091911760504586,0.001,0.6666666666666666
2017-07,0.19107760343097152,0.001,0.6666666666666666
2017-08,0.050916972861648674,0.001,0.6666666666666666
2017-09,-0.056350694588535546,0.001,0.6666666666666666
2017-10,0.17763187605146097,0.001,0.6666666666666666
2017-11,0.4025619869999242,0.001,0.6666666666666666
2017-12,-0.08833868525109953,0.001,0.6666666666666666
2018-01,0.06328489610026294,0.001,0.6666666666666666
2018-02,-0.010472772484806367,0.001,0.6666666666666666
2018-03,0.01981446300148801,0.001,0.6666666666666666
2018-04,-0.30567184546103565,0.001,0.6666666666666666
2018-05,0.14562889827799907,0.001,0.6666666666666666
2018-06,-0.04895254080721259,0.001,0.6666666666666666
2018-07,-0.3098129633334281,0.001,0.6666666666666666
2018-08,-0.13120150947064005,0.001,0.6666666666666666
2018-09,-0.31115819484062474,0.001,0.6666666666666666
2018-10,-0.2983644286973671,0.001,0.6666666666666666
2018-11,0.6664479398758225,0.001,0.6666666666666666
2018-12,-0.3267621712958422,0.001,0.6666666666666666
2019-01,-0.7393970100304652,0.001,0.6666666666666666
2019-02,-0.374310070059566,0.001,0.6666666666666666
2019-03,-0.2918002430148552,0.001,0.6666666666666666
2019-04,0.07604867464701494,0.001,0.6666666666666666
2019-05,-0.22284423412858057,0.001,0.6666666666666666
2019-06,0.0037556171138037886,0.001,0.6666666666666666
2019-07,0.24479950080749036,0.001,0.6666666666666666
2019-08,-0.07311926029783478,0.001,0.6666666666666666
2019-09,0.715494173607991,0.001,0.6666666666666666
2019-10,-0.502200607378212,0.001,0.6666666666666666
2019-11,-0.7588051938255876,0.001,0.6666666666666666
2019-12,0.05771472190335403,0.001,0.6666666666666666
2020-01,-1.9115425927916152,0.001,0.6666666666666666
2020-02,-1.0588817384671116,0.001,0.6666666666666666
2020-03,-1.8150805324910806,0.001,0.6666666666666666
2020-04,-0.2752838798620232,0.001,0.6666666666666666
2020-05,-1.0468729500627765,0.001,0.6666666666666666
2020-06,-2.1290486690177155,0.001,0.6666666666666666
2020-07,-0.13711828962600847,0.001,0.6666666666666666
2020-08,-0.1822304984614455,0.001,0.6666666666666666
2020-09,-0.662490028096291,0.001,0.6666666666666666
2020-10,-1.3608291686813245,0.001,0.6666666666666666
2020-11,0.747267023254153,0.001,0.6666666666666666
2020-12,3.3842831405164744,0.001,0.6666666666666666
2021-01,1.7664644130410814,0.001,0.6666666666666666
2021-02,-0.7325774808696507,0.001,0.6666666666666666
2021-03,-0.16411176151100762,0.001,0.6666666666666666
2021-04,0.12875622482073915,0.001,0.6666666666666666
2021-05,0.12450753046206617,0.001,0.6666666666666666
2021-06,-0.010563689700631193,0.001,0.6666666666666666
2021-07,-0.5222130612148712,0.001,0.6666666666666666
2021-08,-0.20007667108469618,0.001,0.6666666666666666
2021-09,-0.8381347636611121,0.001,0.6666666666666666
2021-10,-0.17100575446573626,0.001,0.6666666666666666
2021-11,0.05790004787991852,0.001,0.6666666666666666
2021-12,-0.5482431689826603,0.001,0.6666666666666666
2022-01,-0.6260527213703274,0.001,0.6666666666666666
2022-02,-0.10090718182608083,0.001,0.6666666666666666
2010-01,-0.11115853254919972,0.001,1.0
2010-02,0.06248616075835447,0.001,1.0
2010-03,0.05652409143404911,0.001,1.0
2010-04,0.10459131300963267,0.001,1.0
2010-05,-0.06135397735296379,0.001,1.0
2010-06,0.09272180302115174,0.001,1.0
2010-07,-0.1035560969567531,0.001,1.0
2010-08,0.023112432686776787,0.001,1.0
2010-09,0.08972533036776287,0.001,1.0
2010-10,-0.10243966149990437,0.001,1.0
2010-11,-0.09171582578182698,0.001,1.0
2010-12,-0.06622332005804238,0.001,1.0
2011-01,-0.15718417934163686,0.001,1.0
2011-02,0.012590336370549106,0.001,1.0
2011-03,0.045359501008776074,0.001,1.0
2011-04,0.03449249725068697,0.001,1.0
2011-05,0.08391330199714025,0.001,1.0
2011-06,-0.013028603007588863,0.001,1.0
2011-07,-0.04317792180569132,0.001,1.0
2011-08,-0.04507889012669078,0.001,1.0
2011-09,0.06531632124264837,0.001,1.0
2011-10,-0.1392591955816159,0.001,1.0
2011-11,0.09162978896049175,0.001,1.0
2011-12,-0.054641019258242954,0.001,1.0
2012-01,-0.09794965643940728,0.001,1.0
2012-02,-0.020823341142941522,0.001,1.0
2012-03,0.15063316231734364,0.001,1.0
2012-04,0.04652070452235869,0.001,1.0
2012-05,-0.10289406575356624,0.001,1.0
2012-06,0.10191064250787239,0.001,1.0
2012-07,0.03924785676114052,0.001,1.0
2012-08,0.08857369975869697,0.001,1.0
2012-09,-0.05074170553805538,0.001,1.0
2012-10,-0.07298994263566766,0.001,1.0
2012-11,-0.08991014826873447,0.001,1.0
2012-12,-0.11485296080997863,0.001,1.0
2013-01,0.16108909323049775,0.001,1.0
2013-02,0.07542658409893296,0.001,1.0
2013-03,0.08822580842578676,0.001,1.0
2013-04,0.10591576462845137,0.001,1.0
2013-05,0.22001366373776293,0.001,1.0
2013-06,0.08069987641264445,0.001,1.0
2013-07,0.07858028133944943,0.001,1.0
2013-08,-0.04919580225552615,0.001,1.0
2013-09,0.03870404031863858,0.001,1.0
2013-10,0.04943073990406673,0.001,1.0
2013-11,0.0880030667677944,0.001,1.0
2013-12,0.16352757243841776,0.001,1.0
2014-01,0.12775281870689056,0.001,1.0
2014-02,0.16870143811185057,0.001,1.0
2014-03,-0.15472653633386035,0.001,1.0
2014-04,-0.10940742122488158,0.001,1.0
2014-05,0.08684638515489337,0.001,1.0
2014-06,0.06513370409990721,0.001,1.0
2014-07,-0.08842446204558006,0.001,1.0
2014-08,0.06073640905332613,0.001,1.0
2014-09,-0.03178608893609897,0.001,1.0
2014-10,0.10583860467001832,0.001,1.0
2014-11,-0.03058934091870921,0.001,1.0
2014-12,-0.14281609773355824,0.001,1.0
2015-01,0.20728938519231035,0.001,1.0
2015-02,-0.03158209711757559,0.001,1.0
2015-03,0.08579751742633297,0.001,1.0
2015-04,-0.01009138308276436,0.001,1.0
2015-05,-0.05208588128888959,0.001,1.0
2015-06,-0.006987045275095027,0.001,1.0
2015-07,0.07211322200363646,0.001,1.0
2015-08,-0.034934041373304914,0.001,1.0
2015-09,0.12301002595411942,0.001,1.0
2015-10,0.03649340463860745,0.001,1.0
2015-11,0.2003569130952784,0.001,1.0
2015-12,-0.021162342138469285,0.001,1.0
2016-01,-0.07992500911036304,0.001,1.0
2016-02,-0.12581434442024328,0.001,1.0
2016-03,0.045878926018820376,0.001,1.0
2016-04,-0.14206168973133448,0.001,1.0
2016-05,0.26289263507654936,0.001,1.0
2016-06,-0.07685260753454773,0.001,1.0
2016-07,0.20736267694216803,0.001,1.0
2016-08,0.2200143600984171,0.001,1.0
2016-09,0.0554604353760528,0.001,1.0
2016-10,-0.15004487681892958,0.001,1.0
2016-11,-0.3167744906900535,0.001,1.0
2016-12,-0.07935077625146053,0.001,1.0
2017-01,-0.018394871868822105,0.001,1.0
2017-02,0.08381073789672168,0.001,1.0
2017-03,0.2785530897382521,0.001,1.0
2017-04,0.3820147920335572,0.001,1.0
2017-05,0.27387362873020166,0.001,1.0
2017-06,0.09989695127459394,0.001,1.0
2017-07,0.2631834651620295,0.001,1.0
2017-08,0.05902772362153175,0.001,1.0
2017-09,-0.09493923241914654,0.001,1.0
2017-10,0.25619728706740463,0.001,1.0
2017-11,0.5996913789852543,0.001,1.0
2017-12,-0.15181072453550434,0.001,1.0
2018-01,0.0551093406180726,0.001,1.0
2018-02,0.006348088395701168,0.001,1.0
2018-03,0.03679197079278092,0.001,1.0
2018-04,-0.4670173154776554,0.001,1.0
2018-05,0.20336006856791655,0.001,1.0
2018-06,-0.04340426494272731,0.001,1.0
2018-07,-0.4559037839320148,0.001,1.0
2018-08,-0.17901890462882192,0.001,1.0
2018-09,-0.4643976586044797,0.001,1.0
2018-10,-0.3924637143377975,0.001,1.0
2018-11,0.9715112192102651,0.001,1.0
2018-12,-0.46588713828999206,0.001,1.0
2019-01,-1.150323852749997,0.001,1.0
2019-02,-0.5786926656576669,0.001,1.0
2019-03,-0.4478069369336375,0.001,1.0
2019-04,0.11267041026993946,0.001,1.0
2019-05,-0.2901679629435181,0.001,1.0
2019-06,-0.018929980120445666,0.001,1.0
2019-07,0.3741728048241837,0.001,1.0
2019-08,-0.08603720583383989,0.001,1.0
2019-09,1.070150211967837,0.001,1.0
2019-10,-0.7701328646668082,0.001,1.0
2019-11,-1.1285869274472706,0.001,1.0
2019-12,0.050085327706548055,0.001,1.0
2020-01,-2.834146175823793,0.001,1.0
2020-02,-1.5891809828694852,0.001,1.0
2020-03,-2.668018884717221,0.001,1.0
2020-04,-0.4520433389951477,0.001,1.0
2020-05,-1.5543700198520387,0.001,1.0
2020-06,-3.2250634028899565,0.001,1.0
2020-07,-0.24023867358892648,0.001,1.0
2020-08,-0.2890765962368036,0.001,1.0
2020-09,-0.9718265334638567,0.001,1.0
2020-10,-2.0484557419567144,0.001,1.0
2020-11,1.0729776363072785,0.001,1.0
2020-12,5.052708079238114,0.001,1.0
2021-01,2.6313277341323498,0.001,1.0
2021-02,-1.124997604683101,0.001,1.0
2021-03,-0.2305433291591446,0.001,1.0
2021-04,0.17795213613739932,0.001,1.0
2021-05,0.17230140309760686,0.001,1.0
2021-06,-0.015281566133484498,0.001,1.0
2021-07,-0.7478270544952805,0.001,1.0
2021-08,-0.31317607662473423,0.001,1.0
2021-09,-1.2383212080896944,0.001,1.0
2021-10,-0.2585060083445682,0.001,1.0
2021-11,0.10944438757844206,0.001,1.0
2021-12,-0.8180791633407168,0.001,1.0
2022-01,-0.9335529355029761,0.001,1.0
2022-02,-0.15207424503082878,0.001,1.0
2010-01,-0.07195344203505771,0.02,0.5
2010-02,0.02813159515626082,0.02,0.5
2010-03,0.057822602497521476,0.02,0.5
2010-04,0.015528846331022281,0.02,0.5
2010-05,-0.07054943127860988,0.02,0.5
2010-06,0.019911815347383878,0.02,0.5
2010-07,0.030538973247490518,0.02,0.5
2010-08,-0.005817054988908565,0.02,0.5
2010-09,0.10406279956210952,0.02,0.5
2010-10,0.00016243156449423975,0.02,0.5
2010-11,-0.01631605507309487,0.02,0.5
2010-12,-0.013246444720835873,0.02,0.5
2011-01,-0.0166376335600291,0.02,0.5
2011-02,-0.024431110303807475,0.02,0.5
2011-03,0.028129824403593916,0.02,0.5
2011-04,0.02834216751103877,0.02,0.5
2011-05,0.0020932207185233274,0.02,0.5
2011-06,-0.029896311638059836,0.02,0.5
2011-07,-0.01000267253995531,0.02,0.5
2011-08,-0.08095539305365924,0.02,0.5
2011-09,-0.1253525307264955,0.02,0.5
2011-10,0.09008927237080491,0.02,0.5
2011-11,-0.04677936507891386,0.02,0.5
2011-12,-0.0049199461206946415,0.02,0.5
2012-01,0.049759479723888195,0.02,0.5
2012-02,0.06867368328408108,0.02,0.5
2012-03,-0.018609824086900248,0.02,0.5
2012-04,0.02018327664390895,0.02,0.5
2012-05,-0.09859637854323625,0.02,0.5
2012-06,0.02205617664275123,0.02,0.5
2012-07,0.011750920096991902,0.02,0.5
2012-08,0.009118404959431867,0.02,0.5
2012-09,0.04064180506569792,0.02,0.5
2012-10,0.025513655747045907,0.02,0.5
2012-11,0.0061305167844623466,0.02,0.5
2012-12,0.015359824604619838,0.02,0.5
2013-01,0.04156483532385287,0.02,0.5
2013-02,-0.00457427434798436,0.02,0.5
2013-03,-0.012801497432903852,0.02,0.5
2013-04,0.01760462845000167,0.02,0.5
2013-05,0.01738771253818361,0.02,0.5
2013-06,-0.05703457663350031,0.02,0.5
2013-07,0.038776580503469396,0.02,0.5
2013-08,0.007589582724769116,0.02,0.5
2013-09,0.03854932751186319,0.02,0.5
2013-10,0.024396062614122666,0.02,0.5
2013-11,0.0409469461319214,0.02,0.5
2013-12,-0.0036265637058307504,0.02,0.5
2014-01,-0.03328795224185519,0.02,0.5
2014-02,0.0458625822310381,0.02,0.5
2014-03,-0.040518704626278546,0.02,0.5
2014-04,-0.016288948943131893,0.02,0.5
2014-05,0.02569717843656353,0.02,0.5
2014-06,0.018940052434180125,0.02,0.5
2014-07,0.054306480269769794,0.02,0.5
2014-08,0.015786972861293477,0.02,0.5
2014-09,-0.05229866292863346,0.02,0.5
2014-10,0.04001879547727116,0.02,0.5
2014-11,-0.012173913960965487,0.02,0.5
2014-12,-0.03749224309572491,0.02,0.5
2015-01,0.036960033540426596,0.02,0.5
2015-02,0.007327353487786755,0.02,0.5
2015-03,0.023143679345429987,0.02,0.5
2015-04,0.14068197620499828,0.02,0.5
2015-05,-0.02452211795526869,0.02,0.5
2015-06,-0.058435293553053,0.02,0.5
2015-07,-0.07428158893188191,0.02,0.5
2015-08,-0.10416231457253458,0.02,0.5
2015-09,-0.015933926645854007,0.02,0.5
2015-10,0.07903389659128862,0.02,0.5
2015-11,-0.023896816072364577,0.02,0.5
2015-12,-0.005511561219029404,0.02,0.5
2016-01,-0.10937688850285368,0.02,0.5
2016-02,-0.006639404838888232,0.02,0.5
2016-03,0.09746419361106765,0.02,0.5
2016-04,0.0019059413303360636,0.02,0.5
2016-05,-0.0021567796047983374,0.02,0.5
2016-06,0.008663874207540261,0.02,0.5
2016-07,0.0361243763005481,0.02,0.5
2016-08,0.04889042809161531,0.02,0.5
2016-09,0.014710513422357949,0.02,0.5
2016-10,-0.013536328546666445,0.02,0.5
2016-11,-0.0009606440184301984,0.02,0.5
2016-12,-0.03717458587554756,0.02,0.5
2017-01,0.0677559371263198,0.02,0.5
2017-02,0.022350354666326826,0.02,0.5
2017-03,0.02601135821728235,0.02,0.5
2017-04,0.015240153854344001,0.02,0.5
2017-05,0.030290459342597248,0.02,0.5
2017-06,0.014159914790388462,0.02,0.5
2017-07,0.049905750553957955,0.02,0.5
2017-08,0.03463787984750566,0.02,0.5
2017-09,0.018854810802557468,0.02,0.5
2017-10,0.02404553270263358,0.02,0.5
2017-11,0.01745004696350521,0.02,0.5
2017-12,0.03625666931577158,0.02,0.5
2018-01,0.07833543087419925,0.02,0.5
2018-02,-0.04302582370203781,0.02,0.5
2018-03,-0.012203890369698218,0.02,0.5
2018-04,0.008590970667366353,0.02,0.5
2018-05,0.033931306225250236,0.02,0.5
2018-06,-0.05950084853055562,0.02,0.5
2018-07,-0.024399362966160548,0.02,0.5
2018-08,-0.03707410983516676,0.02,0.5
2018-09,-0.011155652309608105,0.02,0.5
2018-10,-0.11253737256365162,0.02,0.5
2018-11,0.06068937130821904,0.02,0.5
2018-12,-0.050057708621425674,0.02,0.5
2019-01,0.08373843526040002,0.02,0.5
2019-02,0.0319572840515423,0.02,0.5
2019-03,0.01882746990138674,0.02,0.5
2019-04,0.0029182267943037485,0.02,0.5
2019-05,-0.08742951960707364,0.02,0.5
2019-06,0.047857021501231625,0.02,0.5
2019-07,-0.012123721009136387,0.02,0.5
2019-08,-0.045820031731690754,0.02,0.5
2019-09,0.0037188404966618143,0.02,0.5
2019-10,0.03569762592134832,0.02,0.5
2019-11,-0.01869673543994379,0.02,0.5
2019-12,0.07137667816175723,0.02,0.5
2020-01,-0.06157892359846494,0.02,0.5
2020-02,0.004699484229074166,0.02,0.5
2020-03,-0.10272925005713468,0.02,0.5
2020-04,0.08091681914749475,0.02,0.5
2020-05,-0.026047445309812033,0.02,0.5
2020-06,0.07405289303084017,0.02,0.5
2020-07,0.06905179872047329,0.02,0.5
2020-08,0.032601277874062855,0.02,0.5
2020-09,-0.04280610777661695,0.02,0.5
2020-10,0.02087899323457899,0.02,0.5
2020-11,0.08687760365796984,0.02,0.5
2020-12,0.054596938090752944,0.02,0.5
2021-01,0.04271530463578049,0.02,0.5
2021-02,0.03612387050139235,0.02,0.5
2021-03,-0.03361665745479632,0.02,0.5
2021-04,0.031697648658957744,0.02,0.5
2021-05,0.030714987550697643,0.02,0.5
2021-06,-0.000998308518254454,0.02,0.5
2021-07,-0.08167293170383438,0.02,0.5
2021-08,0.024107831622730162,0.02,0.5
2021-09,-0.04310940820938581,0.02,0.5
2021-10,0.0022223262593733945,0.02,0.5
2021-11,-0.04388030706178994,0.02,0.5
2021-12,-0.011263491326784225,0.02,0.5
2022-01,-0.02184871174100801,0.02,0.5
2022-02,0.00043072210854707554,0.02,0.5
2010-01,-0.07305429624643245,0.02,0.6666666666666666
2010-02,0.02922369073601333,0.02,0.6666666666666666
2010-03,0.057838506642617984,0.02,0.6666666666666666
2010-04,0.018963453139063655,0.02,0.6666666666666666
2010-05,-0.06921459196223967,0.02,0.6666666666666666
2010-06,0.024180091677629766,0.02,0.6666666666666666
2010-07,0.024273587966365612,0.02,0.6666666666666666
2010-08,-0.004178301696837416,0.02,0.6666666666666666
2010-09,0.10174284647416294,0.02,0.6666666666666666
2010-10,-0.004423765256604165,0.02,0.6666666666666666
2010-11,-0.019601470490655443,0.02,0.6666666666666666
2010-12,-0.015799977362175973,0.02,0.6666666666666666
2011-01,-0.021731553473326434,0.02,0.6666666666666666
2011-02,-0.022814915756416313,0.02,0.6666666666666666
2011-03,0.029117072205371738,0.02,0.6666666666666666
2011-04,0.028621788462342996,0.02,0.6666666666666666
2011-05,0.005703897528518506,0.02,0.6666666666666666
2011-06,-0.02870896291503546,0.02,0.6666666666666666
2011-07,-0.010242832310396292,0.02,0.6666666666666666
2011-08,-0.07815549341565256,0.02,0.6666666666666666
2011-09,-0.11538155527728984,0.02,0.6666666666666666
2011-10,0.07650222407423188,0.02,0.6666666666666666
2011-11,-0.03908219624220548,0.02,0.6666666666666666
2011-12,-0.007229584292888626,0.02,0.6666666666666666
2012-01,0.03996849650935475,0.02,0.6666666666666666
2012-02,0.06417631694466688,0.02,0.6666666666666666
2012-03,-0.010073464328598312,0.02,0.6666666666666666
2012-04,0.020647302166290658,0.02,0.6666666666666666
2012-05,-0.09714467802057601,0.02,0.6666666666666666
2012-06,0.026746173794103226,0.02,0.6666666666666666
2012-07,0.015443182726588765,0.02,0.6666666666666666
2012-08,0.012724974157531727,0.02,0.6666666666666666
2012-09,0.034655274853645335,0.02,0.6666666666666666
2012-10,0.01938114473360282,0.02,0.6666666666666666
2012-11,0.003385609975849059,0.02,0.6666666666666666
2012-12,0.010048973117559697,0.02,0.6666666666666666
2013-01,0.04262989385705422,0.02,0.6666666666666666
2013-02,-0.0012344653329415343,0.02,0.6666666666666666
2013-03,-0.007114286025598466,0.02,0.6666666666666666
2013-04,0.021420632993139833,0.02,0.6666666666666666
2013-05,0.020395453484176835,0.02,0.6666666666666666
2013-06,-0.050799246056723375,0.02,0.6666666666666666
2013-07,0.03920730554571836,0.02,0.6666666666666666
2013-08,0.003706299170507834,0.02,0.6666666666666666
2013-09,0.03763202456265458,0.02,0.6666666666666666
2013-10,0.02448683403987563,0.02,0.6666666666666666
2013-11,0.042192062431665824,0.02,0.6666666666666666
2013-12,0.00016931698528848977,0.02,0.6666666666666666
2014-01,-0.029888167647856925,0.02,0.6666666666666666
2014-02,0.048833233645800736,0.02,0.6666666666666666
2014-03,-0.042956795850832244,0.02,0.6666666666666666
2014-04,-0.017477538046214082,0.02,0.6666666666666666
2014-05,0.026854443150175197,0.02,0.6666666666666666
2014-06,0.019911912139648005,0.02,0.6666666666666666
2014-07,0.05067651552593593,0.02,0.6666666666666666
2014-08,0.018054411411109337,0.02,0.6666666666666666
2014-09,-0.05129064097041485,0.02,0.6666666666666666
2014-10,0.0420598824379718,0.02,0.6666666666666666
2014-11,-0.013191422789218903,0.02,0.6666666666666666
2014-12,-0.0405960975500647,0.02,0.6666666666666666
2015-01,0.04063463639858379,0.02,0.6666666666666666
2015-02,0.00579028757151352,0.02,0.6666666666666666
2015-03,0.02381970066563533,0.02,0.6666666666666666
2015-04,0.1364322358273398,0.02,0.6666666666666666
2015-05,-0.024902239486940033,0.02,0.6666666666666666
2015-06,-0.05715858718695283,0.02,0.6666666666666666
2015-07,-0.07050124736002875,0.02,0.6666666666666666
2015-08,-0.10211876533106502,0.02,0.6666666666666666
2015-09,-0.013731634446419031,0.02,0.6666666666666666
2015-10,0.07739070620945034,0.02,0.6666666666666666
2015-11,-0.02029170880008022,0.02,0.6666666666666666
2015-12,-0.00569171779198371,0.02,0.6666666666666666
2016-01,-0.10848421355346521,0.02,0.6666666666666666
2016-02,-0.009049995659671368,0.02,0.6666666666666666
2016-03,0.09588564625112062,0.02,0.6666666666666666
2016-04,-0.0012884850952512295,0.02,0.6666666666666666
2016-05,0.0026059074611863003,0.02,0.6666666666666666
2016-06,0.006818037177959864,0.02,0.6666666666666666
2016-07,0.038237626740988344,0.02,0.6666666666666666
2016-08,0.050827274921513434,0.02,0.6666666666666666
2016-09,0.014951290553211757,0.02,0.6666666666666666
2016-10,-0.014973727452171714,0.02,0.6666666666666666
2016-11,-0.0038916492576799647,0.02,0.6666666666666666
2016-12,-0.037563249244258065,0.02,0.6666666666666666
2017-01,0.06659648470520071,0.02,0.6666666666666666
2017-02,0.022753392364051092,0.02,0.6666666666666666
2017-03,0.028544304228804704,0.02,0.6666666666666666
2017-04,0.017854493541188822,0.02,0.6666666666666666
2017-05,0.03200296200424527,0.02,0.6666666666666666
2017-06,0.01455873629853472,0.02,0.6666666666666666
2017-07,0.050919040748992075,0.02,0.6666666666666666
2017-08,0.03461868268271334,0.02,0.6666666666666666
2017-09,0.018197620712514448,0.02,0.6666666666666666
2017-10,0.025227025596986898,0.02,0.6666666666666666
2017-11,0.020498994941585646,0.02,0.6666666666666666
2017-12,0.035473761315125425,0.02,0.6666666666666666
2018-01,0.07790190547738435,0.02,0.6666666666666666
2018-02,-0.04266293352077661,0.02,0.6666666666666666
2018-03,-0.011558336299231685,0.02,0.6666666666666666
2018-04,0.005781596032420545,0.02,0.6666666666666666
2018-05,0.035186222400945544,0.02,0.6666666666666666
2018-06,-0.059318100528679765,0.02,0.6666666666666666
2018-07,-0.026655376576129115,0.02,0.6666666666666666
2018-08,-0.03757657339546358,0.02,0.6666666666666666
2018-09,-0.013314447308505808,0.02,0.6666666666666666
2018-10,-0.11332787761269988,0.02,0.6666666666666666
2018-11,0.06214536800864644,0.02,0.6666666666666666
2018-12,-0.05057286572605324,0.02,0.6666666666666666
2019-01,0.08416568854433415,0.02,0.6666666666666666
2019-02,0.03112467168984462,0.02,0.6666666666666666
2019-03,0.01836557826094567,0.02,0.6666666666666666
2019-04,0.002955901258683058,0.02,0.6666666666666666
2019-05,-0.08717376730986329,0.02,0.6666666666666666
2019-06,0.04743375814087457,0.02,0.6666666666666666
2019-07,-0.011515925603549752,0.02,0.6666666666666666
2019-08,-0.04533225256697959,0.02,0.6666666666666666
2019-09,0.0028977550327828005,0.02,0.6666666666666666
2019-10,0.03637553216213774,0.02,0.6666666666666666
2019-11,-0.01851507172585107,0.02,0.6666666666666666
2019-12,0.0708444007833543,0.02,0.6666666666666666
2020-01,-0.05999342255553361,0.02,0.6666666666666666
2020-02,0.00569372885955374,0.02,0.6666666666666666
2020-03,-0.10057105739657904,0.02,0.6666666666666666
2020-04,0.08181074606191756,0.02,0.6666666666666666
2020-05,-0.024103656918331974,0.02,0.6666666666666666
2020-06,0.07774359113219767,0.02,0.6666666666666666
2020-07,0.0690282388606886,0.02,0.6666666666666666
2020-08,0.032981138135660434,0.02,0.6666666666666666
2020-09,-0.042469137915102845,0.02,0.6666666666666666
2020-10,0.023030665022953815,0.02,0.6666666666666666
2020-11,0.08388820582799245,0.02,0.6666666666666666
2020-12,0.05698482976327177,0.02,0.6666666666666666
2021-01,0.04470781589485892,0.02,0.6666666666666666
2021-02,0.030744238416106566,0.02,0.6666666666666666
2021-03,-0.03440600120148387,0.02,0.6666666666666666
2021-04,0.032142064149470725,0.02,0.6666666666666666
2021-05,0.03131338833726856,0.02,0.6666666666666666
2021-06,-0.0009550990793643979,0.02,0.6666666666666666
2021-07,-0.08523555072042835,0.02,0.6666666666666666
2021-08,0.02343639549851356,0.02,0.6666666666666666
2021-09,-0.04489191934453185,0.02,0.6666666666666666
2021-10,0.001631517248521992,0.02,0.6666666666666666
2021-11,-0.04344419891001042,0.02,0.6666666666666666
2021-12,-0.012160928346863192,0.02,0.6666666666666666
2022-01,-0.02544751795300063,0.02,0.6666666666666666
2022-02,9.864795025774434e-05,0.02,0.6666666666666666
2010-01,-0.07525600466918193,0.02,1.0
2010-02,0.031407881895518366,0.02,1.0
2010-03,0.05787031493281099,0.02,1.0
2010-04,0.0258326667551464,0.02,1.0
2010-05,-0.06654491332949924,0.02,1.0
2010-06,0.03271664433812155,0.02,1.0
2010-07,0.011742817404115789,0.02,1.0
2010-08,-0.0009007951126951198,0.02,1.0
2010-09,0.0971029402982698,0.02,1.0
2010-10,-0.013596158898800977,0.02,1.0
2010-11,-0.0261723013257766,0.02,1.0
2010-12,-0.02090704264485618,0.02,1.0
2011-01,-0.03191939329992112,0.02,1.0
2011-02,-0.019582526661633973,0.02,1.0
2011-03,0.031091567808927384,0.02,1.0
2011-04,0.029181030364951448,0.02,1.0
2011-05,0.01292525114850887,0.02,1.0
2011-06,-0.026334265468986717,0.02,1.0
2011-07,-0.010723151851278255,0.02,1.0
2011-08,-0.07255569413963922,0.02,1.0
2011-09,-0.09543960437887851,0.02,1.0
2011-10,0.04932812748108588,0.02,1.0
2011-11,-0.023687858568788703,0.02,1.0
2011-12,-0.011848860637276594,0.02,1.0
2012-01,0.020386530080287853,0.02,1.0
2012-02,0.05518158426583854,0.02,1.0
2012-03,0.006999255188005565,0.02,1.0
2012-04,0.021575353211054075,0.02,1.0
2012-05,-0.09424127697525553,0.02,1.0
2012-06,0.036126168096807236,0.02,1.0
2012-07,0.022827707985782496,0.02,1.0
2012-08,0.019938112553731444,0.02,1.0
2012-09,0.022682214429540166,0.02,1.0
2012-10,0.007116122706716647,0.02,1.0
2012-11,-0.0021042036413775143,0.02,1.0
2012-12,-0.0005727298565605873,0.02,1.0
2013-01,0.044760010923456925,0.02,1.0
2013-02,0.005445152697144117,0.02,1.0
2013-03,0.00426013678901231,0.02,1.0
2013-04,0.029052642079416165,0.02,1.0
2013-05,0.026410935376163302,0.02,1.0
2013-06,-0.03832858490316951,0.02,1.0
2013-07,0.04006875563021628,0.02,1.0
2013-08,-0.004060267938014731,0.02,1.0
2013-09,0.03579741866423737,0.02,1.0
2013-10,0.024668376891381565,0.02,1.0
2013-11,0.04468229503115469,0.02,1.0
2013-12,0.007761078367526968,0.02,1.0
2014-01,-0.023088598459860395,0.02,1.0
2014-02,0.05477453647532604,0.02,1.0
2014-03,-0.04783297829993965,0.02,1.0
2014-04,-0.01985471625237846,0.02,1.0
2014-05,0.02916897257739855,0.02,1.0
2014-06,0.02185563155058377,0.02,1.0
2014-07,0.04341658603826819,0.02,1.0
2014-08,0.02258928851074104,0.02,1.0
2014-09,-0.04927459705397763,0.02,1.0
2014-10,0.04614205635937309,0.02,1.0
2014-11,-0.015226440445725735,0.02,1.0
2014-12,-0.04680380645874429,0.02,1.0
2015-01,0.04798384211489815,0.02,1.0
2015-02,0.0027161557389670547,0.02,1.0
2015-03,0.02517174330604602,0.02,1.0
2015-04,0.1279327550720228,0.02,1.0
2015-05,-0.025662482550282723,0.02,1.0
2015-06,-0.05460517445475249,0.02,1.0
2015-07,-0.06294056421632242,0.02,1.0
2015-08,-0.09803166684812595,0.02,1.0
2015-09,-0.00932705004754908,0.02,1.0
2015-10,0.07410432544577375,0.02,1.0
2015-11,-0.0130814942555115,0.02,1.0
2015-12,-0.0060520309378923245,0.02,1.0
2016-01,-0.10669886365468828,0.02,1.0
2016-02,-0.013871177301237637,0.02,1.0
2016-03,0.0927285515312266,0.02,1.0
2016-04,-0.007677337946425818,0.02,1.0
2016-05,0.012131281593155574,0.02,1.0
2016-06,0.003126363118799067,0.02,1.0
2016-07,0.04246412762186883,0.02,1.0
2016-08,0.0547009685813097,0.02,1.0
2016-09,0.015432844814919367,0.02,1.0
2016-10,-0.01784852526318225,0.02,1.0
2016-11,-0.009753659736179504,0.02,1.0
2016-12,-0.03834057598167907,0.02,1.0
2017-01,0.06427757986296256,0.02,1.0
2017-02,0.02355946775949962,0.02,1.0
2017-03,0.03361019625184942,0.02,1.0
2017-04,0.023083172914878464,0.02,1.0
2017-05,0.035427967327541325,0.02,1.0
2017-06,0.01535637931482724,0.02,1.0
2017-07,0.05294562113906033,0.02,1.0
2017-08,0.034580288353128694,0.02,1.0
2017-09,0.016883240532428415,0.02,1.0
2017-10,0.027590011385693523,0.02,1.0
2017-11,0.026596890897746542,0.02,1.0
2017-12,0.0339079453138331,0.02,1.0
2018-01,0.07703485468375451,0.02,1.0
2018-02,-0.04193715315825419,0.02,1.0
2018-03,-0.010267228158298619,0.02,1.0
2018-04,0.00016284676252893097,0.02,1.0
2018-05,0.03769605475233615,0.02,1.0
2018-06,-0.058952604524928016,0.02,1.0
2018-07,-0.031167403796066247,0.02,1.0
2018-08,-0.03858150051605723,0.02,1.0
2018-09,-0.017632037306301217,0.02,1.0
2018-10,-0.11490888771079637,0.02,1.0
2018-11,0.06505736140950122,0.02,1.0
2018-12,-0.05160317993530837,0.02,1.0
2019-01,0.08502019511220238,0.02,1.0
2019-02,0.029459446966449258,0.02,1.0
2019-03,0.017441794980063523,0.02,1.0
2019-04,0.003031250187441679,0.02,1.0
2019-05,-0.08666226271544257,0.02,1.0
2019-06,0.046587231420160455,0.02,1.0
2019-07,-0.01030033479237649,0.02,1.0
2019-08,-0.044356694237557275,0.02,1.0
2019-09,0.0012555841050247718,0.02,1.0
2019-10,0.03773134464371659,0.02,1.0
2019-11,-0.018151744297665636,0.02,1.0
2019-12,0.06977984602654846,0.02,1.0
2020-01,-0.056822420469670946,0.02,1.0
2020-02,0.007682218120512887,0.02,1.0
2020-03,-0.0962546720754677,0.02,1.0
2020-04,0.08359859989076317,0.02,1.0
2020-05,-0.020216080135371874,0.02,1.0
2020-06,0.08512498733491268,0.02,1.0
2020-07,0.06898111914111923,0.02,1.0
2020-08,0.03374085865885558,0.02,1.0
2020-09,-0.04179519819207465,0.02,1.0
2020-10,0.02733400859970347,0.02,1.0
2020-11,0.07790941016803762,0.02,1.0
2020-12,0.06176061310830945,0.02,1.0
2021-01,0.04869283841301579,0.02,1.0
2021-02,0.019984974245534987,0.02,1.0
2021-03,-0.03598468869485897,0.02,1.0
2021-04,0.03303089513049668,0.02,1.0
2021-05,0.03251018991041041,0.02,1.0
2021-06,-0.0008686802015842824,0.02,1.0
2021-07,-0.09236078875361632,0.02,1.0
2021-08,0.022093523250080342,0.02,1.0
2021-09,-0.04845694161482393,0.02,1.0
2021-10,0.00044989922681919203,0.02,1.0
2021-11,-0.042571982606451356,0.02,1.0
2021-12,-0.013955802387021127,0.02,1.0
2022-01,-0.03264513037698589,0.02,1.0
2022-02,-0.0005655003663209077,0.02,1.0
2010-01,-0.06964733554542836,0.05,0.5
2010-02,0.026004432989203966,0.05,0.5
2010-03,0.057839285164805396,0.05,0.5
2010-04,0.009131052814219378,0.05,0.5
2010-05,-0.0722977385655059,0.05,0.5
2010-06,0.013026227963614353,0.05,0.5
2010-07,0.0417368314334796,0.05,0.5
2010-08,-0.008538878128088404,0.05,0.5
2010-09,0.10711046088228729,0.05,0.5
2010-10,0.008292538784434166,0.05,0.5
2010-11,-0.010523601776600593,0.05,0.5
2010-12,-0.008950494495354115,0.05,0.5
2011-01,-0.007216240270966923,0.05,0.5
2011-02,-0.027250164002190273,0.05,0.5
2011-03,0.026540875383778934,0.05,0.5
2011-04,0.02786573336084258,0.05,0.5
2011-05,-0.004172809495909849,0.05,0.5
2011-06,-0.03172855543149921,0.05,0.5
2011-07,-0.008871871602745537,0.05,0.5
2011-08,-0.08520862216862338,0.05,0.5
2011-09,-0.1423271239128029,0.05,0.5
2011-10,0.11351463295467835,0.05,0.5
2011-11,-0.05964333920563346,0.05,0.5
2011-12,-0.0006487423340347121,0.05,0.5
2012-01,0.0659728411606227,0.05,0.5
2012-02,0.07623047101140296,0.05,0.5
2012-03,-0.03286940879122115,0.05,0.5
2012-04,0.018944376599511644,0.05,0.5
2012-05,-0.10030964826970196,0.05,0.5
2012-06,0.014251619657812634,0.05,0.5
2012-07,0.006241851315106378,0.05,0.5
2012-08,0.002230128547972099,0.05,0.5
2012-09,0.05106748734109593,0.05,0.5
2012-10,0.03623266404252494,0.05,0.5
2012-11,0.011743454060295897,0.05,0.5
2012-12,0.02478055356277868,0.05,0.5
2013-01,0.03851253410254907,0.05,0.5
2013-02,-0.010245947268477966,0.05,0.5
2013-03,-0.02208479750828384,0.05,0.5
2013-04,0.011046220124094973,0.05,0.5
2013-05,0.009846123825960668,0.05,0.5
2013-06,-0.06778467306199196,0.05,0.5
2013-07,0.037366093015586146,0.05,0.5
2013-08,0.013793021849396675,0.05,0.5
2013-09,0.03971424759829337,0.05,0.5
2013-10,0.02376895834469927,0.05,0.5
2013-11,0.038721457805681155,0.05,0.5
2013-12,-0.010688439349292285,0.05,0.5
2014-01,-0.040113552876922025,0.05,0.5
2014-02,0.04029557156281259,0.05,0.5
2014-03,-0.0358313690355775,0.05,0.5
2014-04,-0.013447050222293871,0.05,0.5
2014-05,0.023273717798495894,0.05,0.5
2014-06,0.016958588819232966,0.05,0.5
2014-07,0.06116646275915956,0.05,0.5
2014-08,0.011983148717152232,0.05,0.5
2014-09,-0.053998193094961136,0.05,0.5
2014-10,0.03622217626391768,0.05,0.5
2014-11,-0.0104408200953435,0.05,0.5
2014-12,-0.03165100131190491,0.05,0.5
2015-01,0.029745500717582966,0.05,0.5
2015-02,0.010024434346821012,0.05,0.5
2015-03,0.02151424061730087,0.05,0.5
2015-04,0.14846178416159306,0.05,0.5
2015-05,-0.023681553197048077,0.05,0.5
2015-06,-0.060802581244815246,0.05,0.5
2015-07,-0.08105206161771762,0.05,0.5
2015-08,-0.10790462952201436,0.05,0.5
2015-09,-0.02051265285535707,0.05,0.5
2015-10,0.08200990055962216,0.05,0.5
2015-11,-0.03158070559391272,0.05,0.5
2015-12,-0.005081284315586517,0.05,0.5
2016-01,-0.11108892281662724,0.05,0.5
2016-02,-0.0016022807459838946,0.05,0.5
2016-03,0.10049366105392737,0.05,0.5
2016-04,0.008391708508779025,0.05,0.5
2016-05,-0.012145633554102881,0.05,0.5
2016-06,0.012342445037908623,0.05,0.5
2016-07,0.031403787988278566,0.05,0.5
2016-08,0.04454050953666028,0.05,0.5
2016-09,0.014033373375689199,0.05,0.5
2016-10,-0.01067599235510489,0.05,0.5
2016-11,0.004971884462638902,0.05,0.5
2016-12,-0.03640377914488918,0.05,0.5
2017-01,0.0698932698314729,0.05,0.5
2017-02,0.021439987747635426,0.05,0.5
2017-03,0.02085941765071505,0.05,0.5
2017-04,0.00986404462637421,0.05,0.5
2017-05,0.02675632451611723,0.05,0.5
2017-06,0.013221644072639479,0.05,0.5
2017-07,0.04766158623201128,0.05,0.5
2017-08,0.03460719294191571,0.05,0.5
2017-09,0.02010647323868768,0.05,0.5
2017-10,0.02173556122303025,0.05,0.5
2017-11,0.011357604293204482,0.05,0.5
2017-12,0.037887606204813386,0.05,0.5
2018-01,0.07906112975565914,0.05,0.5
2018-02,-0.04373990025509923,0.05,0.5
2018-03,-0.013317228660115067,0.05,0.5
2018-04,0.014197638365586303,0.05,0.5
2018-05,0.031567129564233964,0.05,0.5
2018-06,-0.059824627864363066,0.05,0.5
2018-07,-0.01992443407960377,0.05,0.5
2018-08,-0.03600618208154212,0.05,0.5
2018-09,-0.0068057275417214465,0.05,0.5
2018-10,-0.11077952100113231,0.05,0.5
2018-11,0.05753269238041572,0.05,0.5
2018-12,-0.04902971151802228,0.05,0.5
2019-01,0.08276569200317195,0.05,0.5
2019-02,0.03365636629341647,0.05,0.5
2019-03,0.01979591397276278,0.05,0.5
2019-04,0.0027528659269093507,0.05,0.5
2019-05,-0.08771358140004493,0.05,0.5
2019-06,0.048565424089801724,0.05,0.5
2019-07,-0.013313341402039252,0.05,0.5
2019-08,-0.046590867369220745,0.05,0.5
2019-09,0.005234699648010727,0.05,0.5
2019-10,0.034317979342263175,0.05,0.5
2019-11,-0.01942863568168973,0.05,0.5
2019-12,0.07222311202866319,0.05,0.5
2020-01,-0.06463967446768124,0.05,0.5
2020-02,0.002451578875927693,0.05,0.5
2020-03,-0.10710382282050215,0.05,0.5
2020-04,0.07918654491116352,0.05,0.5
2020-05,-0.030536734147208387,0.05,0.5
2020-06,0.06539877330652849,0.05,0.5
2020-07,0.06868950935674627,0.05,0.5
2020-08,0.03163092497544676,0.05,0.5
2020-09,-0.04352941414113013,0.05,0.5
2020-10,0.016279465246063704,0.05,0.5
2020-11,0.09282658712729178,0.05,0.5
2020-12,0.049750239333945685,0.05,0.5
2021-01,0.0386883481385785,0.05,0.5
2021-02,0.04639915732324587,0.05,0.5
2021-03,-0.032008083770031476,0.05,0.5
2021-04,0.03075512924185761,0.05,0.5
2021-05,0.02956394082219957,0.05,0.5
2021-06,-0.0010254699934468259,0.05,0.5
2021-07,-0.07478064840567313,0.05,0.5
2021-08,0.025390316546152855,0.05,0.5
2021-09,-0.03940703730485755,0.05,0.5
2021-10,0.003329866894416201,0.05,0.5
2021-11,-0.04466897284446499,0.05,0.5
2021-12,-0.009183335330356915,0.05,0.5
2022-01,-0.014687612086488545,0.05,0.5
2022-02,0.00116518980154234,0.05,0.5
2010-01,-0.0699794875935933,0.05,0.6666666666666666
2010-02,0.026387474513270868,0.05,0.6666666666666666
2010-03,0.057860750198996544,0.05,0.6666666666666666
2010-04,0.010433061783326453,0.05,0.6666666666666666
2010-05,-0.07154566834476771,0.05,0.6666666666666666
2010-06,0.014999308499270406,0.05,0.6666666666666666
2010-07,0.039204065547684394,0.05,0.6666666666666666
2010-08,-0.00780739921574387,0.05,0.6666666666666666
2010-09,0.10580639490106662,0.05,0.6666666666666666
2010-10,0.006416377703315736,0.05,0.6666666666666666
2010-11,-0.01187819942866308,0.05,0.6666666666666666
2010-12,-0.010072043728200298,0.05,0.6666666666666666
2011-01,-0.00916969575457687,0.05,0.6666666666666666
2011-02,-0.026573654020926707,0.05,0.6666666666666666
2011-03,0.02699847351228509,0.05,0.6666666666666666
2011-04,0.02798654292874808,0.05,0.6666666666666666
2011-05,-0.00265080942405906,0.05,0.6666666666666666
2011-06,-0.031151954639621296,0.05,0.6666666666666666
2011-07,-0.008735097727449926,0.05,0.6666666666666666
2011-08,-0.08382646556893808,0.05,0.6666666666666666
2011-09,-0.1380143461923663,0.05,0.6666666666666666
2011-10,0.10773603818606316,0.05,0.6666666666666666
2011-11,-0.05623416174449828,0.05,0.6666666666666666
2011-12,-0.001534645910675387,0.05,0.6666666666666666
2012-01,0.06158631175833409,0.05,0.6666666666666666
2012-02,0.07425203391442942,0.05,0.6666666666666666
2012-03,-0.02908624393435951,0.05,0.6666666666666666
2012-04,0.018995435440427588,0.05,0.6666666666666666
2012-05,-0.09942903765586363,0.05,0.6666666666666666
2012-06,0.01634009781418511,0.05,0.6666666666666666
2012-07,0.008097757684074733,0.05,0.6666666666666666
2012-08,0.0035406056089187007,0.05,0.6666666666666666
2012-09,0.04855618455417601,0.05,0.6666666666666666
2012-10,0.03367315579424154,0.05,0.6666666666666666
2012-11,0.010869526343627131,0.05,0.6666666666666666
2012-12,0.022609945061771483,0.05,0.6666666666666666
2013-01,0.03856015889531581,0.05,0.6666666666666666
2013-02,-0.008796695893599677,0.05,0.6666666666666666
2013-03,-0.01949201945943845,0.05,0.6666666666666666
2013-04,0.01267608855859757,0.05,0.6666666666666666
2013-05,0.010340001867879589,0.05,0.6666666666666666
2013-06,-0.0651327079613789,0.05,0.6666666666666666
2013-07,0.03732665556187403,0.05,0.6666666666666666
2013-08,0.011977551336677912,0.05,0.6666666666666666
2013-09,0.03918525134456148,0.05,0.6666666666666666
2013-10,0.023650695013977773,0.05,0.6666666666666666
2013-11,0.0392247446633455,0.05,0.6666666666666666
2013-12,-0.009246517205993557,0.05,0.6666666666666666
2014-01,-0.038988968494612704,0.05,0.6666666666666666
2014-02,0.04141055275483341,0.05,0.6666666666666666
2014-03,-0.036707015063230854,0.05,0.6666666666666666
2014-04,-0.013688339751763388,0.05,0.6666666666666666
2014-05,0.023623162299418354,0.05,0.6666666666666666
2014-06,0.017269960653051794,0.05,0.6666666666666666
2014-07,0.05982315884512228,0.05,0.6666666666666666
2014-08,0.012982645885587674,0.05,0.6666666666666666
2014-09,-0.05355668119218508,0.05,0.6666666666666666
2014-10,0.03699772348683383,0.05,0.6666666666666666
2014-11,-0.010880630968389588,0.05,0.6666666666666666
2014-12,-0.032807775171638034,0.05,0.6666666666666666
2015-01,0.031015259301458938,0.05,0.6666666666666666
2015-02,0.009386395383559199,0.05,0.6666666666666666
2015-03,0.021647115694796513,0.05,0.6666666666666666
2015-04,0.14680531310279948,0.05,0.6666666666666666
2015-05,-0.02378148647597922,0.05,0.6666666666666666
2015-06,-0.060314970775969166,0.05,0.6666666666666666
2015-07,-0.07952854427447635,0.05,0.6666666666666666
2015-08,-0.10710851859703807,0.05,0.6666666666666666
2015-09,-0.01983660272575645,0.05,0.6666666666666666
2015-10,0.08135871150056173,0.05,0.6666666666666666
2015-11,-0.030536894828811077,0.05,0.6666666666666666
2015-12,-0.005118015254059861,0.05,0.6666666666666666
2016-01,-0.11076692597183,0.05,0.6666666666666666
2016-02,-0.0023338302024655828,0.05,0.6666666666666666
2016-03,0.0999249361749336,0.05,0.6666666666666666
2016-04,0.007359204476006054,0.05,0.6666666666666666
2016-05,-0.010712564471219758,0.05,0.6666666666666666
2016-06,0.01172279828511768,0.05,0.6666666666666666
2016-07,0.03194350899129564,0.05,0.6666666666666666
2016-08,0.04502738351490673,0.05,0.6666666666666666
2016-09,0.01404843715765342,0.05,0.6666666666666666
2016-10,-0.011159945863422976,0.05,0.6666666666666666
2016-11,0.004018388717078834,0.05,0.6666666666666666
2016-12,-0.036535506936713556,0.05,0.6666666666666666
2017-01,0.06944626164540485,0.05,0.6666666666666666
2017-02,0.02153956980579589,0.05,0.6666666666666666
2017-03,0.021675050140048304,0.05,0.6666666666666666
2017-04,0.010686347903895761,0.05,0.6666666666666666
2017-05,0.02729078223560525,0.05,0.6666666666666666
2017-06,0.01330770867486941,0.05,0.6666666666666666
2017-07,0.04792682165306319,0.05,0.6666666666666666
2017-08,0.034577766808593396,0.05,0.6666666666666666
2017-09,0.019866503960688064,0.05,0.6666666666666666
2017-10,0.022147063624182457,0.05,0.6666666666666666
2017-11,0.012375738047851345,0.05,0.6666666666666666
2017-12,0.03764834383384782,0.05,0.6666666666666666
2018-01,0.07886950398599751,0.05,0.6666666666666666
2018-02,-0.04361503559152515,0.05,0.6666666666666666
2018-03,-0.013042787353120817,0.05,0.6666666666666666
2018-04,0.013257152963380477,0.05,0.6666666666666666
2018-05,0.03203398685292384,0.05,0.6666666666666666
2018-06,-0.059749806307089676,0.05,0.6666666666666666
2018-07,-0.020688804727386743,0.05,0.6666666666666666
2018-08,-0.03615266972396406,0.05,0.6666666666666666
2018-09,-0.00751454761799026,0.05,0.6666666666666666
2018-10,-0.1109840755293408,0.05,0.6666666666666666
2018-11,0.05793646277157535,0.05,0.6666666666666666
2018-12,-0.049202202921515385,0.05,0.6666666666666666
2019-01,0.08286869753469672,0.05,0.6666666666666666
2019-02,0.03339011467901018,0.05,0.6666666666666666
2019-03,0.01965683702278039,0.05,0.6666666666666666
2019-04,0.0027354201021571956,0.05,0.6666666666666666
2019-05,-0.08755251636715834,0.05,0.6666666666666666
2019-06,0.048378294925634696,0.05,0.6666666666666666
2019-07,-0.013102086127420243,0.05,0.6666666666666666
2019-08,-0.046360033417019574,0.05,0.6666666666666666
2019-09,0.004918900567914683,0.05,0.6666666666666666
2019-10,0.03453600339002421,0.05,0.6666666666666666
2019-11,-0.019490938714845654,0.05,0.6666666666666666
2019-12,0.07197297927256224,0.05,0.6666666666666666
2020-01,-0.06407442371448865,0.05,0.6666666666666666
2020-02,0.002696521722025106,0.05,0.6666666666666666
2020-03,-0.10640382108106897,0.05,0.6666666666666666
2020-04,0.07950371374680923,0.05,0.6666666666666666
2020-05,-0.03008937536819379,0.05,0.6666666666666666
2020-06,0.06620476483311544,0.05,0.6666666666666666
2020-07,0.06854518637571924,0.05,0.6666666666666666
2020-08,0.03168733427083897,0.05,0.6666666666666666
2020-09,-0.043433546401120425,0.05,0.6666666666666666
2020-10,0.01689796103826677,0.05,0.6666666666666666
2020-11,0.09182018378708834,0.05,0.6666666666666666
2020-12,0.050522564754195434,0.05,0.6666666666666666
2021-01,0.03933854056525627,0.05,0.6666666666666666
2021-02,0.0444446208452446,0.05,0.6666666666666666
2021-03,-0.032261236288464085,0.05,0.6666666666666666
2021-04,0.030885371593337214,0.05,0.6666666666666666
2021-05,0.0297786593659378,0.05,0.6666666666666666
2021-06,-0.000991314379620893,0.05,0.6666666666666666
2021-07,-0.07604583965621338,0.05,0.6666666666666666
2021-08,0.02514637539641048,0.05,0.6666666666666666
2021-09,-0.03995542480516082,0.05,0.6666666666666666
2021-10,0.0031082380952457325,0.05,0.6666666666666666
2021-11,-0.04449575328691048,0.05,0.6666666666666666
2021-12,-0.00938738701829344,0.05,0.6666666666666666
2022-01,-0.01589938508030802,0.05,0.6666666666666666
2022-02,0.0010779382075847659,0.05,0.6666666666666666
2010-01,-0.07064379168992321,0.05,1.0
2010-02,0.027153557561404668,0.05,1.0
2010-03,0.05790368026737883,0.05,1.0
2010-04,0.013037079721540602,0.05,1.0
2010-05,-0.07004152790329131,0.05,1.0
2010-06,0.01894546957058251,0.05,1.0
2010-07,0.03413853377609396,0.05,1.0
2010-08,-0.006344441391054801,0.05,1.0
2010-09,0.10319826293862533,0.05,1.0
2010-10,0.0026640555410788786,0.05,1.0
2010-11,-0.01458739473278805,0.05,1.0
2010-12,-0.012315142193892667,0.05,1.0
2011-01,-0.013076606721796773,0.05,1.0
2011-02,-0.02522063405839957,0.05,1.0
2011-03,0.027913669769297413,0.05,1.0
2011-04,0.02822816206455908,0.05,1.0
2011-05,0.00039319071964251937,0.05,1.0
2011-06,-0.02999875305586546,0.05,1.0
2011-07,-0.008461549976858706,0.05,1.0
2011-08,-0.08106215236956746,0.05,1.0
2011-09,-0.12938879075149323,0.05,1.0
2011-10,0.09617884864883278,0.05,1.0
2011-11,-0.0494158068222279,0.05,1.0
2011-12,-0.0033064530639567366,0.05,1.0
2012-01,0.05281325295375685,0.05,1.0
2012-02,0.07029515972048231,0.05,1.0
2012-03,-0.021519914220636233,0.05,1.0
2012-04,0.01909755312225947,0.05,1.0
2012-05,-0.09766781642818695,0.05,1.0
2012-06,0.020517054126930057,0.05,1.0
2012-07,0.011809570422011447,0.05,1.0
2012-08,0.006161559730811907,0.05,1.0
2012-09,0.04353357898033618,0.05,1.0
2012-10,0.028554139297674724,0.05,1.0
2012-11,0.009121670910289589,0.05,1.0
2012-12,0.018268728059757093,0.05,1.0
2013-01,0.03865540848084932,0.05,1.0
2013-02,-0.0058981931438430975,0.05,1.0
2013-03,-0.014306463361747662,0.05,1.0
2013-04,0.01593582542760277,0.05,1.0
2013-05,0.011327757951717428,0.05,1.0
2013-06,-0.0598287777601528,0.05,1.0
2013-07,0.03724778065444979,0.05,1.0
2013-08,0.008346610311240388,0.05,1.0
2013-09,0.03812725883709771,0.05,1.0
2013-10,0.023414168352534778,0.05,1.0
2013-11,0.0402313183786742,0.05,1.0
2013-12,-0.006362672919396097,0.05,1.0
2014-01,-0.036739799729994055,0.05,1.0
2014-02,0.043640515138875034,0.05,1.0
2014-03,-0.038458307118537566,0.05,1.0
2014-04,-0.014170918810702409,0.05,1.0
2014-05,0.024322051301263276,0.05,1.0
2014-06,0.017892704320689453,0.05,1.0
2014-07,0.05713655101704772,0.05,1.0
2014-08,0.014981640222458561,0.05,1.0
2014-09,-0.052673657386632974,0.05,1.0
2014-10,0.038548817932666124,0.05,1.0
2014-11,-0.011760252714481764,0.05,1.0
2014-12,-0.035121322891104284,0.05,1.0
2015-01,0.03355477646921089,0.05,1.0
2015-02,0.008110317457035566,0.05,1.0
2015-03,0.021912865849787792,0.05,1.0
2015-04,0.1434923709852123,0.05,1.0
2015-05,-0.02398135303384151,0.05,1.0
2015-06,-0.059339749838277,0.05,1.0
2015-07,-0.07648150958799382,0.05,1.0
2015-08,-0.10551629674708551,0.05,1.0
2015-09,-0.018484502466555204,0.05,1.0
2015-10,0.08005633338244085,0.05,1.0
2015-11,-0.028449273298607785,0.05,1.0
2015-12,-0.005191477131006551,0.05,1.0
2016-01,-0.11012293228223546,0.05,1.0
2016-02,-0.0037969291154289595,0.05,1.0
2016-03,0.09878748641694607,0.05,1.0
2016-04,0.00529419641046011,0.05,1.0
2016-05,-0.007846426305453513,0.05,1.0
2016-06,0.010483504779535791,0.05,1.0
2016-07,0.03302295099732978,0.05,1.0
2016-08,0.04600113147139964,0.05,1.0
2016-09,0.014078564721581862,0.05,1.0
2016-10,-0.012127852880059143,0.05,1.0
2016-11,0.0021113972259587006,0.05,1.0
2016-12,-0.03679896252036231,0.05,1.0
2017-01,0.06855224527326877,0.05,1.0
2017-02,0.021738733922116824,0.05,1.0
2017-03,0.023306315118714813,0.05,1.0
2017-04,0.012330954458938873,0.05,1.0
2017-05,0.028359697674581297,0.05,1.0
2017-06,0.013479837879329278,0.05,1.0
2017-07,0.048457292495167004,0.05,1.0
2017-08,0.03451891454194879,0.05,1.0
2017-09,0.019386565404688836,0.05,1.0
2017-10,0.02297006842648687,0.05,1.0
2017-11,0.014412005557145086,0.05,1.0
2017-12,0.037169819091916696,0.05,1.0
2018-01,0.07848625244667427,0.05,1.0
2018-02,-0.04336530626437701,0.05,1.0
2018-03,-0.012493904739132315,0.05,1.0
2018-04,0.011376182158968826,0.05,1.0
2018-05,0.0329677014303036,0.05,1.0
2018-06,-0.059600163192542896,0.05,1.0
2018-07,-0.022217546022952683,0.05,1.0
2018-08,-0.03644564500880794,0.05,1.0
2018-09,-0.00893218777052789,0.05,1.0
2018-10,-0.11139318458575774,0.05,1.0
2018-11,0.05874400355389459,0.05,1.0
2018-12,-0.04954718572850159,0.05,1.0
2019-01,0.08307470859774624,0.05,1.0
2019-02,0.03285761145019759,0.05,1.0
2019-03,0.019378683122815606,0.05,1.0
2019-04,0.0027005284526528846,0.05,1.0
2019-05,-0.08723038630138517,0.05,1.0
2019-06,0.04800403659730065,0.05,1.0
2019-07,-0.012679575578182223,0.05,1.0
2019-08,-0.045898365512617244,0.05,1.0
2019-09,0.0042873024077225985,0.05,1.0
2019-10,0.03497205148554629,0.05,1.0
2019-11,-0.01961554478115752,0.05,1.0
2019-12,0.07147271376036038,0.05,1.0
2020-01,-0.06294392220810352,0.05,1.0
2020-02,0.003186407414219939,0.05,1.0
2020-03,-0.10500381760220262,0.05,1.0
2020-04,0.08013805141810068,0.05,1.0
2020-05,-0.029194657810164594,0.05,1.0
2020-06,0.06781674788628936,0.05,1.0
2020-07,0.0682565404136652,0.05,1.0
2020-08,0.03180015286162339,0.05,1.0
2020-09,-0.04324181092110102,0.05,1.0
2020-10,0.018134952622672902,0.05,1.0
2020-11,0.08980737710668144,0.05,1.0
2020-12,0.052067215594694925,0.05,1.0
2021-01,0.040638925418611825,0.05,1.0
2021-02,0.04053554788924204,0.05,1.0
2021-03,-0.03276754132532929,0.05,1.0
2021-04,0.031145856296296417,0.05,1.0
2021-05,0.030208096453414254,0.05,1.0
2021-06,-0.0009230031519690254,0.05,1.0
2021-07,-0.07857622215729385,0.05,1.0
2021-08,0.024658493096925724,0.05,1.0
2021-09,-0.041052199805767395,0.05,1.0
2021-10,0.002664980496904801,0.05,1.0
2021-11,-0.04414931417180146,0.05,1.0
2021-12,-0.009795490394166502,0.05,1.0
2022-01,-0.018322931067946968,0.05,1.0
2022-02,0.0009034350196696246,0.05,1.0
2010-01,-0.07554558846874718,0.01,0.5
2010-02,0.03126900518000615,0.01,0.5
2010-03,0.057724498179770045,0.01,0.5
2010-04,0.02427521933979497,0.01,0.5
2010-05,-0.06927297440960539,0.01,0.5
2010-06,0.027683280535994947,0.01,0.5
2010-07,0.016287025683205485,0.01,0.5
2010-08,-0.0026651104291315064,0.01,0.5
2010-09,0.10192270788630348,0.01,0.5
2010-10,-0.010263247450153844,0.01,0.5
2010-11,-0.023761461341730857,0.01,0.5
2010-12,-0.018502067230694585,0.01,0.5
2011-01,-0.029727961322516733,0.01,0.5
2011-02,-0.020801005880832623,0.01,0.5
2011-03,0.029936227951424164,0.01,0.5
2011-04,0.028941969414196925,0.01,0.5
2011-05,0.01013755205541073,0.01,0.5
2011-06,-0.027993110496020324,0.01,0.5
2011-07,-0.012744168297364963,0.01,0.5
2011-08,-0.07672046804531601,0.01,0.5
2011-09,-0.10473024275547876,0.01,0.5
2011-10,0.06226389425599431,0.01,0.5
2011-11,-0.03159262201757416,0.01,0.5
2011-12,-0.010581109055189192,0.01,0.5
2012-01,0.031568758366630874,0.01,0.5
2012-02,0.059429209825626085,0.01,0.5
2012-03,-0.0013194319016526703,0.01,0.5
2012-04,0.022594830397566545,0.01,0.5
2012-05,-0.0981035010506088,0.01,0.5
2012-06,0.031196120650409536,0.01,0.5
2012-07,0.01645988730739864,0.01,0.5
2012-08,0.01869080036408002,0.01,0.5
2012-09,0.028339171059848657,0.01,0.5
2012-10,0.012485263792651035,0.01,0.5
2012-11,-0.003285671397258323,0.01,0.5
2012-12,0.0024366438865882686,0.01,0.5
2013-01,0.049098252485975644,0.01,0.5
2013-02,0.002750440986754082,0.01,0.5
2013-03,-0.0019868128494550837,0.01,0.5
2013-04,0.026101013760010762,0.01,0.5
2013-05,0.03302069636972367,0.01,0.5
2013-06,-0.043175617151444995,0.01,0.5
2013-07,0.04204531384419853,0.01,0.5
2013-08,0.0008830789888855267,0.01,0.5
2013-09,0.03794474142185073,0.01,0.5
2013-10,0.02613134614464376,0.01,0.5
2013-11,0.04420034648822227,0.01,0.5
2013-12,0.007276902169562533,0.01,0.5
2014-01,-0.02202364654254088,0.01,0.5
2014-02,0.05445223669791924,0.01,0.5
2014-03,-0.04802455522931293,0.01,0.5
2014-04,-0.021959120340383994,0.01,0.5
2014-05,0.030004626481704794,0.01,0.5
2014-06,0.022434411036551687,0.01,0.5
2014-07,0.04336193376636615,0.01,0.5
2014-08,0.020514682901723785,0.01,0.5
2014-09,-0.05017271981789647,0.01,0.5
2014-10,0.04585599238464103,0.01,0.5
2014-11,-0.014336385069564824,0.01,0.5
2014-12,-0.046761035061356614,0.01,0.5
2015-01,0.049742598156378486,0.01,0.5
2015-02,0.0035994943357626017,0.01,0.5
2015-03,0.026907995875576945,0.01,0.5
2015-04,0.1286116174339539,0.01,0.5
2015-05,-0.02623189411395932,0.01,0.5
2015-06,-0.05471077144237916,0.01,0.5
2015-07,-0.06406953177648364,0.01,0.5
2015-08,-0.09840631594084562,0.01,0.5
2015-09,-0.006783728005133394,0.01,0.5
2015-10,0.07450694658802742,0.01,0.5
2015-11,-0.007837710351739505,0.01,0.5
2015-12,-0.006570165828922359,0.01,0.5
2016-01,-0.10649401269584238,0.01,0.5
2016-02,-0.017101477295843243,0.01,0.5
2016-03,0.09221640484975888,0.01,0.5
2016-04,-0.010463732908019309,0.01,0.5
2016-05,0.01840179607074502,0.01,0.5
2016-06,0.0017088255101647722,0.01,0.5
2016-07,0.04696052657857184,0.01,0.5
2016-08,0.0589185352027509,0.01,0.5
2016-09,0.01662496331726479,0.01,0.5
2016-10,-0.01903909499757333,0.01,0.5
2016-11,-0.013139777591029526,0.01,0.5
2016-12,-0.03869453256195929,0.01,0.5
2017-01,0.06410072541490765,0.01,0.5
2017-02,0.024553191132408378,0.01,0.5
2017-03,0.03676221545008617,0.01,0.5
2017-04,0.026789370069285532,0.01,0.5
2017-05,0.03795014017663855,0.01,0.5
2017-06,0.016515847770574733,0.01,0.5
2017-07,0.05518012559058648,0.01,0.5
2017-08,0.03492981955230313,0.01,0.5
2017-09,0.016513828582659894,0.01,0.5
2017-10,0.028591948476966507,0.01,0.5
2017-11,0.02987759226309722,0.01,0.5
2017-12,0.032687394505433606,0.01,0.5
2018-01,0.0773415726223971,0.01,0.5
2018-02,-0.04163428849317356,0.01,0.5
2018-03,-0.010540324863611967,0.01,0.5
2018-04,-0.0027190214083346355,0.01,0.5
2018-05,0.038237618040686816,0.01,0.5
2018-06,-0.058984366717261934,0.01,0.5
2018-07,-0.03334450084489275,0.01,0.5
2018-08,-0.039479099189739394,0.01,0.5
2018-09,-0.02023116662327313,0.01,0.5
2018-10,-0.11686739731504148,0.01,0.5
2018-11,0.06861535819271547,0.01,0.5
2018-12,-0.05229044604263416,0.01,0.5
2019-01,0.08644565920693126,0.01,0.5
2019-02,0.028189602021708202,0.01,0.5
2019-03,0.01657526651960926,0.01,0.5
2019-04,0.003598478206626109,0.01,0.5
2019-05,-0.08765964970526217,0.01,0.5
2019-06,0.04688803279548928,0.01,0.5
2019-07,-0.00967727814216851,0.01,0.5
2019-08,-0.04501403300283253,0.01,0.5
2019-09,0.0009204132472787232,0.01,0.5
2019-10,0.038849232729780046,0.01,0.5
2019-11,-0.015493699158097368,0.01,0.5
2019-12,0.07044197224320442,0.01,0.5
2020-01,-0.05537294096030758,0.01,0.5
2020-02,0.010769720938436676,0.01,0.5
2020-03,-0.09280965748166028,0.01,0.5
2020-04,0.08456750078198955,0.01,0.5
2020-05,-0.01207832660078884,0.01,0.5
2020-06,0.10179004252881403,0.01,0.5
2020-07,0.0719063253660176,0.01,0.5
2020-08,0.0356372617366703,0.01,0.5
2020-09,-0.041083148277673565,0.01,0.5
2020-10,0.03190858829313647,0.01,0.5
2020-11,0.07383344360997643,0.01,0.5
2020-12,0.06505793163847971,0.01,0.5
2021-01,0.05126909967884584,0.01,0.5
2021-02,0.016905938087212642,0.01,0.5
2021-03,-0.03688998704939936,0.01,0.5
2021-04,0.033760896893185,0.01,0.5
2021-05,0.032903834514553684,0.01,0.5
2021-06,-0.0011101643645912013,0.01,0.5
2021-07,-0.09474396937987925,0.01,0.5
2021-08,0.021644599440518976,0.01,0.5
2021-09,-0.051216080393220065,0.01,0.5
2021-10,0.00016015651618400944,0.01,0.5
2021-11,-0.042514147839322725,0.01,0.5
2021-12,-0.016585175609771942,0.01,0.5
2022-01,-0.036386260657030454,0.01,0.5
2022-02,-0.0013478163073227419,0.01,0.5
2010-01,-0.07784382482468508,0.01,0.6666666666666666
2010-02,0.033406904101007114,0.01,0.6666666666666666
2010-03,0.05770770088561607,0.01,0.6666666666666666
2010-04,0.03062528381742724,0.01,0.6666666666666666
2010-05,-0.06751264947023368,0.01,0.6666666666666666
2010-06,0.034542045262444525,0.01,0.6666666666666666
2010-07,0.0052709912139855646,0.01,0.6666666666666666
2010-08,2.429104953199381e-05,0.01,0.6666666666666666
2010-09,0.09888939090642154,0.01,0.6666666666666666
2010-10,-0.018324670609468272,0.01,0.6666666666666666
2010-11,-0.029528678848836767,0.01,0.6666666666666666
2010-12,-0.0228074740419876,0.01,0.6666666666666666
2011-01,-0.03918532382330995,0.01,0.6666666666666666
2011-02,-0.017974776525783172,0.01,0.6666666666666666
2011-03,0.0315256102691454,0.01,0.6666666666666666
2011-04,0.029421524333220542,0.01,0.6666666666666666
2011-05,0.016429672644368377,0.01,0.6666666666666666
2011-06,-0.026171361392316114,0.01,0.6666666666666666
2011-07,-0.013898159986942498,0.01,0.6666666666666666
2011-08,-0.07250892673786158,0.01,0.6666666666666666
2011-09,-0.08788517131593421,0.01,0.6666666666666666
2011-10,0.03940171992115111,0.01,0.6666666666666666
2011-11,-0.01883320549375254,0.01,0.6666666666666666
2011-12,-0.014777801538881358,0.01,0.6666666666666666
2012-01,0.015714201366344983,0.01,0.6666666666666666
2012-02,0.05185035233339358,0.01,0.6666666666666666
2012-03,0.012980391918398462,0.01,0.6666666666666666
2012-04,0.02386270717116746,0.01,0.6666666666666666
2012-05,-0.0964875080304061,0.01,0.6666666666666666
2012-06,0.03893276580431431,0.01,0.6666666666666666
2012-07,0.021721805673797754,0.01,0.6666666666666666
2012-08,0.025488168030395927,0.01,0.6666666666666666
2012-09,0.01825176284584632,0.01,0.6666666666666666
2012-10,0.002009955461076327,0.01,0.6666666666666666
2012-11,-0.009169307599778498,0.01,0.6666666666666666
2012-12,-0.007181934506482394,0.01,0.6666666666666666
2013-01,0.05267445007321793,0.01,0.6666666666666666
2013-02,0.008531821780043053,0.01,0.6666666666666666
2013-03,0.007305293418999893,0.01,0.6666666666666666
2013-04,0.03274914673981862,0.01,0.6666666666666666
2013-05,0.041239431926230266,0.01,0.6666666666666666
2013-06,-0.032320633413982953,0.01,0.6666666666666666
2013-07,0.043565616666690545,0.01,0.6666666666666666
2013-08,-0.005235705810670285,0.01,0.6666666666666666
2013-09,0.036825909775971305,0.01,0.6666666666666666
2013-10,0.026800545413903754,0.01,0.6666666666666666
2013-11,0.046529929573400325,0.01,0.6666666666666666
2013-12,0.014707271485812867,0.01,0.6666666666666666
2014-01,-0.014869093382104504,0.01,0.6666666666666666
2014-02,0.06028610626830894,0.01,0.6666666666666666
2014-03,-0.05296459665487809,0.01,0.6666666666666666
2014-04,-0.02503776657588354,0.01,0.6666666666666666
2014-05,0.03259770721036354,0.01,0.6666666666666666
2014-06,0.02457105694281009,0.01,0.6666666666666666
2014-07,0.036083786854731056,0.01,0.6666666666666666
2014-08,0.02435802479834974,0.01,0.6666666666666666
2014-09,-0.04845605015609886,0.01,0.6666666666666666
2014-10,0.049842811647798295,0.01,0.6666666666666666
2014-11,-0.01607471760068469,0.01,0.6666666666666666
2014-12,-0.052954486837573644,0.01,0.6666666666666666
2015-01,0.05767805588651962,0.01,0.6666666666666666
2015-02,0.0008198087021479838,0.01,0.6666666666666666
2015-03,0.028838789372497942,0.01,0.6666666666666666
2015-04,0.12033842413261395,0.01,0.6666666666666666
2015-05,-0.027181941031860873,0.01,0.6666666666666666
2015-06,-0.05219255770605438,0.01,0.6666666666666666
2015-07,-0.05688517115283105,0.01,0.6666666666666666
2015-08,-0.0944441004888131,0.01,0.6666666666666666
2015-09,-0.001531369592124879,0.01,0.6666666666666666
2015-10,0.07135477287176875,0.01,0.6666666666666666
2015-11,0.0011204321607532104,0.01,0.6666666666666666
2015-12,-0.0071031906051743175,0.01,0.6666666666666666
2016-01,-0.10464037914411681,0.01,0.6666666666666666
2016-02,-0.022999425602278044,0.01,0.6666666666666666
2016-03,0.08888859456937558,0.01,0.6666666666666666
2016-04,-0.01778138407972506,0.01,0.6666666666666666
2016-05,0.03001734169524411,0.01,0.6666666666666666
2016-06,-0.0024553610852074553,0.01,0.6666666666666666
2016-07,0.05268582711168666,0.01,0.6666666666666666
2016-08,0.06419808440302754,0.01,0.6666666666666666
2016-09,0.017503890413087548,0.01,0.6666666666666666
2016-10,-0.022310749386714224,0.01,0.6666666666666666
2016-11,-0.020130494021145737,0.01,0.6666666666666666
2016-12,-0.03958984482614037,0.01,0.6666666666666666
2017-01,0.06172286908998453,0.01,0.6666666666666666
2017-02,0.025690507652159827,0.01,0.6666666666666666
2017-03,0.04287878053920979,0.01,0.6666666666666666
2017-04,0.03325344849444419,0.01,0.6666666666666666
2017-05,0.04221586978296702,0.01,0.6666666666666666
2017-06,0.017699980272116417,0.01,0.6666666666666666
2017-07,0.05795154079783012,0.01,0.6666666666666666
2017-08,0.0350079356224433,0.01,0.6666666666666666
2017-09,0.015076311085984354,0.01,0.6666666666666666
2017-10,0.031288913296097454,0.01,0.6666666666666666
2017-11,0.03706905534104167,0.01,0.6666666666666666
2017-12,0.030714728234674787,0.01,0.6666666666666666
2018-01,0.07657676114164814,0.01,0.6666666666666666
2018-02,-0.04080755324229094,0.01,0.6666666666666666
2018-03,-0.009340248957783353,0.01,0.6666666666666666
2018-04,-0.009298393401847436,0.01,0.6666666666666666
2018-05,0.0409279714881943,0.01,0.6666666666666666
2018-06,-0.05862945811095484,0.01,0.6666666666666666
2018-07,-0.038582227081105376,0.01,0.6666666666666666
2018-08,-0.040783225868227094,0.01,0.6666666666666666
2018-09,-0.025415133060059176,0.01,0.6666666666666666
2018-10,-0.11910124394788632,0.01,0.6666666666666666
2018-11,0.07271335052130834,0.01,0.6666666666666666
2018-12,-0.053549848954331215,0.01,0.6666666666666666
2019-01,0.08777532047304247,0.01,0.6666666666666666
2019-02,0.026101095650065822,0.01,0.6666666666666666
2019-03,0.015362640418575699,0.01,0.6666666666666666
2019-04,0.0038629031417795395,0.01,0.6666666666666666
2019-05,-0.08748060744078134,0.01,0.6666666666666666
2019-06,0.04614177319988477,0.01,0.6666666666666666
2019-07,-0.008254001780925922,0.01,0.6666666666666666
2019-08,-0.04425758759516863,0.01,0.6666666666666666
2019-09,-0.0008334812997279886,0.01,0.6666666666666666
2019-10,0.040577674573380046,0.01,0.6666666666666666
2019-11,-0.01424435668338918,0.01,0.6666666666666666
2019-12,0.06959812622528389,0.01,0.6666666666666666
2020-01,-0.051718779037990444,0.01,0.6666666666666666
2020-02,0.013787377805370421,0.01,0.6666666666666666
2020-03,-0.08734493396261316,0.01,0.6666666666666666
2020-04,0.08667832157457728,0.01,0.6666666666666666
2020-05,-0.0054781653063010576,0.01,0.6666666666666666
2020-06,0.11472645712949617,0.01,0.6666666666666666
2020-07,0.07283427438808102,0.01,0.6666666666666666
2020-08,0.03702911661913702,0.01,0.6666666666666666
2020-09,-0.04017185858317834,0.01,0.6666666666666666
2020-10,0.03773679176769712,0.01,0.6666666666666666
2020-11,0.06649599243066787,0.01,0.6666666666666666
2020-12,0.07093282116024081,0.01,0.6666666666666666
2021-01,0.056112875952279394,0.01,0.6666666666666666
2021-02,0.0051203285305336165,0.01,0.6666666666666666
2021-03,-0.0387704406609546,0.01,0.6666666666666666
2021-04,0.03489306179510706,0.01,0.6666666666666666
2021-05,0.03423185095574327,0.01,0.6666666666666666
2021-06,-0.0011042402078133926,0.01,0.6666666666666666
2021-07,-0.10266360095515487,0.01,0.6666666666666666
2021-08,0.02015208592223197,0.01,0.6666666666666666
2021-09,-0.05570081558964419,0.01,0.6666666666666666
2021-10,-0.0011180424090638554,0.01,0.6666666666666666
2021-11,-0.041622653280054114,0.01,0.6666666666666666
2021-12,-0.019256507390846812,0.01,0.6666666666666666
2022-01,-0.04483091650769724,0.01,0.6666666666666666
2022-02,-0.0022727366042353397,0.01,0.6666666666666666
2010-01,-0.08244029753656085,0.01,1.0
2010-02,0.03768270194300904,0.01,1.0
2010-03,0.057674106297308125,0.01,1.0
2010-04,0.043325412772691786,0.01,1.0
2010-05,-0.06399199959149027,0.01,1.0
2010-06,0.04825957471534369,0.01,1.0
2010-07,-0.016761077724454284,0.01,1.0
2010-08,0.0054030940068589975,0.01,1.0
2010-09,0.09282275694665769,0.01,1.0
2010-10,-0.034447516928097145,0.01,1.0
2010-11,-0.041063113863048575,0.01,1.0
2010-12,-0.031418287664573614,0.01,1.0
2011-01,-0.05810004882489639,0.01,1.0
2011-02,-0.01232231781568427,0.01,1.0
2011-03,0.03470437490458787,0.01,1.0
2011-04,0.030380634171267774,0.01,1.0
2011-05,0.02901391382228368,0.01,1.0
2011-06,-0.022527863184907692,0.01,1.0
2011-07,-0.01620614336609756,0.01,1.0
2011-08,-0.06408584412295273,0.01,1.0
2011-09,-0.05419502843684504,0.01,1.0
2011-10,-0.0063226287485353035,0.01,1.0
2011-11,0.006685627553890695,0.01,1.0
2011-12,-0.023171186506265692,0.01,1.0
2012-01,-0.01599491263422681,0.01,1.0
2012-02,0.03669263734892857,0.01,1.0
2012-03,0.04158003955850073,0.01,1.0
2012-04,0.026398460718369272,0.01,1.0
2012-05,-0.09325552199000066,0.01,1.0
2012-06,0.054406056112123846,0.01,1.0
2012-07,0.03224564240659597,0.01,1.0
2012-08,0.03908290336302775,0.01,1.0
2012-09,-0.0019230535821583676,0.01,1.0
2012-10,-0.018940661202073092,0.01,1.0
2012-11,-0.02093658000481885,0.01,1.0
2012-12,-0.026419091292623726,0.01,1.0
2013-01,0.05982684524770248,0.01,1.0
2013-02,0.020094583366620997,0.01,1.0
2013-03,0.02588950595590985,0.01,1.0
2013-04,0.04604541269943435,0.01,1.0
2013-05,0.057676903039243436,0.01,1.0
2013-06,-0.010610665939058884,0.01,1.0
2013-07,0.04660622231167455,0.01,1.0
2013-08,-0.017473275409781913,0.01,1.0
2013-09,0.034588246484212444,0.01,1.0
2013-10,0.02813894395242375,0.01,1.0
2013-11,0.051189095743756435,0.01,1.0
2013-12,0.029568010118313538,0.01,1.0
2014-01,-0.0005599870612317641,0.01,1.0
2014-02,0.07195384540908832,0.01,1.0
2014-03,-0.06284467950600843,0.01,1.0
2014-04,-0.03119505904688264,0.01,1.0
2014-05,0.03778386866768107,0.01,1.0
2014-06,0.02884434875532689,0.01,1.0
2014-07,0.021527493031460877,0.01,1.0
2014-08,0.03204470859160166,0.01,1.0
2014-09,-0.04502271083250364,0.01,1.0
2014-10,0.05781645017411283,0.01,1.0
2014-11,-0.019551382662924416,0.01,1.0
2014-12,-0.0653413903900077,0.01,1.0
2015-01,0.07354897134680191,0.01,1.0
2015-02,-0.004739562565081251,0.01,1.0
2015-03,0.032700376366339934,0.01,1.0
2015-04,0.10379203752993403,0.01,1.0
2015-05,-0.029082034867663982,0.01,1.0
2015-06,-0.04715613023340482,0.01,1.0
2015-07,-0.04251644990552586,0.01,1.0
2015-08,-0.08651966958474805,0.01,1.0
2015-09,0.008973347233892152,0.01,1.0
2015-10,0.06505042543925135,0.01,1.0
2015-11,0.01903671718573865,0.01,1.0
2015-12,-0.008169240157678236,0.01,1.0
2016-01,-0.10093311204066571,0.01,1.0
2016-02,-0.03479532221514765,0.01,1.0
2016-03,0.08223297400860903,0.01,1.0
2016-04,-0.03241668642313657,0.01,1.0
2016-05,0.05324843294424228,0.01,1.0
2016-06,-0.010783734275951914,0.01,1.0
2016-07,0.06413642817791632,0.01,1.0
2016-08,0.07475718280358086,0.01,1.0
2016-09,0.019261744604733046,0.01,1.0
2016-10,-0.02885405816499602,0.01,1.0
2016-11,-0.034111926881378166,0.01,1.0
2016-12,-0.041380469354502535,0.01,1.0
2017-01,0.05696715644013826,0.01,1.0
2017-02,0.02796514069166272,0.01,1.0
2017-03,0.05511191071745705,0.01,1.0
2017-04,0.046181605344761525,0.01,1.0
2017-05,0.05074732899562394,0.01,1.0
2017-06,0.02006824527519978,0.01,1.0
2017-07,0.06349437121231738,0.01,1.0
2017-08,0.03516416776272364,0.01,1.0
2017-09,0.01220127609263327,0.01,1.0
2017-10,0.036682842934359375,0.01,1.0
2017-11,0.051451981496930574,0.01,1.0
2017-12,0.026769395693157144,0.01,1.0
2018-01,0.07504713818015024,0.01,1.0
2018-02,-0.03915408274052569,0.01,1.0
2018-03,-0.006940097146126111,0.01,1.0
2018-04,-0.022457137388873043,0.01,1.0
2018-05,0.046308678383209304,0.01,1.0
2018-06,-0.05791964089834064,0.01,1.0
2018-07,-0.04905767955353064,0.01,1.0
2018-08,-0.043391479225202485,0.01,1.0
2018-09,-0.03578306593363126,0.01,1.0
2018-10,-0.12356893721357604,0.01,1.0
2018-11,0.08090933517849408,0.01,1.0
2018-12,-0.05606865477772535,0.01,1.0
2019-01,0.09043464300526485,0.01,1.0
2019-02,0.021924082906781057,0.01,1.0
2019-03,0.012937388216508578,0.01,1.0
2019-04,0.004391753012086398,0.01,1.0
2019-05,-0.08712252291181967,0.01,1.0
2019-06,0.04464925400867577,0.01,1.0
2019-07,-0.005407449058440741,0.01,1.0
2019-08,-0.04274469677984082,0.01,1.0
2019-09,-0.004341270393741407,0.01,1.0
2019-10,0.04403455826058003,0.01,1.0
2019-11,-0.011745671733972802,0.01,1.0
2019-12,0.06791043418944284,0.01,1.0
2020-01,-0.04441045519335621,0.01,1.0
2020-02,0.01982269153923791,0.01,1.0
2020-03,-0.07641548692451888,0.01,1.0
2020-04,0.09089996315975274,0.01,1.0
2020-05,0.007722157282674507,0.01,1.0
2020-06,0.1405992863308604,0.01,1.0
2020-07,0.07469017243220784,0.01,1.0
2020-08,0.03981282638407046,0.01,1.0
2020-09,-0.03834927919418788,0.01,1.0
2020-10,0.049393198716818416,0.01,1.0
2020-11,0.05182109007205073,0.01,1.0
2020-12,0.082682600203763,0.01,1.0
2021-01,0.06580042849914652,0.01,1.0
2021-02,-0.018450890582824436,0.01,1.0
2021-03,-0.04253134788406507,0.01,1.0
2021-04,0.037157391598951185,0.01,1.0
2021-05,0.03688788383812247,0.01,1.0
2021-06,-0.0010923918942577753,0.01,1.0
2021-07,-0.1185028641057061,0.01,1.0
2021-08,0.01716705888565796,0.01,1.0
2021-09,-0.06467028598249243,0.01,1.0
2021-10,-0.003674440259559585,0.01,1.0
2021-11,-0.039839664161516915,0.01,1.0
2021-12,-0.02459917095299656,0.01,1.0
2022-01,-0.06172022820903079,0.01,1.0
2022-02,-0.0041225771980605355,0.01,1.0
