,.dMIEF00000G,.dMIEA00000G,US10YT=RR,.DXY
1999-01-01,,,0.04658,
1999-01-08,0.049108868,0.038950038,0.0487,
1999-01-15,-0.041200613,-0.036498334,0.04685,
1999-01-22,0.004714638,-0.003531096,0.04629,
1999-01-29,0.038556681,0.02299676,0.04653,
1999-02-05,-0.010686867,-0.014808894,0.04945,
1999-02-12,0.025211552,-0.006215444,0.05061,
1999-02-19,-0.003426903,0.004668495,0.05078,
1999-02-26,0.010969242,0.019155032,0.05294,
1999-03-05,0.027427529,0.013918635,0.0532,
1999-03-12,0.0449701,0.019878,0.05147,
1999-03-19,0.037487006,0.013109049,0.05181,
1999-03-26,-0.011135837,-0.014178722,0.05208,
1999-04-02,0.021233489,0.025558157,0.05276,
1999-04-09,0.029219264,0.027411408,0.05057,
1999-04-16,0.047280321,-0.003363192,0.05219,
1999-04-23,0.002219599,0.00207374,0.0525,
1999-04-30,0.017382958,0.016132294,0.0535,
1999-05-07,0.063566529,-0.00893787,0.0554,
1999-05-14,-0.00859446,-0.01276878,0.05628,
1999-05-21,-0.020116853,0.000771116,0.05512,
1999-05-28,-0.031208824,-0.020147014,0.05624,
1999-06-04,0.038290016,0.020754235,0.05809,
1999-06-11,0.023672625,0.024373183,0.06037,
1999-06-18,0.030596244,0.013841341,0.05827,
1999-06-25,-0.003249151,-0.009438341,0.06016,
1999-07-02,0.044440276,0.027551133,0.05836,
1999-07-09,0.014895328,0.006777994,0.05832,
1999-07-16,-0.01245132,0.003428353,0.05671,
1999-07-23,-0.032452977,-0.046907985,0.05842,
1999-07-30,-0.015284723,0.004360263,0.05902,
1999-08-06,-0.028299983,-0.028082277,0.06038,
1999-08-13,0.018055344,0.024821734,0.05979,
1999-08-20,0.005649808,0.014523968,0.0587,
1999-08-27,0.032353847,0.012673517,0.05861,
1999-09-03,-0.012993791,-0.004599342,0.05886,
1999-09-10,0.018183517,0.00767073,0.05902,
1999-09-17,-0.012500483,-0.020210983,0.05869,
1999-09-24,-0.011593424,-0.026788218,0.05773,
1999-10-01,-0.016369366,0.011644166,0.05973,
1999-10-08,0.03122615,0.025158877,0.06037,
1999-10-15,-0.020858955,-0.032667265,0.06075,
1999-10-22,-0.001043218,0.017233667,0.06196,
1999-10-29,0.014106298,0.032494735,0.06028,
1999-11-05,0.048056034,0.017282733,0.05926,
1999-11-12,0.019133763,0.01681724,0.0593,
1999-11-19,0.015594853,0.022459541,0.06067,
1999-11-26,-0.002273126,0.01084321,0.06119,
1999-12-03,0.027118193,0.006436976,0.06167,
1999-12-10,0.02052542,0.003608318,0.06072,
1999-12-17,-0.002949351,0.008473556,0.06291,
1999-12-24,0.030442579,0.028570488,0.06085,
1999-12-31,0.041655574,0.02481909,0.06435,
2000-01-07,0.00116085,-0.051935372,0.06513,
2000-01-14,0.046505352,0.034203773,0.06688,0.009126984
2000-01-21,-0.014234545,-0.024229847,0.06772,0.000393236
2000-01-28,-0.007585322,0.015226292,0.06658,0.02672956
2000-02-04,0.029769801,0.028693089,0.06558,-0.00181853
2000-02-11,0.024747393,0.00638297,0.06595,-0.000958865
2000-02-18,-0.018251299,-0.010257506,0.06483,0.004223054
2000-02-25,-0.024138337,0.012773271,0.06337,0.006021218
2000-03-03,0.021296678,0.023430356,0.06379,0.007030211
2000-03-10,0.002594195,-0.004293324,0.06387,-0.002735849
2000-03-17,-0.035177616,-0.012570486,0.06204,-0.00482452
2000-03-24,0.02721854,0.017740314,0.06191,-0.004087452
2000-03-31,-0.025393419,-0.006261871,0.06002,0.00639496
2000-04-07,0.004439614,-0.001720967,0.05845,0.005026555
2000-04-14,-0.066157134,-0.035428371,0.058602,-0.002076059
2000-04-21,-0.025620715,0.002684834,0.06,0.01607565
2000-04-28,0.009273553,0.023128704,0.062182,0.0250349
2000-05-05,-0.003354843,0.011035052,0.065113,0.010622844
2000-05-12,-0.027262044,-0.013449786,0.065245,-0.012667325
2000-05-19,-0.00897847,-0.028989764,0.064982,0.014285714
2000-05-26,-0.036650575,-0.009188989,0.063273,-0.021081905
2000-06-02,0.084874818,0.055994698,0.061692,-0.009164223
2000-06-09,0.014421851,-0.007618548,0.061262,-0.01045135
2000-06-16,-0.022427493,-0.012065556,0.059796,-0.009627068
2000-06-23,-0.005870232,-0.000174581,0.061852,0.019346923
2000-06-30,0.009575596,-0.000465631,0.06027,-0.01083233
2000-07-07,0.013858818,0.019367612,0.060148,0.00758143
2000-07-14,0.007784849,0.004071078,0.061005,0.007431491
2000-07-21,-0.02604805,-0.018668477,0.059977,-0.000276625
2000-07-28,-0.045959151,-0.027287028,0.060356,0.012174875
2000-08-04,0.007631763,0.002368171,0.059055,0.010114817
2000-08-11,0.00471403,0.017798602,0.057906,0.003247632
2000-08-18,0.009323628,0.008545045,0.057769,-0.001798399
2000-08-25,-0.005661706,0.008970809,0.05733,0.003062787
2000-09-01,-0.006855349,0.012492632,0.05685,0.000628648
2000-09-08,-0.003284,-0.016371939,0.057368,0.026207144
2000-09-15,-0.02721806,-0.016217857,0.058373,0.013993353
2000-09-22,-0.06409645,-0.0305328,0.058479,-0.020527859
2000-09-29,0.01873751,0.005677537,0.058078,-0.002729834
2000-10-06,-0.00383412,0.01014905,0.058205,0.014128035
2000-10-13,-0.062434183,-0.034805821,0.05732,0.008794079
2000-10-20,0.014819907,0.008161487,0.056377,0.011220438
2000-10-27,0.000745035,0.011780339,0.057276,0.001963127
2000-11-03,0.030457029,0.017190811,0.05827,-0.020615044
2000-11-10,-0.009713198,-0.017280508,0.057974,0.007132295
2000-11-17,-0.027030362,-0.005263625,0.057064,0.013127213
2000-11-24,-0.035754605,-0.012013192,0.056368,0.009973574
2000-12-01,-0.028480134,-0.007320164,0.055175,-0.031650912
2000-12-08,0.052743564,0.000780792,0.052986,-0.005926959
2000-12-15,-0.020067395,-0.016577847,0.051801,-0.010083297
2000-12-22,-0.030375742,-0.023800029,0.050142,-0.018423384
2000-12-29,0.01026876,0.022681831,0.051116,-0.011369789
2001-01-05,0.045498653,-0.001631349,0.049286,-0.010405257
2001-01-12,0.018701218,-0.008852315,0.052546,0.008669987
2001-01-19,0.049104433,0.015483323,0.051702,0.011887345
2001-01-26,0.002166757,0.003548206,0.052658,0.007229351
2001-02-02,0.010993349,-0.008071981,0.051585,-0.010227884
2001-02-09,-0.020447659,-0.017410238,0.050321,0.010877447
2001-02-16,0.002194568,-0.013479407,0.051108,0.006635581
2001-02-23,-0.041872596,-0.026121684,0.051007,-0.002048815
2001-03-02,-0.01903411,-0.010543704,0.049455,-0.007676515
2001-03-09,0.010104765,0.014319079,0.049392,0.002428713
2001-03-16,-0.041484706,-0.049342733,0.047679,0.034816942
2001-03-23,-0.022872093,-0.008414185,0.04813,0.005376344
2001-03-30,-0.009593195,0.033066953,0.049146,0.012333966
2001-04-06,-0.02341769,-0.000195896,0.048903,-0.02232257
2001-04-13,0.024552035,0.020969557,0.051772,0.006884532
2001-04-20,0.024909775,0.017954772,0.052938,-0.010559114
2001-04-27,0.01159576,0.015406469,0.053236,0.011371589
2001-05-04,0.014211898,0.004183938,0.052091,-0.005967826
2001-05-11,-0.002660677,0.000885759,0.054431,0.016618811
2001-05-18,0.017678672,0.004446354,0.054012,-0.003680246
2001-05-25,0.013363052,-0.002771481,0.055023,0.015204879
2001-06-01,-0.01126101,-0.022104803,0.053748,0.006007785
2001-06-08,0.013727021,0.01151714,0.05367,0.002691564
2001-06-15,-0.01825315,-0.039785981,0.052427,-0.007717473
2001-06-22,-0.011591272,3.61e-05,0.051236,0.005241356
2001-06-29,0.000728136,0.003445224,0.054044,0.004373055
2001-07-06,-0.021475479,-0.032507009,0.053618,0.00393536
2001-07-13,-0.020390703,0.000241855,0.052279,-0.004753962
2001-07-20,-0.020544959,-0.022435912,0.051273,-0.017765859
2001-07-27,0.006371476,-0.000271129,0.050961,-0.002303558
2001-08-03,0.021778497,0.02025455,0.051643,-0.006841115
2001-08-10,-0.017856029,-0.030723026,0.049845,-0.007318753
2001-08-17,-0.002517903,-0.011248821,0.048407,-0.019949692
2001-08-24,-0.00345823,0.014096912,0.049278,0.003009116
2001-08-31,0.004127384,-0.031655015,0.0484,0.000794141
2001-09-07,-0.025587261,-0.047223571,0.04788,0.005554576
2001-09-14,-0.090497262,-0.0782781,0.0456,0.004559404
2001-09-21,-0.051182545,-0.067569474,0.046905,-0.013354281
2001-09-28,0.009960903,0.094142209,0.045902,0.003892427
2001-10-05,0.028777927,0.026154961,0.045078,-0.005022912
2001-10-12,0.034769305,0.027164539,0.046752,0.008679479
2001-10-19,0.004103158,-0.018711695,0.046195,0.00851699
2001-10-26,0.029389445,0.039612855,0.045211,0.006877938
2001-11-02,-0.005746217,-0.027327717,0.043635,-0.009597925
2001-11-09,0.029379098,0.024377991,0.043106,0.004801816
2001-11-16,0.040074193,0.019812611,0.048482,0.011469285
2001-11-23,0.021597899,0.007101892,0.050113,0.007903101
2001-11-30,-0.013217132,-0.012857114,0.047537,-0.010227563
2001-12-07,0.087382911,0.021028727,0.051646,0.000172221
2001-12-14,-0.016778094,-0.04312116,0.051901,-0.010503659
2001-12-21,-0.005147746,0.018276953,0.05086,0.017836944
2001-12-28,0.03186847,0.01464266,0.051134,0.002393572
2002-01-04,0.052589574,0.022164046,0.051251,-0.007931093
2002-01-11,-0.014117836,-0.026613305,0.048718,0.002664833
2002-01-18,-0.015996381,-0.012481622,0.048927,0.007458848
2002-01-25,0.025968647,0.005867918,0.050695,0.019913199
2002-02-01,-0.001729385,-0.010258714,0.049841,-0.000500626
2002-02-08,-0.004089883,-0.019915326,0.04881,-0.006761833
2002-02-15,0.026424222,0.01777869,0.04863,-0.003193814
2002-02-22,-0.02024427,-0.020993807,0.048349,-0.001011804
2002-03-01,0.027191391,0.039761956,0.049837,0.007765024
2002-03-08,0.030177234,0.041603397,0.053251,-0.011809045
2002-03-15,0.003490419,-0.004792807,0.053333,-0.006525977
2002-03-22,0.012596449,-0.004443552,0.054033,0.007080703
2002-03-29,-0.000810894,0.0072733,0.05406,0.004828463
2002-04-05,0.005906059,-0.011456517,0.052066,-0.007840162
2002-04-12,-0.0043684,-0.017366637,0.051567,0.000424845
2002-04-19,0.0296882,0.023185869,0.052007,-0.012315271
2002-04-26,-0.017122164,-0.019740658,0.050577,-0.01074899
2002-05-03,-0.012757789,-0.004172057,0.050564,-0.012604312
2002-05-10,-0.013459602,-0.003983081,0.051188,0.003169293
2002-05-17,0.028297542,0.019747319,0.052559,-0.00833699
2002-05-24,-0.011999913,-0.008140601,0.051461,-0.001769912
2002-05-31,-0.034241703,-0.016789711,0.050446,-0.008776596
2002-06-07,-0.009460535,-0.034986579,0.050651,-0.00733387
2002-06-14,-0.001206594,-0.045932505,0.048008,-0.002072259
2002-06-21,-0.03719242,-0.020778231,0.047636,-0.023203322
2002-06-28,-0.034572756,0.021083794,0.048088,-0.019225437
2002-07-05,0.038112217,0.00286063,0.04862,0.014701725
2002-07-12,-0.004531113,-0.062423939,0.04574,-0.016531996
2002-07-19,-0.024846772,-0.045107218,0.045184,-0.017282085
2002-07-26,-0.073230673,-0.043055462,0.043865,0.024505093
2002-08-02,0.001810872,0.013568495,0.042947,0.000562799
2002-08-09,0.00538896,0.046457652,0.042575,0.014437049
2002-08-16,0.020898623,-0.002854234,0.043269,-0.013769522
2002-08-23,0.01744442,0.022631832,0.042379,0.011712894
2002-08-30,-0.018145707,-0.033963071,0.041297,-0.009169214
2002-09-06,-0.025111368,-0.033379266,0.040153,-0.001308656
2002-09-13,0.01505718,-0.013937504,0.039083,0.011418944
2002-09-20,-0.024969098,-0.037162773,0.037845,-0.004904683
2002-09-27,-0.028613405,0.008043866,0.03663,0.0
2002-10-04,-0.006928073,-0.039093775,0.036693,0.000650981
2002-10-11,-0.040976493,0.013522211,0.038035,-0.003252788
2002-10-18,0.074618083,0.056931386,0.041093,0.011841492
2002-10-25,0.002723771,-0.018359766,0.040973,-0.005528935
2002-11-01,0.001954096,-0.000921338,0.040052,-0.017049666
2002-11-08,0.02729461,-0.003234242,0.038426,-0.014894419
2002-11-15,0.000898553,0.013282933,0.040325,0.005167464
2002-11-22,0.012797903,0.029354603,0.041834,0.010281797
2002-11-29,0.006016545,0.011892317,0.042109,0.002732755
2002-12-06,0.002588234,-0.037812285,0.04089,-0.009867494
2002-12-13,-0.012978766,-0.031808214,0.040711,-0.01309795
2002-12-20,0.008084022,-0.004362057,0.039636,-0.005000962
2002-12-27,-0.015645687,-0.01067952,0.038106,-0.01014885
2003-01-03,0.003600978,0.036840166,0.040193,0.00058588
2003-01-10,0.003542173,-0.006061164,0.041398,-0.012101103
2003-01-17,0.004600297,-0.018347348,0.040174,-0.006717376
2003-01-24,-0.021777708,-0.039006064,0.039365,-0.01322725
2003-01-31,-0.016592332,-0.017252028,0.039659,0.006954243
2003-02-07,-0.017558529,-0.014191033,0.039319,-0.003403063
2003-02-14,-0.011136122,0.011584354,0.039629,0.004720297
2003-02-21,0.020035073,0.004562057,0.038925,0.0004998
2003-02-28,-0.018947632,-0.020182937,0.03692,-0.003796583
2003-03-07,-0.023371531,-0.045934108,0.036444,-0.016748571
2003-03-14,0.00893965,0.023008931,0.037008,0.019889841
2003-03-21,0.02829571,0.064999255,0.041076,0.01930193
2003-03-28,-0.021599583,-0.02924562,0.039029,-0.019230769
2003-04-04,0.010127879,0.018171199,0.039555,0.004901961
2003-04-11,0.005241716,-0.000609061,0.039745,-0.002687904
2003-04-18,0.030274442,0.020309677,0.039586,-0.008784188
2003-04-25,-0.040145953,-0.007382919,0.038904,-0.009466264
2003-05-02,0.031794848,0.023062176,0.039267,-0.016266775
2003-05-09,0.009700021,0.005861272,0.036819,-0.018396031
2003-05-16,0.017620583,0.012143794,0.03421,-0.009475679
2003-05-23,0.009951364,-0.014591185,0.033348,-0.010948129
2003-05-30,0.034624686,0.022667621,0.033728,0.00236432
2003-06-06,0.02671901,0.03479768,0.03354,0.002251528
2003-06-13,0.013224829,0.004438575,0.031157,-0.013478819
2003-06-20,0.019139638,0.017521918,0.033673,0.019735415
2003-06-27,-0.013629661,-0.014106435,0.035454,0.011803488
2003-07-04,0.028656684,0.003944685,0.036555,-0.006305833
2003-07-11,0.009271091,0.013538814,0.036293,0.013220518
2003-07-18,-0.002031077,-0.001068134,0.040016,0.011064718
2003-07-25,0.013653698,0.005981659,0.041781,-0.019615941
2003-08-01,0.014853801,0.005139524,0.0439,0.017902275
2003-08-08,-0.012359675,-0.006767895,0.0427,-0.003103662
2003-08-15,0.034925073,0.034270469,0.0453,0.003009548
2003-08-22,0.032283388,0.021175587,0.0448,0.022555613
2003-08-29,0.006012971,-0.009072581,0.0447,-0.007386421
2003-09-05,0.021967114,0.025635809,0.0435,-0.010295617
2003-09-12,-0.012347191,-0.007864919,0.0425,-0.0111237
2003-09-19,0.00523017,0.013366971,0.0416,-0.010936361
2003-09-26,-0.023023313,-0.037134617,0.04,-0.011478517
2003-10-03,0.027993235,0.028278689,0.042002,-0.00681794
2003-10-10,0.044231996,0.006892833,0.042553,-0.018341735
2003-10-17,0.017216906,0.013213961,0.043936,0.008413462
2003-10-24,-0.02399471,-0.031713567,0.042513,-0.010943764
2003-10-31,0.020245801,0.02164497,0.042966,0.015885188
2003-11-07,0.01847798,0.017701788,0.044406,0.003127359
2003-11-14,-0.001344978,-0.007447185,0.042229,-0.016985594
2003-11-21,-0.032509236,-0.025084948,0.041616,-0.009186352
2003-11-28,0.026032752,0.018099147,0.043341,-0.004304636
2003-12-05,0.009254775,0.01337504,0.042342,-0.011861213
2003-12-12,0.015747754,-0.00528169,0.042418,-0.0072919
2003-12-19,0.014454585,0.00915412,0.041356,-0.004294271
2003-12-26,0.008696472,0.005654479,0.041528,-0.005447736
2004-01-02,0.034658729,0.020775059,0.043739,-0.008102248
2004-01-09,0.03370816,0.006218278,0.040843,-0.020823746
2004-01-16,-0.006407705,0.010623167,0.040286,0.030783692
2004-01-23,0.017931252,0.0074186,0.040895,-0.013336373
2004-01-30,-0.02215231,-0.017164547,0.041339,0.007393715
2004-02-06,0.003801738,-0.001873144,0.040811,-0.01353211
2004-02-13,0.030496449,0.008925171,0.04053,-0.005347594
2004-02-20,-0.001489202,0.015783139,0.041057,0.019635344
2004-02-27,0.005432428,0.001879628,0.039716,0.000802384
2004-03-05,0.019188623,0.021292951,0.038549,0.009964494
2004-03-12,-0.036396041,-0.02623365,0.037866,0.010660014
2004-03-19,0.013772409,-0.003897276,0.03773,-0.010771993
2004-03-26,-0.019810192,0.005307141,0.03837,0.008280399
2004-04-02,0.036034644,0.025197292,0.041454,-0.004274947
2004-04-09,0.01180203,0.00415425,0.041927,0.005762061
2004-04-16,-0.01378024,0.001588758,0.043443,0.010334756
2004-04-23,-8.55e-05,0.012412443,0.044676,0.012675117
2004-04-30,-0.06750886,-0.022938223,0.045099,-0.006587615
2004-05-07,-0.011136006,-0.008393622,0.047751,0.007183908
2004-05-14,-0.052277308,-0.023424616,0.047718,0.005815867
2004-05-21,0.024220175,0.007552821,0.047598,-0.012764565
2004-05-28,0.024106968,0.010560859,0.046647,-0.017018455
2004-06-04,-0.026509845,0.003746504,0.047736,-0.004609331
2004-06-11,-0.005265639,0.013095907,0.048015,0.016602665
2004-06-18,-0.007896529,0.000928985,0.047176,-0.010332185
2004-06-25,0.029450139,0.006517956,0.046519,-0.002245173
2004-07-02,-0.008546356,-0.007445014,0.044599,-0.010238524
2004-07-09,-0.003437488,-0.009211117,0.044604,-0.006252131
2004-07-16,-0.002915517,-0.009328716,0.043549,-0.003202928
2004-07-23,-0.005517635,-0.00978763,0.044323,0.024328667
2004-07-30,0.007103177,0.014522427,0.044906,0.007842259
2004-08-06,-0.006962353,-0.023200912,0.042273,-0.017785683
2004-08-13,0.00839802,-0.011673216,0.042321,-0.005205976
2004-08-20,0.024395013,0.014384021,0.042908,0.002502844
2004-08-27,0.018684376,0.027403476,0.04192,0.018724467
2004-09-03,0.006306375,0.005251508,0.04289,-0.001559541
2004-09-10,0.014778454,0.00301165,0.04189,-0.013834654
2004-09-17,0.021575566,0.007678019,0.04112,0.005883018
2004-09-24,-0.002527873,-0.00932147,0.04033,-0.005736138
2004-10-01,0.020943518,0.017121532,0.04189,-0.008710407
2004-10-08,0.022172469,0.010155081,0.04129,-0.002054091
2004-10-15,-0.030539642,-0.017729073,0.04063,-0.004116638
2004-10-22,-0.004742015,-0.002053173,0.03978,-0.014008497
2004-10-29,0.008210865,0.00231982,0.04029,-0.01117969
2004-11-05,0.026042338,0.026029721,0.04177,-0.010599458
2004-11-12,0.012403979,0.008446248,0.04186,-0.00380907
2004-11-19,0.003618196,-0.002135628,0.04205,-0.004540566
2004-11-26,-0.001357781,-0.002748785,0.04234,-0.018365142
2004-12-03,0.01272478,0.007389288,0.04256,-0.009782343
2004-12-10,-0.020824004,-0.010076279,0.04155,0.019387503
2004-12-17,0.026621525,0.008062501,0.04203,-0.004724409
2004-12-24,0.010702738,0.01874804,0.04218,-0.011441091
2004-12-31,0.012626144,0.004757175,0.04222,-0.004555528
2005-01-07,-0.021210166,0.005125088,0.04275,0.034137291
2005-01-14,0.010397732,-0.00443024,0.0422,-0.006578161
2005-01-21,-0.003469836,-0.004548732,0.04144,0.002407898
2005-01-28,0.01338814,0.006177035,0.04146,0.002642325
2005-02-04,0.025666635,0.019018925,0.04083,0.010900815
2005-02-11,0.011338857,0.01527183,0.04092,0.002132954
2005-02-18,0.014184212,0.00299317,0.04264,-0.012770486
2005-02-25,0.022516319,-0.002513793,0.0427,-0.00994131
2005-03-04,0.005827366,0.012786432,0.04315,-0.00145173
2005-03-11,-0.002849765,-0.007516675,0.04546,-0.013569179
2005-03-18,-0.0240164,-0.00330812,0.04511,0.008720216
2005-03-25,-0.021205145,-0.001426547,0.04599,0.024351638
2005-04-01,0.012392979,0.000938104,0.04451,0.00356591
2005-04-08,0.00162673,0.013040272,0.04474,0.000473765
2005-04-15,-0.030822943,-0.024265507,0.04247,0.001065467
2005-04-22,-0.007670952,-0.01009294,0.04251,-0.012535478
2005-04-29,-0.009411884,-0.010093741,0.042,0.011137725
2005-05-06,0.0297622,0.02313405,0.04264,0.002131944
2005-05-13,-0.014658339,-0.005429512,0.04121,0.017610212
2005-05-20,0.01854614,0.013278629,0.04127,0.006155633
2005-05-27,0.010115802,0.009612911,0.04071,-0.002424103
2005-06-03,0.014108246,0.010257426,0.03981,0.018745661
2005-06-10,0.005286177,0.007080208,0.04055,0.007383008
2005-06-17,0.020320179,0.012692804,0.04076,-0.010824219
2005-06-24,-0.001947986,-0.000883817,0.03925,0.01196854
2005-07-01,0.007677673,0.012045211,0.04055,0.015206128
2005-07-08,0.003599032,0.003989928,0.04099,0.00133141
2005-07-15,0.024556242,0.011804932,0.04171,-0.005872576
2005-07-22,0.017281209,0.003896498,0.04222,-0.000891663
2005-07-29,0.013934401,0.010036504,0.04282,-0.003235163
2005-08-05,0.011401741,-0.00215883,0.04392,-0.014437605
2005-08-12,0.012796031,0.018264176,0.0425,-0.012264365
2005-08-19,-0.01520748,-0.000934693,0.04211,0.018395033
2005-08-26,0.000466321,-0.01110986,0.04192,-0.008128246
2005-09-02,0.023406015,0.014808748,0.04044,-0.01775552
2005-09-09,0.016959555,0.013725118,0.04124,0.006836616
2005-09-16,0.014322141,0.012015055,0.04279,0.013350213
2005-09-23,0.002967412,0.002435905,0.04251,0.013174333
2005-09-30,0.031294938,0.026633316,0.04332,0.003474947
2005-10-07,-0.030545187,-0.019969831,0.04362,-0.003909741
2005-10-14,-0.025856438,-0.00575638,0.04481,0.002018616
2005-10-21,-0.011985635,-0.018980172,0.04392,0.010744264
2005-10-28,-0.004515425,0.006573151,0.04569,-0.007972539
2005-11-04,0.052065141,0.042440104,0.04663,0.018640473
2005-11-11,0.010604776,0.009251863,0.04579,0.007889546
2005-11-18,0.019349392,0.01327405,0.04496,-0.000543596
2005-11-25,0.011286539,0.006408596,0.04435,0.001196563
2005-12-02,0.012382594,0.014672047,0.04515,-0.000977836
2005-12-09,0.009350958,1.56e-05,0.04533,-0.007612833
2005-12-16,0.006472955,0.001795262,0.04439,-0.016986301
2005-12-23,0.019679309,0.018130819,0.04376,0.01270903
2005-12-30,0.002193775,0.002957787,0.04395,0.003632761
2006-01-06,0.036168021,0.020483219,0.04383,-0.025446967
2006-01-13,0.012771454,-0.001532791,0.04357,0.000450197
2006-01-20,-0.002220933,-0.016115263,0.04355,0.000674992
2006-01-27,0.029162546,0.029599805,0.04515,0.00415964
2006-02-03,-0.013214443,0.002247274,0.04529,0.006381549
2006-02-10,0.001653921,-0.004521349,0.0459,0.007342307
2006-02-17,0.007093675,0.00306003,0.04539,0.000993926
2006-02-24,0.012508846,0.015068807,0.04577,-0.00033098
2006-03-03,-0.00139167,-0.009500142,0.04684,-0.010484494
2006-03-10,-0.032092252,0.011978973,0.04763,0.013272362
2006-03-17,0.032574804,0.014142177,0.04676,-0.021243808
2006-03-24,-0.002432971,0.010598316,0.04675,0.012932973
2006-03-31,0.014221623,0.005085976,0.04853,-0.003774842
2006-04-07,0.029113187,0.013136891,0.04986,-0.001114454
2006-04-14,-0.002789184,-0.01106748,0.05053,-0.00011157
2006-04-21,0.033440979,0.019083661,0.05016,-0.017518411
2006-04-28,-0.007316998,-0.014615897,0.05057,-0.022032936
2006-05-05,0.029095451,0.013228588,0.05106,-0.011496923
2006-05-12,-0.009195775,-0.023315301,0.052,-0.01362782
2006-05-19,-0.063986029,-0.039713325,0.05064,0.010957599
2006-05-26,-0.015672914,0.007750738,0.05056,0.004476909
2006-06-02,-0.00050988,-0.004750724,0.04994,-0.014191884
2006-06-09,-0.07419633,-0.038095343,0.04977,0.019869126
2006-06-16,0.004332017,-0.003598634,0.05135,0.002333178
2006-06-23,0.002148006,0.016536055,0.05228,0.01047486
2006-06-30,0.054317863,0.027314181,0.05145,-0.018428933
2006-07-07,0.003253891,0.00100228,0.05132,-0.00281624
2006-07-14,-0.030257503,-0.031923478,0.05067,0.013061897
2006-07-21,0.004501081,0.003724218,0.05049,-0.00185852
2006-07-28,0.033943076,0.036534041,0.04994,-0.005702316
2006-08-04,0.010897922,-0.000174793,0.04899,-0.010182584
2006-08-11,0.004070171,-0.005710914,0.04975,0.011233298
2006-08-18,0.013297609,0.029191118,0.04847,-0.005028064
2006-08-25,-0.006480603,-0.005007777,0.04785,0.003408156
2006-09-01,0.015240053,0.01274521,0.047236,-0.005153432
2006-09-08,-0.00740939,-0.009971072,0.047768,0.011890746
2006-09-15,0.00084094,0.002829152,0.047965,0.000465387
2006-09-22,-0.003493192,-0.006819904,0.045907,-0.009187115
2006-09-29,0.016991574,0.025281905,0.046335,0.009037559
2006-10-06,0.007498596,0.011455822,0.046962,0.005467023
2006-10-13,0.020142055,0.014635124,0.048017,0.007866728
2006-10-20,0.004523201,0.003605155,0.047915,-0.009756657
2006-10-27,0.004342364,0.004243483,0.046774,-0.008229976
2006-11-03,0.011930848,-0.00476599,0.04723,0.001753156
2006-11-10,0.016618139,0.005457415,0.045935,-0.007700385
2006-11-17,0.005112044,0.001032901,0.046052,0.003762493
2006-11-24,0.018867733,-0.009016756,0.045598,-0.01944477
2006-12-01,0.010583983,-0.006206509,0.044385,-0.014693585
2006-12-08,0.004862279,0.017667542,0.045496,0.010305529
2006-12-15,0.007423646,0.025119356,0.045988,0.00876035
2006-12-22,0.003796054,-0.00327221,0.046284,-0.001427552
2006-12-29,0.022037865,0.009275906,0.047002,-0.00262092
2007-01-05,-0.014600997,-0.000433922,0.046482,0.010869565
2007-01-12,-0.008037426,0.00840476,0.047831,0.004726456
2007-01-19,0.010607516,0.00828292,0.047833,-0.001999294
2007-01-26,0.010657587,0.000298548,0.048774,0.004949328
2007-02-02,0.016214028,0.015478127,0.048265,-0.003752345
2007-02-09,0.003068745,0.007180239,0.047857,-0.001059322
2007-02-16,0.013302198,0.007712679,0.046961,-0.009190527
2007-02-23,0.002645023,0.005455327,0.046723,-0.00023784
2007-03-02,-0.059639077,-0.049974296,0.045028,-0.0039253
2007-03-09,0.012700246,0.017094296,0.04591,0.005970862
2007-03-16,-0.005654998,-0.020781185,0.045494,-0.011989554
2007-03-23,0.038504382,0.041770176,0.046165,0.000600745
2007-03-30,0.006474647,-0.004165999,0.046483,-0.00420269
2007-04-06,0.017959223,0.014692474,0.047566,0.000723502
2007-04-13,0.018204555,0.005602851,0.047648,-0.010374744
2007-04-20,0.007045051,0.012043015,0.046743,-0.00591752
2007-04-27,-0.004155476,-0.004533803,0.046985,-0.001396323
2007-05-04,0.017755035,0.01662191,0.046442,0.002600302
2007-05-11,-0.003757417,-0.00222188,0.046757,0.004587661
2007-05-18,0.014892316,0.007981483,0.048062,0.000986409
2007-05-25,-0.002379483,0.000216117,0.048654,0.00163023
2007-06-01,0.023665647,0.020244579,0.049557,-0.000109315
2007-06-08,-0.012210896,-0.027152316,0.051074,0.004482398
2007-06-15,0.035075033,0.027922235,0.05169,0.001934914
2007-06-22,0.014005213,-0.010968454,0.051363,-0.006215978
2007-06-29,-0.005468925,0.000927892,0.050265,-0.005052468
2007-07-06,0.039684278,0.010402367,0.051866,-0.005554199
2007-07-13,0.031953056,0.004625668,0.05097,-0.010912662
2007-07-20,0.00266189,-0.01286472,0.049518,-0.003574265
2007-07-27,-0.04527503,-0.048882537,0.047631,0.008195496
2007-08-03,-0.007023489,-0.004592333,0.046781,-0.009500161
2007-08-10,-0.02495194,-0.022334698,0.048116,0.006261147
2007-08-17,-0.068419098,-0.029588529,0.046886,0.009258915
2007-08-24,0.076345934,0.043656243,0.046136,-0.009321347
2007-08-31,0.041897088,0.01539211,0.045272,0.001537184
2007-09-07,0.002417126,-0.023239731,0.043854,-0.010298177
2007-09-14,0.009657905,0.008958927,0.044564,-0.004277192
2007-09-21,0.038078477,0.022500324,0.046282,-0.012811334
2007-09-28,0.031745623,0.014789671,0.045944,-0.01117091
2007-10-05,0.029885164,0.019832264,0.046416,0.007578584
2007-10-12,0.022437285,0.011524571,0.046872,-0.001072687
2007-10-19,-0.009643283,-0.026265353,0.043973,-0.010444365
2007-10-26,0.029252959,0.006429561,0.044026,-0.004909117
2007-11-02,-0.002498842,-0.006515051,0.043184,-0.008957898
2007-11-09,-0.024304875,-0.036753264,0.042095,-0.01227452
2007-11-16,-0.020947722,-0.010104922,0.041747,0.00566313
2007-11-23,-0.040096321,-0.014174876,0.040065,-0.010207446
2007-11-30,0.041567366,0.040544945,0.039492,0.014576366
2007-12-07,0.029474507,0.012965628,0.041087,0.001851682
2007-12-14,-0.039212603,-0.022109359,0.042418,0.015048238
2007-12-21,-0.001968509,-0.008067571,0.041718,0.003680459
2007-12-28,0.01844868,0.005974436,0.04077,-0.019338403
2008-01-04,-0.016288806,-0.029889284,0.038746,-0.005576111
2008-01-11,-0.013244684,-0.024283996,0.03791,0.002440859
2008-01-18,-0.057025681,-0.044606191,0.036371,0.00533049
2008-01-25,-0.022574903,-0.011479658,0.035568,-0.005367687
2008-02-01,0.005420045,0.012272759,0.035963,-0.006949837
2008-02-08,-0.015255154,-0.040161283,0.036503,0.016236994
2008-02-15,0.030629499,0.013176668,0.037647,-0.007421416
2008-02-22,0.01157546,0.003618525,0.038054,-0.007634591
2008-02-29,0.007686753,0.001495475,0.035186,-0.023914195
2008-03-07,-0.039112299,-0.041346116,0.035411,-0.009319804
2008-03-14,-0.01733612,-0.015961225,0.03466,-0.018760185
2008-03-21,-0.034893612,-0.01243016,0.03341,0.015211354
2008-03-28,0.057846004,0.039012411,0.034414,-0.014694764
2008-04-04,0.021793935,0.040827095,0.034695,0.00478529
2008-04-11,0.01083972,-0.016528838,0.034788,-0.002957471
2008-04-18,0.01417984,0.024402729,0.037081,0.002840909
2008-04-25,0.011586373,0.013303235,0.038722,0.010803755
2008-05-02,0.017310992,0.024236321,0.038591,0.009754087
2008-05-09,-0.002113176,-0.010861733,0.037786,-0.006122449
2008-05-16,0.037363496,0.025372728,0.038541,-0.002819986
2008-05-23,-0.023151893,-0.025847016,0.038501,-0.013123936
2008-05-30,-0.003894194,0.008897658,0.040673,0.013785333
2008-06-06,-0.020253426,-0.019685265,0.039284,-0.006709752
2008-06-13,-0.043879608,-0.025607189,0.042605,0.024257494
2008-06-20,-0.017197697,-0.026007871,0.04168,-0.015051385
2008-06-27,-0.020971684,-0.025446189,0.03969,-0.009174312
2008-07-04,-0.05088001,-0.024177175,0.039866,0.005127142
2008-07-11,0.004731327,-0.022054248,0.039731,-0.008730803
2008-07-18,-0.020784981,0.0139713,0.040887,0.001289947
2008-07-25,0.000881921,0.012400528,0.041029,0.009295045
2008-08-01,0.004054598,-0.009172219,0.039424,0.007740873
2008-08-08,-0.021126638,0.019105298,0.039352,0.03297287
2008-08-15,-0.00711216,-0.005513418,0.038443,0.017601688
2008-08-22,-0.017978516,-0.011864278,0.038742,-0.004858772
2008-08-29,0.009596949,0.023863998,0.038247,0.007499512
2008-09-05,-0.062087937,-0.059199593,0.036986,0.02004368
2008-09-12,-0.015214385,0.019745532,0.037224,0.000430751
2008-09-19,-0.004531343,-0.016023503,0.038162,-0.01628549
2008-09-26,-0.021825443,-0.025471444,0.038577,-0.009358908
2008-10-03,-0.070326824,-0.041333713,0.036031,0.043663015
2008-10-10,-0.158358463,-0.205202423,0.038762,0.033419247
2008-10-17,-0.037777777,0.042574665,0.039376,-0.007036399
2008-10-24,-0.129363207,-0.073513143,0.036818,0.04886365
2008-10-31,0.15495208,0.096671476,0.039703,-0.009335956
2008-11-07,-0.003995831,0.004682979,0.037929,0.003199701
2008-11-14,-0.041236347,-0.046651648,0.037311,0.005331347
2008-11-21,-0.087536037,-0.095932298,0.032225,0.021142824
2008-11-28,0.101887353,0.100855159,0.0292,-0.018981529
2008-12-05,-0.032768743,-0.063588675,0.027003,0.006981287
2008-12-12,0.074424492,0.049841598,0.025756,-0.039140965
2008-12-19,0.032882426,0.011737051,0.021312,-0.03154902
2008-12-26,-0.04500695,-0.010149451,0.021367,-0.001233502
2009-01-02,0.051829811,0.049403803,0.023605,0.006557984
2009-01-09,-0.009500083,-0.005737596,0.023934,0.012048932
2009-01-16,-0.047061449,-0.062937243,0.023422,0.018937236
2009-01-23,-0.043065709,-0.045245041,0.026155,0.018287822
2009-01-30,0.04296962,0.032653414,0.028509,0.002944544
2009-02-06,0.044377367,0.019875188,0.029882,-0.006384416
2009-02-13,0.00098601,-0.025694259,0.028949,0.00948573
2009-02-20,-0.066525701,-0.064581067,0.027915,0.005784308
2009-02-27,-0.004267913,-0.00566489,0.030205,0.018165441
2009-03-06,-0.013983534,-0.069625977,0.028735,0.004378105
2009-03-13,0.058624211,0.055545836,0.028957,-0.014691932
2009-03-20,0.022660956,0.036219651,0.026326,-0.040606984
2009-03-27,0.066730405,0.044545158,0.027625,0.017130979
2009-04-03,0.028636739,0.032311671,0.02895,-0.011345752
2009-04-10,0.019519084,0.009812594,0.029281,0.016168504
2009-04-17,0.019586433,0.029407444,0.029507,0.004197014
2009-04-24,0.007044335,-0.002949229,0.029978,-0.013737543
2009-05-01,0.011465024,0.022025614,0.031571,-0.002053921
2009-05-08,0.074849759,0.054694267,0.032893,-0.024816068
2009-05-15,-0.020861421,-0.028601778,0.031341,0.006113241
2009-05-22,0.037270126,0.012545057,0.034495,-0.035058109
2009-05-29,0.030303545,0.013554593,0.034613,-0.010082459
2009-06-05,0.016857558,0.017822876,0.038398,0.018111141
2009-06-12,0.004983819,0.013013134,0.038034,-0.006694104
2009-06-19,-0.044138594,-0.031098247,0.037729,0.002570887
2009-06-26,0.013870653,-0.00742661,0.035286,-0.005365101
2009-07-03,0.003521844,-0.004178876,0.035023,0.006883346
2009-07-10,-0.022826357,-0.034595421,0.033045,-0.002734516
2009-07-17,0.050077027,0.054174472,0.036491,-0.011042838
2009-07-24,0.041460114,0.041646418,0.036598,-0.007536517
2009-07-31,0.021051223,0.025395973,0.034815,-0.005104827
2009-08-07,0.007709126,0.01717466,0.038542,0.008015623
2009-08-14,0.003905178,0.00357393,0.035725,-0.001139601
2009-08-21,-0.009528392,0.008504565,0.035686,-0.010661089
2009-08-28,0.011634786,0.020365617,0.034493,0.004125878
2009-09-04,0.000422677,-0.020803528,0.034452,-0.002934946
2009-09-11,0.035417842,0.030302218,0.033488,-0.019555647
2009-09-18,0.022851597,0.015321301,0.034688,-0.002388784
2009-09-25,-0.014441971,-0.014312745,0.03322,0.005063788
2009-10-02,-0.006557085,-0.028148508,0.032188,0.002486591
2009-10-09,0.033837337,0.036320671,0.033839,-0.007428282
2009-10-16,0.016903589,0.008036967,0.034115,-0.010911803
2009-10-23,0.004341633,0.001498118,0.034937,-0.001706417
2009-10-30,-0.045424194,-0.033037141,0.033884,0.01102454
2009-11-06,0.016374244,0.005619389,0.035008,-0.006304063
2009-11-13,0.022891101,0.019932681,0.034233,-0.006396813
2009-11-20,0.006353104,-0.015190189,0.033694,0.004274298
2009-11-27,-0.024509379,-0.010288811,0.03207,-0.008723697
2009-12-04,0.038207768,0.039934222,0.034778,0.012200651
2009-12-11,-0.000828596,-0.011421013,0.035536,0.008720739
2009-12-18,-0.013579632,-0.000608953,0.035463,0.016298173
2009-12-25,0.01885894,0.026707288,0.038048,-0.0022616
2010-01-01,0.011374465,0.002988268,0.038368,0.002769013
2010-01-08,0.016917544,0.023922428,0.038356,-0.004996147
2010-01-15,-0.005087939,-0.00526198,0.036763,-0.001910392
2010-01-22,-0.031711734,-0.028515088,0.036014,0.012337855
2010-01-29,-0.023922022,-0.024210189,0.035882,0.015138546
2010-02-05,-0.031501197,-0.027339856,0.035712,0.012320354
2010-02-12,0.021684103,0.011394191,0.036947,-0.001553934
2010-02-19,0.008101137,0.026993235,0.037764,0.004071418
2010-02-26,0.001007602,-0.004792844,0.036192,-0.003484493
2010-03-05,0.030970233,0.039235633,0.036815,0.000871058
2010-03-12,0.012007533,0.012799544,0.037025,-0.007447285
2010-03-19,0.009318024,0.006728734,0.03693,0.011160798
2010-03-26,0.000178592,0.012484455,0.038507,0.011793271
2010-04-02,0.022553395,0.012734598,0.038704,-0.00468926
2010-04-09,0.012351506,0.005317384,0.038805,-0.002460236
2010-04-16,-0.013367277,-0.003214423,0.037703,-0.003317179
2010-04-23,-0.004845429,-0.008026492,0.03817,0.006532713
2010-04-30,-0.006423135,-0.016369663,0.03659,0.006318222
2010-05-07,-0.058910117,-0.075711602,0.034199,0.031563775
2010-05-14,0.022058976,0.030507156,0.034553,0.019478982
2010-05-21,-0.049190583,-0.041723048,0.032361,-0.008409315
2010-05-28,0.024987412,0.016918317,0.033033,0.01299036
2010-06-04,0.004576099,-0.003434452,0.032077,0.020270583
2010-06-11,0.005614474,0.00751282,0.032328,-0.008228214
2010-06-18,0.023804421,0.021923854,0.03225,-0.020661204
2010-06-25,-0.00038889,-0.029687891,0.031096,-0.004504137
2010-07-02,-0.032404213,-0.040053165,0.029842,-0.010385287
2010-07-09,0.033802194,0.048487885,0.030556,-0.005685385
2010-07-16,-0.000758402,-0.005733995,0.029251,-0.017403838
2010-07-23,0.030661738,0.018188094,0.029998,-0.000266712
2010-07-30,0.004020954,0.00200387,0.029052,-0.011217016
2010-08-06,0.013109343,0.015446479,0.028219,-0.013882927
2010-08-13,-0.019823395,-0.021819899,0.026788,0.031601726
2010-08-20,0.007142018,-0.011597377,0.026142,0.001314076
2010-08-27,-0.015931658,-0.005539586,0.026465,-0.001673549
2010-09-03,0.025840211,0.031694512,0.027024,-0.009841048
2010-09-10,0.007990321,0.012720277,0.027954,0.007259263
2010-09-17,0.019700906,0.006208886,0.02739,-0.015719848
2010-09-24,0.009245633,0.004960657,0.026104,-0.024607484
2010-10-01,0.019786874,-0.007016087,0.025133,-0.016461994
2010-10-08,0.009170074,0.014783536,0.023955,-0.009771028
2010-10-15,0.013507383,0.007494201,0.025669,-0.00367281
2010-10-22,-0.005497237,0.00486219,0.025614,0.005594424
2010-10-29,0.000722754,-0.009245958,0.026029,-0.002659025
2010-11-05,0.035335087,0.024394452,0.025394,-0.009292574
2010-11-12,-0.019442558,-0.006952798,0.027889,0.020039714
2010-11-19,-0.003723469,0.006012226,0.028732,0.005404575
2010-11-26,-0.017520865,-0.015079209,0.028699,0.023603893
2010-12-03,0.025340425,0.015652379,0.030073,-0.012195577
2010-12-10,-0.003289913,0.010893334,0.033229,0.008730489
2010-12-17,0.001217966,0.004711252,0.033318,0.003784189
2010-12-24,0.005012718,0.011199469,0.03397,0.001530365
2010-12-31,0.011543907,-0.013099089,0.032877,-0.018236931
2011-01-07,0.001926361,0.014052783,0.033276,0.025105026
2011-01-14,0.008183877,0.013081208,0.033309,-0.022836123
2011-01-21,-0.017755067,-0.007926171,0.034081,-0.011988075
2011-01-28,-0.007757595,0.002097389,0.033292,-0.001022848
2011-02-04,0.001920477,0.01438743,0.036377,-0.001139083
2011-02-11,-0.032158685,0.007810022,0.036381,0.005330326
2011-02-18,0.023469512,0.012344602,0.035818,-0.010145297
2011-02-25,-0.018017934,-0.021725371,0.034162,-0.005008756
2011-03-04,0.026037535,0.002120866,0.034918,-0.011323196
2011-03-11,-0.020249447,-0.027486171,0.034025,0.004921466
2011-03-18,-0.006614422,-0.038295499,0.032678,-0.013780348
2011-03-25,0.03310429,0.033848806,0.034425,0.006590243
2011-04-01,0.027055281,0.018383239,0.034496,-0.005038246
2011-04-08,0.006408602,0.005532192,0.035829,-0.01011433
2011-04-15,-0.015486943,-0.014788379,0.034135,-0.003117257
2011-04-22,0.015291389,0.00773427,0.033945,-0.011185055
2011-04-29,-0.007186911,0.011984518,0.0329,-0.014352321
2011-05-06,-0.023638933,-0.007560979,0.031495,0.026160997
2011-05-13,-0.005469057,-0.00615987,0.031691,0.012239281
2011-05-20,-0.004336491,-0.0051313,0.03147,-0.004250432
2011-05-27,0.00566064,-0.006359157,0.030717,-0.006376351
2011-06-03,-0.000148824,-0.010263398,0.029914,-0.015622915
2011-06-10,-0.017527726,-0.015674118,0.029729,0.013715897
2011-06-17,-0.018522721,-0.007446426,0.029436,0.002580386
2011-06-24,0.012264841,-0.000566134,0.028708,0.009028111
2011-07-01,0.025618066,0.041257447,0.031823,-0.017392454
2011-07-08,0.005870299,-0.001142812,0.030305,0.011163566
2011-07-15,-0.017931589,-0.029798055,0.029076,-0.000704984
2011-07-22,0.009879346,0.02056031,0.029639,-0.012312648
2011-07-29,-0.013625204,-0.02996391,0.027925,-0.00409698
2011-08-05,-0.07282058,-0.088287127,0.025629,0.009486177
2011-08-12,-0.036305956,-0.010998255,0.022601,0.000120647
2011-08-19,-0.020912304,-0.043794564,0.020675,-0.008015334
2011-08-26,0.009009832,0.016479617,0.021899,-0.002634815
2011-09-02,0.044239733,0.021770196,0.019944,0.012761807
2011-09-09,-0.01301424,-0.025119356,0.019148,0.032586013
2011-09-16,0.001375781,0.020570286,0.020566,-0.007682143
2011-09-23,-0.076560595,-0.050467033,0.0183,0.024830611
2011-09-30,0.020427769,0.032583013,0.019172,0.000662412
2011-10-07,-0.007888761,0.015443529,0.020755,0.002202335
2011-10-14,0.047855683,0.027795918,0.022513,-0.026712903
2011-10-21,-0.007527562,-0.004125538,0.022157,-0.002975608
2011-10-28,0.067433057,0.045236426,0.023239,-0.017383337
2011-11-04,-0.005667535,-0.036314866,0.02038,0.025244115
2011-11-11,-0.015262826,-0.003233951,0.020573,-0.000220888
2011-11-18,-0.024784023,-0.028224417,0.020052,0.014542855
2011-11-25,-0.039437079,-0.039193744,0.019653,0.020777823
2011-12-02,0.067678564,0.077333793,0.020331,-0.01331476
2011-12-09,-0.019325316,-0.006824572,0.020629,8.9e-05
2011-12-16,-0.02080735,-0.028072674,0.018508,0.020653169
2011-12-23,0.022212833,0.020983984,0.020209,-0.004062002
2011-12-30,-0.009497698,0.006432595,0.018762,0.003102715
2012-01-06,0.011187074,0.007014931,0.019578,0.01342014
2012-01-13,0.017639147,0.008511605,0.018705,0.00321215
2012-01-20,0.030820131,0.026052432,0.020246,-0.015849844
2012-01-27,0.009955444,0.005057527,0.01891,-0.016466599
2012-02-03,0.021772088,0.018650804,0.019241,0.000278827
2012-02-10,-0.001658409,-0.000151351,0.019844,0.002407379
2012-02-17,0.018910454,0.020692033,0.02,0.002742877
2012-02-24,9.58e-05,0.010167173,0.019774,-0.012340699
2012-03-02,0.012825566,0.003682558,0.019791,0.013413825
2012-03-09,-0.012767432,-0.001434301,0.020296,0.008034961
2012-03-16,0.008751759,0.023380534,0.022976,-0.003185867
2012-03-23,-0.01368867,-0.019236122,0.022335,-0.005527285
2012-03-30,-0.000248985,-0.002716202,0.022142,-0.004297687
2012-04-06,-0.002958683,-0.019398532,0.020474,0.011163992
2012-04-13,-0.004501044,-0.016805817,0.019893,2.5e-05
2012-04-20,-0.000619852,0.010869749,0.019594,-0.008687162
2012-04-27,-0.003936246,0.002089677,0.019365,-0.006124201
2012-05-04,-0.00028074,-0.016103991,0.018786,0.010024267
2012-05-11,-0.030880748,-0.016079905,0.01841,0.009635463
2012-05-18,-0.047496111,-0.047432937,0.017226,0.012807734
2012-05-25,0.002898928,0.007118064,0.017465,0.01365448
2012-06-01,0.003422363,-0.020629599,0.014587,0.005922186
2012-06-08,0.007083722,0.022519369,0.016319,-0.004572325
2012-06-15,0.020150531,0.009859294,0.015857,-0.010701603
2012-06-22,-0.003905897,0.012789889,0.016759,0.007693439
2012-06-29,0.010190666,0.021047289,0.016432,-0.007646859
2012-07-06,0.012852928,0.007842532,0.015491,0.021438985
2012-07-13,-0.019632355,-0.007164938,0.01491,-0.000335824
2012-07-20,0.008757879,0.001580381,0.014584,0.001547709
2012-07-27,0.00385328,0.004318879,0.015446,-0.009212008
2012-08-03,0.010897519,0.015830236,0.015682,-0.004038255
2012-08-10,0.025139648,0.017218182,0.01659,0.00216085
2012-08-17,-0.002420591,0.015089022,0.018139,0.000520877
2012-08-24,-0.006140773,-0.011779749,0.016865,-0.012143445
2012-08-31,-0.015798282,-0.011772293,0.015484,-0.004718542
2012-09-07,0.016167032,0.019922107,0.016678,-0.011772239
2012-09-14,0.035991431,0.022084114,0.018695,-0.017507352
2012-09-21,-0.00472388,-0.003823779,0.017545,0.006100422
2012-09-28,-0.004609181,-0.021869997,0.016335,0.007651775
2012-10-05,0.006880518,0.020067437,0.01732,-0.007481078
2012-10-12,-0.008781915,-0.017213575,0.01656,0.004159472
2012-10-19,0.008733197,0.025221541,0.017659,-0.000577403
2012-10-26,-0.014043117,-0.015718563,0.017486,0.005614097
2012-11-02,0.014870027,0.012126851,0.017173,0.006556927
2012-11-09,-0.010804111,-0.016925241,0.016131,0.005372675
2012-11-16,-0.01537571,-0.013724526,0.015843,0.002850937
2012-11-23,0.023439522,0.037950265,0.016934,-0.013106563
2012-11-30,0.009366145,0.010888989,0.016164,-0.000486333
2012-12-07,0.013266857,0.01014708,0.016232,0.003206368
2012-12-14,0.016181838,0.007038994,0.017041,-0.010322099
2012-12-21,0.000719733,0.011654805,0.017702,0.000464941
2012-12-28,0.008276809,0.00406158,0.017009,0.000766168
2013-01-04,0.020695574,0.028460524,0.019026,0.010303973
2013-01-11,-0.006651333,0.005478399,0.018659,-0.011627474
2013-01-18,0.007424004,0.009481653,0.018399,0.005944974
2013-01-25,-0.007620157,0.013238497,0.019487,-0.003598381
2013-02-01,0.003751801,0.007249841,0.020248,-0.006796409
2013-02-08,-0.009709673,-0.005645363,0.019499,0.012713683
2013-02-15,0.002981818,0.002899716,0.020052,0.004575318
2013-02-22,-0.008526069,0.006759561,0.019618,0.010920824
2013-03-01,0.00347152,0.008310082,0.018446,0.010017186
2013-03-08,0.010989843,0.026226457,0.020488,0.005335699
2013-03-15,-0.018228966,0.008367597,0.019912,-0.007072478
2013-03-22,-0.019088727,-0.015761738,0.019267,0.004858152
2013-03-29,0.017604232,-0.001346338,0.018521,0.008384931
2013-04-05,-0.024577628,-0.008293391,0.017145,-0.008711743
2013-04-12,0.006417233,0.033524375,0.017208,-0.004472944
2013-04-19,-0.004855386,-0.018610753,0.017049,0.007147467
2013-04-26,0.010104842,0.032383656,0.016651,-0.002962014
2013-05-03,0.016043876,0.011654063,0.017399,-0.004486534
2013-05-10,0.014128977,0.025536898,0.018999,0.012716355
2013-05-17,0.004947847,0.017762995,0.019541,0.013338465
2013-05-24,-0.012048254,-0.022174953,0.020107,-0.006551773
2013-05-31,-0.001532207,-0.01806857,0.021317,-0.005244922
2013-06-07,-0.029462403,-0.031778845,0.02179,-0.019120597
2013-06-14,-0.024696619,-0.009696294,0.021295,-0.01286902
2013-06-21,-0.031939619,-0.015895304,0.025422,0.022228286
2013-06-28,0.036248454,0.021374424,0.024875,0.00880961
2013-07-05,-0.015382659,0.020155203,0.027362,0.015733256
2013-07-12,0.02290448,0.023891871,0.025916,-0.017242196
2013-07-19,0.001404567,0.008554191,0.024821,-0.004398226
2013-07-26,0.012937527,-0.008147689,0.025643,-0.011703763
2013-08-02,0.001249918,0.020198223,0.025979,0.003086117
2013-08-09,-0.009018758,-0.011377873,0.025802,-0.009547297
2013-08-16,0.017976778,0.002336767,0.028251,0.001614772
2013-08-23,-0.018166281,-0.003692602,0.028183,0.00127989
2013-08-30,0.001340996,-0.023243813,0.027894,0.008923194
2013-09-06,0.021396187,0.026205879,0.029342,0.000767478
2013-09-13,0.0248093,0.01798284,0.028902,-0.008496652
2013-09-20,0.015541019,0.016326128,0.027356,-0.01253499
2013-09-27,-0.006447131,-0.003558273,0.026281,-0.001790354
2013-10-04,0.001504528,-0.014902638,0.026447,-0.001943029
2013-10-11,0.012753571,0.012341585,0.026908,0.003506758
2013-10-18,0.01206876,0.016934046,0.025831,-0.009426454
2013-10-25,-0.012199841,0.001034366,0.025106,-0.005774977
2013-11-01,0.011787649,0.002979238,0.0262,0.019294391
2013-11-08,-0.022439368,-0.001418877,0.027514,0.007197542
2013-11-15,0.007942202,0.014789646,0.027033,-0.00558405
2013-11-22,0.002402465,0.000280037,0.027445,-0.001743992
2013-11-29,0.013075604,0.005337472,0.027463,-0.00034693
2013-12-06,-0.016380377,-0.022704571,0.028571,-0.004524046
2013-12-13,-0.011287831,-0.013664816,0.028664,-0.001257548
2013-12-20,0.00478537,0.029058503,0.028905,0.004500461
2013-12-27,0.008051213,0.019800741,0.030019,-0.002271176
2014-01-03,-0.013547413,-0.000511664,0.029985,0.00496318
2014-01-10,-0.009600578,0.003562522,0.028598,-0.001646223
2014-01-17,0.00560599,0.010646644,0.028213,0.007029681
2014-01-24,-0.009744469,-0.02835368,0.027187,-0.009442906
2014-01-31,-0.012417919,-0.01645878,0.02644,0.010601805
2014-02-07,-0.002719013,0.002146599,0.026838,-0.007625045
2014-02-14,0.01626625,0.016340846,0.027446,-0.006716982
2014-02-21,0.003514783,0.01698179,0.027319,0.001097955
2014-02-28,0.004679242,0.001517749,0.026494,-0.006804841
2014-03-07,-0.001781643,-0.002899897,0.027897,0.000351357
2014-03-14,-0.025957749,-0.035010451,0.026561,-0.003424529
2014-03-21,0.009060961,0.009660401,0.027462,0.008294942
2014-03-28,0.031794872,0.02059167,0.027226,0.000886337
2014-04-04,0.012757357,0.018993081,0.027261,0.003080722
2014-04-11,0.007137778,-0.03072131,0.026283,-0.012073661
2014-04-18,0.00106515,0.01458123,0.027206,0.004732417
2014-04-25,-0.01435538,0.003155415,0.026659,-0.000989628
2014-05-02,0.004763455,0.010930055,0.025861,-0.002921667
2014-05-09,0.000775405,-0.000783041,0.026233,0.004866945
2014-05-16,0.022366782,0.004882319,0.025231,0.001752124
2014-05-23,0.00939366,0.008328183,0.025356,0.00437265
2014-05-30,-0.009554027,0.009695307,0.02475,-0.000298533
2014-06-06,0.016809446,0.010139842,0.025968,0.000497704
2014-06-13,0.007542437,-0.00265545,0.026078,0.002076882
2014-06-20,-0.00195576,0.007187082,0.02608,-0.002531771
2014-06-27,-0.002658227,-0.012223434,0.025358,-0.004416961
2014-07-04,0.018671815,0.01630253,0.026411,0.003149331
2014-07-11,-0.001869408,-0.02578538,0.02516,-0.001021565
2014-07-18,0.010751314,0.007074991,0.024818,0.004202676
2014-07-25,0.011294637,0.008373078,0.024673,0.006271422
2014-08-01,-0.0082545,-0.017011525,0.024943,0.003369164
2014-08-08,-0.008987715,-0.024332171,0.024221,0.001869573
2014-08-15,0.022051955,0.019813025,0.023415,-0.000368306
2014-08-22,0.009516993,0.017806399,0.024033,0.011200629
2014-08-29,0.002191885,0.006681591,0.023448,0.005003887
2014-09-05,0.012052585,0.014081605,0.024587,0.01197612
2014-09-12,-0.020549348,-0.002494976,0.026087,0.005982875
2014-09-19,-0.000382599,0.006292654,0.025781,0.005876068
2014-09-26,-0.020931697,-0.013833748,0.025276,0.010680356
2014-10-03,-0.016843322,-0.022287673,0.024358,0.012307333
2014-10-10,-0.012031254,-0.032824461,0.022857,-0.009020232
2014-10-17,-0.011766021,-0.014897832,0.021988,-0.009335134
2014-10-24,0.006937967,0.030328907,0.022658,0.007308189
2014-10-31,0.035977787,0.036969702,0.023353,0.013822143
2014-11-07,-0.01299975,0.002850415,0.023012,0.008341291
2014-11-14,0.006078137,0.01077508,0.023187,-0.001334976
2014-11-21,0.010768396,0.014794864,0.023117,0.008968866
2014-11-28,0.007606599,0.006745128,0.021728,0.000520892
2014-12-05,-0.009057511,0.010287804,0.023065,0.011068858
2014-12-12,-0.038883638,-0.046460304,0.020835,-0.010869322
2014-12-19,0.007802897,0.019781936,0.0216,0.013976438
2014-12-26,0.010297401,0.011744796,0.022516,0.004821536
2015-01-02,0.007070255,-0.008455165,0.02114,0.011662779
2015-01-09,0.004341547,-0.011272381,0.019501,0.009387352
2015-01-16,-0.004708918,-0.001098642,0.018308,0.006363191
2015-01-23,0.030984413,0.041433387,0.017891,0.024232598
2015-01-30,-0.01678831,0.001912975,0.01639,0.000443216
2015-02-06,0.015405382,0.014577307,0.019584,0.011075482
2015-02-13,0.011596393,0.012539665,0.020469,-0.017244977
2015-02-20,0.00134106,0.017673775,0.021152,0.001475568
2015-02-27,0.00429783,0.016163195,0.019965,0.010398558
2015-03-06,-0.006931827,0.005135384,0.022467,0.024066051
2015-03-13,-0.015890945,0.001280475,0.021175,0.027813348
2015-03-20,0.022030119,0.023161735,0.01932,-0.02413037
2015-03-27,-0.015619735,-0.013318029,0.019597,-0.006311984
2015-04-03,0.032564068,0.005672656,0.018416,-0.007667718
2015-04-10,0.03582845,0.028840629,0.019491,0.028929515
2015-04-17,0.006896808,-0.017042697,0.018653,-0.018301154
2015-04-24,0.014737706,0.014187142,0.019139,-0.006132075
2015-05-01,-0.014528213,-0.020381203,0.021117,-0.016766059
2015-05-08,-0.009603115,0.003184093,0.021424,-0.005278235
2015-05-15,0.002435019,-0.00020662,0.021477,-0.017501108
2015-05-22,0.001261087,0.019747523,0.022145,0.031942879
2015-05-29,-0.019215951,-0.006111571,0.021232,0.008292581
2015-06-05,-0.01404537,-0.017882412,0.024094,-0.006201822
2015-06-12,-0.004615834,-0.00354955,0.0239,-0.013851681
2015-06-19,-0.009891553,-0.011419606,0.022612,-0.009339595
2015-06-26,0.013604971,0.021942555,0.024744,0.014741989
2015-07-03,-0.011313118,-0.023538796,0.023859,0.00671401
2015-07-10,-0.028232986,0.001234194,0.024009,-0.000915589
2015-07-17,0.014993737,0.034448754,0.023469,0.019130435
2015-07-24,-0.020459701,-0.016223268,0.022624,-0.006315015
2015-07-31,-0.004919985,0.006101322,0.021872,0.000946074
2015-08-07,-0.013131513,0.003001132,0.021659,0.002332128
2015-08-14,-0.015699842,-0.021407871,0.022013,-0.010690528
2015-08-21,-0.047980627,-0.05691098,0.020452,-0.015665147
2015-08-28,0.008605855,0.002172141,0.021842,0.011556922
2015-09-04,-0.024323411,-0.038205687,0.021314,0.001279837
2015-09-11,0.018817592,0.013153941,0.021866,-0.010755593
2015-09-18,0.023714863,-0.00424534,0.021336,-0.00347711
2015-09-25,-0.032725084,-0.013333591,0.021658,0.014821374
2015-10-02,0.015697039,-0.000832907,0.019911,-0.004560139
2015-10-09,0.046009442,0.047042533,0.020899,-0.010612543
2015-10-16,0.003194098,-0.002113267,0.020351,-0.002879352
2015-10-23,0.009584063,0.027841215,0.020866,0.027364079
2015-10-30,-0.01837819,-0.003698784,0.021457,-0.001863539
2015-11-06,0.010710654,0.007124369,0.023252,0.022919976
2015-11-13,-0.030222969,-0.019456667,0.022746,-0.001714263
2015-11-20,0.018672484,0.026027216,0.02264,0.005727388
2015-11-27,-0.015016029,0.001532702,0.022218,0.004569879
2015-12-04,-0.015723452,-0.022069072,0.022729,-0.016656669
2015-12-11,-0.030897481,-0.032209369,0.021323,-0.008022043
2015-12-18,0.016638507,0.009778061,0.02204,0.011664019
2015-12-25,0.017211544,0.010651175,0.022446,-0.00728448
2016-01-01,-0.007002903,0.005622893,0.022694,0.006603119
2016-01-08,-0.05445019,-0.062134619,0.021156,-0.000922631
2016-01-15,-0.031788197,-0.026644682,0.020365,0.004221636
2016-01-22,-0.000503656,0.008690776,0.020572,0.0062452
2016-01-29,0.035834443,0.022753918,0.019226,0.000321369
2016-02-05,-0.004896327,-0.039758005,0.018426,-0.025851856
2016-02-12,-0.033555843,-0.059334413,0.017464,-0.011243829
2016-02-19,0.042168326,0.052961775,0.017431,0.0068793
2016-02-26,0.000206129,0.015351449,0.017641,0.016024845
2016-03-04,0.047973115,0.035258055,0.018758,-0.008232465
2016-03-11,0.006321378,8.45e-06,0.019803,-0.011999178
2016-03-18,0.022805252,-0.002462222,0.018767,-0.011292268
2016-03-25,-0.008482961,-0.010720438,0.019,0.011105736
2016-04-01,0.002555038,-0.009106636,0.01774,-0.015841152
2016-04-08,-0.00746582,-0.002371047,0.017167,-0.004058382
2016-04-15,0.031060762,0.039187827,0.017535,0.004892025
2016-04-22,-0.001875034,0.018104716,0.018913,0.004435245
2016-04-29,-0.012958391,-0.023746745,0.01835,-0.021384415
2016-05-06,-0.027550461,-0.022431542,0.017789,0.008659032
2016-05-13,-0.005428456,0.009318076,0.017018,0.007668712
2016-05-20,-0.003806272,0.009011026,0.018436,0.00767377
2016-05-27,0.027492588,0.022270214,0.01851,0.001961525
2016-06-03,0.009188074,-0.012496875,0.017021,-0.015619602
2016-06-10,5.92e-05,-0.015423049,0.016438,0.005764179
2016-06-17,-0.016458432,-0.030956323,0.016112,-0.003859534
2016-06-24,0.00089816,-0.008703588,0.015616,0.013183874
2016-07-01,0.03062428,0.041441039,0.01456,0.002105859
2016-07-08,-0.006322234,-0.014158377,0.013579,0.006827045
2016-07-15,0.0390779,0.043073688,0.015578,0.002886752
2016-07-22,0.005610015,0.008385335,0.015663,0.009184096
2016-07-29,-0.000278956,0.002110906,0.014497,-0.019863133
2016-08-05,0.00929725,-0.007085857,0.015902,0.006940156
2016-08-12,0.021221029,0.022545297,0.015101,-0.004906751
2016-08-19,0.004932855,-0.014172322,0.015798,-0.012651219
2016-08-26,-0.006569701,0.002327217,0.016279,0.011162722
2016-09-02,0.00529383,0.018124776,0.016075,0.002908984
2016-09-09,0.006971839,-0.006040479,0.016749,-0.00530028
2016-09-16,-0.018611725,-0.020689212,0.016943,0.008097676
2016-09-23,0.025662553,0.02606889,0.016201,-0.00656553
2016-09-30,-0.014995066,-0.007105633,0.015979,-0.000146632
2016-10-07,0.015286444,0.008240557,0.017234,0.012245582
2016-10-14,-0.014418503,-0.001125778,0.018048,0.014353423
2016-10-21,0.013688357,0.008957761,0.017364,0.006896622
2016-10-28,-0.007670081,-0.000821276,0.018486,-0.003515882
2016-11-04,-0.023447544,-0.035608191,0.01778,-0.013045512
2016-11-11,-0.014516244,0.020893682,0.021378,0.020553238
2016-11-18,-0.001858659,0.011164531,0.023476,0.021704018
2016-11-25,0.012896583,0.014288066,0.02359,0.002766525
2016-12-02,-0.004540021,-0.005708527,0.023922,-0.007094295
2016-12-09,0.021827756,0.038296405,0.024656,0.008137342
2016-12-16,-0.017523822,0.010569763,0.02599,0.013387144
2016-12-23,-0.017119635,0.002508806,0.025428,0.000582807
2016-12-30,0.025395381,-0.001068579,0.024462,-0.007766236
2017-01-06,0.018379657,0.015692601,0.024212,9.78e-05
2017-01-13,0.012873716,0.003208915,0.023982,-0.010174134
2017-01-20,-0.003779346,-0.009406639,0.024668,-0.004348686
2017-01-27,0.020102404,0.007718884,0.024862,-0.002084574
2017-02-03,-0.005440839,-0.009605485,0.024666,-0.006585099
2017-02-10,0.013403216,0.009999552,0.024091,0.009332319
2017-02-17,0.006463927,0.007088706,0.0242,0.001488095
2017-02-24,0.000698793,-0.000889936,0.023152,0.001386825
2017-03-03,-0.00610531,0.014748418,0.024816,0.004451479
2017-03-10,-0.003443177,0.003887325,0.025745,-0.002856017
2017-03-17,0.0291244,0.006990269,0.025005,-0.009382716
2017-03-24,-0.00010707,-0.007306723,0.024177,-0.00670987
2017-03-31,-0.005989328,0.005743259,0.023892,0.007257069
2017-04-07,0.0073081,-0.001760925,0.023822,0.008271051
2017-04-14,-0.003259121,-0.005737291,0.02232,-0.006127693
2017-04-21,0.00013912,-0.004631725,0.022463,-0.005797534
2017-04-28,0.019215908,0.027109454,0.022892,-0.009272133
2017-05-05,0.000844738,0.017547288,0.023505,-0.004058556
2017-05-12,0.021781543,0.009337403,0.023257,0.00612278
2017-05-19,-0.004356951,-0.007192183,0.022346,-0.021259017
2017-05-26,0.016273176,0.00497424,0.0225,0.003088263
2017-06-02,-0.001734447,0.010613877,0.021591,-0.007460849
2017-06-09,0.004108766,-0.0064074,0.022023,0.005779869
2017-06-16,-0.011330702,-0.001798685,0.021531,-0.001130826
2017-06-23,0.013494318,0.000561669,0.02144,0.001029188
2017-06-30,0.002913893,-0.012794281,0.023037,-0.016820201
2017-07-07,-0.000955924,0.00191245,0.023856,0.003973732
2017-07-14,0.034668053,0.014028748,0.023319,-0.008905508
2017-07-21,0.0085631,-0.006401045,0.022375,-0.01360966
2017-07-28,0.003599573,-0.001997981,0.022906,-0.006381981
2017-08-04,0.00619507,0.011168706,0.022637,0.00303456
2017-08-11,-0.017327841,-0.019276949,0.021905,-0.005056552
2017-08-18,0.014660299,0.002265035,0.021974,0.003921821
2017-08-25,0.01916898,0.002095348,0.021694,-0.007427703
2017-09-01,0.003345394,0.006284464,0.021657,0.00079793
2017-09-08,-0.002231597,-0.005967089,0.020541,-0.015751934
2017-09-15,0.014694836,0.010343225,0.022023,0.005692267
2017-09-22,0.002556207,0.010436454,0.022534,0.003254528
2017-09-29,-0.011282731,0.009295794,0.02339,0.009818707
2017-10-06,0.0226323,0.009039619,0.023607,0.00777859
2017-10-13,0.014308354,0.006211885,0.022748,-0.007558635
2017-10-20,-0.001281366,0.004794271,0.023827,0.006552728
2017-10-27,-0.002422611,0.008396688,0.024155,0.012966777
2017-11-03,0.012280079,0.009884359,0.023325,0.000263391
2017-11-10,0.002222847,-0.010357893,0.02402,-0.005793071
2017-11-17,0.00265468,-0.010053761,0.023452,-0.007723194
2017-11-24,0.009234586,0.008131748,0.023401,-0.009395486
2017-12-01,-0.032245277,-0.005181324,0.023633,0.001110129
2017-12-08,-0.002241389,0.009442673,0.023778,0.010938257
2017-12-15,0.003985353,-0.001524573,0.023512,0.000330135
2017-12-22,0.015812167,0.01012117,0.024846,-0.00622791
2017-12-29,0.012119099,-0.002118402,0.024054,-0.013101653
2018-01-05,0.029940146,0.023817149,0.024763,-0.001899614
2018-01-12,0.00607906,0.002232039,0.025498,-0.010603704
2018-01-19,0.017650261,0.004572238,0.026611,-0.004418845
2018-01-26,0.02573053,-0.00355003,0.026599,-0.016616614
2018-02-02,-0.026284179,-0.021531972,0.028411,0.00143712
2018-02-09,-0.064388919,-0.054047711,0.028566,0.013980604
2018-02-16,0.039890704,0.024540087,0.028731,-0.014838239
2018-02-23,0.016263042,0.004758911,0.02866,0.008787879
2018-03-02,-0.022751493,-0.027891961,0.028679,0.00057853
2018-03-09,0.018213858,0.020817458,0.028956,0.001756824
2018-03-16,0.006792805,0.001691241,0.028445,0.00155395
2018-03-23,-0.032081361,-0.033603089,0.028135,-0.008300733
2018-03-30,-0.00346469,0.017675791,0.027407,0.005475839
2018-04-06,-0.002770204,0.009045158,0.027753,0.001489319
2018-04-13,0.010309068,0.011284111,0.028248,-0.00341812
2018-04-20,0.000824874,0.011829821,0.029602,0.005746102
2018-04-27,-0.002911224,0.01198506,0.029587,0.01357456
2018-05-04,-0.011155428,0.00641836,0.029515,0.011186122
2018-05-11,0.023941515,0.015017605,0.029695,-0.00031329
2018-05-18,-0.011233494,0.005301937,0.030596,0.011887137
2018-05-25,-0.003580187,-0.013602302,0.029313,0.005884426
2018-06-01,-0.004431127,-0.009684754,0.029022,3.19e-05
2018-06-08,0.009760254,0.004130163,0.029479,-0.006794704
2018-06-15,-0.010793935,0.006178358,0.029223,0.013233423
2018-06-22,-0.021142735,-0.011029263,0.028949,-0.002869531
2018-06-29,-0.009234349,-0.007690397,0.028601,0.001259033
2018-07-06,-0.006745238,9.58e-05,0.028236,-0.006340082
2018-07-13,0.01519697,0.011396476,0.028289,0.007614105
2018-07-20,-0.001160649,0.004600174,0.02895,-0.003197822
2018-07-27,0.014599388,0.012726412,0.029579,0.002392826
2018-08-03,-0.013513095,-0.010521418,0.029506,0.004943227
2018-08-10,0.00043898,-0.006080749,0.028732,0.012759741
2018-08-17,-0.029566147,-0.009513467,0.028641,-0.002656787
2018-08-24,0.024239046,0.007088565,0.028134,-0.009937462
2018-08-31,0.010084945,-0.000250072,0.028604,-6.31e-05
2018-09-07,-0.025452533,-0.024985445,0.029388,0.002364936
2018-09-14,0.003956294,0.014985746,0.029995,-0.00459288
2018-09-21,0.016125983,0.024042411,0.030665,-0.007447828
2018-09-28,-0.005485069,0.001357525,0.030649,0.009679474
2018-10-05,-0.036544053,-0.01685256,0.032328,0.005171761
2018-10-12,-0.023378317,-0.046055589,0.03167,-0.004214423
2018-10-19,-0.010286559,0.003973981,0.031958,0.005166927
2018-10-26,-0.029217105,-0.03314189,0.030774,0.006749344
2018-11-02,0.054382638,0.033909145,0.032198,0.001899148
2018-11-09,-0.017233525,0.003079236,0.031856,0.003760022
2018-11-16,0.00724911,-0.01563249,0.030647,-0.004540529
2018-11-23,-0.017301907,-0.00839535,0.030463,0.004675271
2018-11-30,0.024258313,0.012173949,0.029933,0.003673284
2018-12-07,-0.012400716,-0.026460559,0.028576,-0.007792582
2018-12-14,-0.003391755,-0.000744074,0.028949,0.009625547
2018-12-21,-0.017903259,-0.035634421,0.027884,-0.004997794
2018-12-28,0.006384603,0.001940069,0.027164,-0.005713932
2019-01-04,-0.003305073,0.008351105,0.026677,-0.00231323
2019-01-11,0.034737967,0.024646347,0.026989,-0.005292216
2019-01-18,0.018472386,0.017476621,0.027878,0.00696143
2019-01-25,0.01356811,0.000550955,0.027585,-0.005626142
2019-02-01,0.011616176,0.006757582,0.026842,-0.002244399
2019-02-08,-0.009055495,-0.00392252,0.026339,0.011069377
2019-02-15,-0.00063964,0.025842619,0.026644,0.002762917
2019-02-22,0.025373644,0.011211696,0.026536,-0.004096838
2019-03-01,-0.004384202,0.004376484,0.027585,0.000207239
2019-03-08,-0.014927074,-0.011173591,0.026303,0.008070281
2019-03-15,0.022888745,0.020987349,0.025907,-0.007306846
2019-03-22,0.002634158,-0.005877805,0.024373,0.00057974
2019-03-29,0.001568073,0.005809291,0.024068,0.006549337
2019-04-05,0.022514024,0.023327952,0.024989,0.001140989
2019-04-12,0.002721526,-0.001393941,0.025615,-0.004343139
2019-04-19,0.005456206,0.008067498,0.025596,0.004186776
2019-04-26,-0.007052063,0.00373852,0.025,0.006449095
2019-05-03,0.005705783,-0.000251405,0.025305,-0.00495888
2019-05-10,-0.042817019,-0.02997965,0.024725,-0.001948318
2019-05-17,-0.028790635,0.011149501,0.023927,0.006832426
2019-05-24,-0.010302498,-0.008374412,0.023237,-0.003898158
2019-05-31,0.01186758,-0.017066255,0.021332,0.001403502
2019-06-07,0.006994246,0.019754205,0.020844,-0.012337596
2019-06-14,0.009380789,0.006448508,0.020839,0.010647995
2019-06-21,0.028373726,0.013975215,0.020591,-0.013856434
2019-06-28,0.001507017,0.002268426,0.020068,-0.000935356
2019-07-05,0.008048685,0.017358263,0.02039,0.012025382
2019-07-12,-0.008235245,-0.00907576,0.021237,-0.00489279
2019-07-19,0.005576707,-0.001130934,0.020569,0.003522363
2019-07-26,-0.002658628,0.007599306,0.020738,0.008841906
2019-08-02,-0.032378175,-0.02584662,0.018434,0.000652995
2019-08-09,-0.015956433,-0.016950715,0.017447,-0.005944491
2019-08-16,-0.007303659,-0.009602949,0.015623,0.006677539
2019-08-23,0.005256716,0.00576082,0.015334,-0.005115037
2019-08-30,0.014140975,0.015604815,0.014994,0.013068415
2019-09-06,0.018001067,0.018583794,0.015602,-0.005277205
2019-09-13,0.013285346,0.019540072,0.019011,-0.001392361
2019-09-20,-0.000119158,-0.000141168,0.017215,0.002605412
2019-09-27,-0.016428404,-0.001017381,0.01687,0.006049963
2019-10-04,-0.007165387,-0.024566705,0.01529,-0.00303706
2019-10-11,0.013736581,0.019990667,0.017342,-0.005131163
2019-10-18,0.010716497,0.004326291,0.017536,-0.01036612
2019-10-25,0.007214569,0.015968068,0.017995,0.005643387
2019-11-01,0.011568881,0.004962647,0.017138,-0.006051252
2019-11-08,0.016747377,0.016183412,0.019451,0.011456309
2019-11-15,-0.011558477,-0.002888835,0.018359,-0.00359928
2019-11-22,0.001506915,-0.003498359,0.017706,0.002765334
2019-11-29,-0.006192918,0.006522932,0.01774,3.05e-05
2019-12-06,0.006789554,-0.00275423,0.018433,-0.005830696
2019-12-13,0.029080464,0.01113981,0.018243,-0.005404299
2019-12-20,0.016756819,0.011716832,0.019188,0.005330754
2019-12-27,0.0100301,0.003361949,0.01877,-0.007892312
2020-01-03,0.005631445,-0.003515183,0.017933,-0.000835749
2020-01-10,0.006053057,0.005370966,0.018196,0.00534914
2020-01-17,0.014212429,0.01069041,0.01825,0.002886314
2020-01-24,-0.021345565,-0.004995658,0.016857,0.002212276
2020-01-31,-0.042333479,-0.029158389,0.015051,-0.004731587
2020-02-07,0.027579783,0.030098205,0.015817,0.013286785
2020-02-14,0.01167401,0.002940731,0.015883,0.004458676
2020-02-21,-0.011161781,-0.006891326,0.014729,0.001392196
2020-02-28,-0.06446028,-0.103917417,0.011633,-0.011384014
2020-03-06,0.005487601,-0.021450255,0.007733,-0.022225166
2020-03-13,-0.106314805,-0.16029972,0.009829,0.029160717
2020-03-20,-0.082566749,-0.020311618,0.008853,0.041195354
2020-03-27,0.04466967,0.074750377,0.006762,-0.043300232
2020-04-03,-0.002544475,-0.023310487,0.005994,0.022477507
2020-04-10,0.057556696,0.069915058,0.007286,-0.010529351
2020-04-17,0.019852049,0.006086854,0.006417,0.002662862
2020-04-24,-0.017531116,-0.015054443,0.006055,0.005993065
2020-05-01,0.035188802,0.017900028,0.006181,-0.012960749
2020-05-08,-0.004936022,0.012771038,0.006847,0.006610886
2020-05-15,-0.00822497,-0.02181284,0.006444,0.006697816
2020-05-22,0.000244545,0.025801662,0.006574,-0.005368419
2020-05-29,0.025215836,0.038567914,0.006526,-0.015210839
2020-06-05,0.063190501,0.06025015,0.008935,-0.014306923
2020-06-12,-0.012501887,-0.042579753,0.0071,0.003940704
2020-06-19,0.019648281,0.023849326,0.006937,0.003123748
2020-06-26,-0.001204627,-0.012424078,0.006397,-0.001946263
2020-07-03,0.023872647,0.013563529,0.006693,-0.002678764
2020-07-10,0.046214701,-0.005439369,0.00643,-0.005351336
2020-07-17,-0.011361343,0.020426639,0.006233,-0.007345942
2020-07-24,0.002827161,-0.011606477,0.005872,-0.015707407
2020-07-31,0.01654129,-0.033519795,0.005331,-0.011499974
2020-08-07,0.013491678,0.022150933,0.005657,0.000921274
2020-08-14,0.002567615,0.023591304,0.007094,-0.003628191
2020-08-21,0.001196074,-0.008297901,0.006363,0.001621982
2020-08-28,0.021796226,0.005437685,0.007244,-0.009394404
2020-09-04,-0.020303987,-0.011285342,0.007213,0.003767416
2020-09-11,-0.007100009,0.016749315,0.00669,0.006622159
2020-09-18,0.010001853,0.000222469,0.00697,-0.00436073
2020-09-25,-0.034538632,-0.022913481,0.006561,0.018466307
2020-10-02,0.018398022,0.006194309,0.007038,-0.008431774
2020-10-09,0.031495247,0.02458337,0.007787,-0.008386258
2020-10-16,0.003384365,-0.0095541,0.007489,0.006716314
2020-10-23,0.007529491,-0.006325804,0.008413,-0.00975641
2020-10-30,-0.025355908,-0.047034738,0.008737,0.013690066
2020-11-06,0.056863486,0.06224816,0.008201,-0.019236904
2020-11-13,0.009930688,0.045939656,0.008979,0.005703195
2020-11-20,0.013628835,0.012935944,0.008243,-0.003913536
2020-11-27,0.015634161,0.017135604,0.008422,-0.006515716
2020-12-04,0.009018879,0.001643361,0.009725,-0.011864037
2020-12-11,0.004470678,-0.002748262,0.008964,0.00303194
2020-12-18,0.008254752,0.009756291,0.009446,-0.010552234
2020-12-25,-0.009482466,-0.004180081,0.009264,0.003410505
2021-01-01,0.028670423,0.008237745,0.009165,-0.004273552
2021-01-08,0.051172148,0.032297057,0.011187,0.001790142
2021-01-15,0.003474526,-0.006191488,0.010869,0.007480743
2021-01-22,0.027837799,0.002487837,0.010855,-0.005882871
2021-01-29,-0.042671622,-0.031314142,0.010706,0.003834305
2021-02-05,0.048596856,0.03485302,0.011687,0.005056081
2021-02-12,0.020110472,0.013440616,0.012099,-0.006172975
2021-02-19,0.001480191,0.001568084,0.013397,-0.001282051
2021-02-26,-0.056832129,-0.022956332,0.014066,0.005699172
2021-03-05,0.003524211,0.011774592,0.015766,0.012081999
2021-03-12,0.006335938,0.028634261,0.016247,-0.00323994
2021-03-19,-0.008598624,0.0072653,0.017299,0.00261783
2021-03-26,-0.016650248,0.003004311,0.016742,0.009214635
2021-04-02,0.02396653,0.00930018,0.01673,0.002759632
2021-04-09,-0.00563638,0.009970359,0.01662,-0.009234375
2021-04-16,0.009998488,0.008934633,0.015904,-0.006586157
2021-04-23,0.001551145,-0.008014822,0.015595,-0.007612827
2021-04-30,-0.006378695,-0.004694986,0.016259,0.004633553
2021-05-07,-0.003420634,0.017306887,0.015788,-0.011470202
2021-05-14,-0.027880841,-0.010940723,0.016352,0.000975253
2021-05-21,0.01605248,0.007171823,0.016233,-0.003365773
2021-05-28,0.018992417,0.014944052,0.015807,0.000155526
2021-06-04,0.014100868,0.006440235,0.015568,0.001166265
2021-06-11,0.000443413,0.006492339,0.014535,0.004648531
2021-06-18,-0.006516481,-0.005749958,0.014431,0.018441831
2021-06-25,0.011968963,0.009271443,0.015241,-0.0040553
2021-07-02,-0.011047591,-0.002693089,0.014306,0.004082699
2021-07-09,-0.021174142,-0.00503873,0.013612,-0.001040921
2021-07-16,0.014201056,-0.000760413,0.013003,0.006045805
2021-07-23,-0.017419063,0.005647904,0.012813,0.002427525
2021-07-30,-0.026607373,-0.002108858,0.012256,-0.007943
2021-08-06,0.011986449,0.016328748,0.013053,0.006791503
2021-08-13,-0.005048159,0.013552222,0.012834,-0.003038793
2021-08-20,-0.039569736,-0.020034821,0.01255,0.010570916
2021-08-27,0.035016104,0.010866103,0.013104,-0.008663472
2021-09-03,0.026554434,0.010975104,0.013257,-0.007023714
2021-09-10,-0.001627915,0.000170015,0.013428,0.005943391
2021-09-17,-0.017991096,-0.00660946,0.013633,0.006621157
2021-09-24,-0.008195189,-9.23e-05,0.014526,0.001416385
2021-10-01,-0.010567659,-0.024678371,0.01465,0.007586229
2021-10-08,0.012426486,0.00380858,0.016118,0.000340299
2021-10-15,0.01765357,0.02378443,0.015738,-0.001381994
2021-10-22,0.007268342,0.002323355,0.016377,-0.003140403
2021-10-29,-0.021876364,0.00257682,0.015609,0.005136584
2021-11-05,0.000495502,0.019012465,0.014548,0.002093006
2021-11-12,0.016654964,0.004818907,0.015699,0.008566582
2021-11-19,-0.009318997,-0.002555697,0.015479,0.009492473
2021-11-26,-0.030006083,-0.035377258,0.014816,0.000603972
2021-12-03,-0.000313885,-0.005780777,0.013564,0.000291397
2021-12-10,0.011257981,0.021823939,0.01482,-0.00020808
2021-12-17,-0.016013857,-0.003095578,0.014072,0.004870079
2021-12-24,0.000669102,0.013073521,0.014926,-0.005654223
2021-12-31,0.010010325,0.006306565,0.015118,-0.000531145
2022-01-07,-0.002718827,0.000750014,0.017655,-0.002594615
2022-01-14,0.020897698,-0.007818521,0.01793,-0.005787775
2022-01-21,-0.00973516,-0.015847675,0.017705,0.005012347
2022-01-28,-0.037173572,-0.020905742,0.017784,0.017021811
2022-02-04,0.021319805,0.008409057,0.019157,-0.018350982
2022-02-11,0.014764954,0.01513161,0.019181,0.006252291
2022-02-18,-0.008815505,-0.017903989,0.019268,-0.000405903
2022-02-25,-0.043233342,-0.018732624,0.019704,0.005955666
2022-03-04,-0.011895125,-0.05562245,0.017375,0.021042281
2022-03-11,-0.046739802341351,0.0113020423888134,0.01997,0.0048252372070392
2022-03-11,-0.046739845,0.011302404,0.01997,0.004825237
2022-03-18,0.029841239,0.054799523,0.02153,-0.008988741
2022-03-18,0.0298412127444158,0.0547999356902084,0.02153,-0.00898874137444
2022-03-25,0.0014937847941551,0.0075830263799898,0.024879,0.0056600124194516
2022-03-25,0.00149381,0.007583195,0.024879,0.005660012
2022-04-01,0.017633566,0.008724354,0.023895,-0.001589246
2022-04-01,0.0176336112105073,0.0087250435277865,0.023895,-0.0015892457662289
2022-04-08,-0.011289924,-0.002875623,0.027038,0.011801444
2022-04-08,-0.0112899239427568,-0.0028761313127718,0.027038,0.0118014437505069
2022-04-15,-0.011521982,-0.003266286,0.028275,0.005260732
2022-04-15,-0.0115219818352461,-0.0032664571507132,0.028275,0.0052607318930617
2022-04-22,-0.0250454162607727,-0.0047050912374411,0.029045,0.0089612344374556
2022-04-22,-0.025045391,-0.00470577,0.029045,0.008961234
2022-04-29,0.008657738,-0.00472288,0.029375,0.017180399
2022-04-29,0.0086577246277725,-0.0047221946230775,0.029375,0.0171803991306065
2022-05-06,-0.03592882,-0.022786693,0.031424,0.006808535
2022-05-13,-0.020779404,-0.002784637,0.029276,0.008711171
2022-05-13,-0.0207794371756288,-0.002784636626056103,0.029276,0.008711171136407625
2022-05-20,0.023750274,-0.000483948,0.027883,-0.013513384
2022-05-20,0.02375032920965281,-0.0004850072530309113,0.027883,-0.013513384275508522
2022-05-27,-0.003246903,0.010761562,0.028605,-0.014367426
2022-05-27,0.0032867784258274746,0.02239908818215164,0.027431999999999998,-0.014367426078526369
2022-06-03,0.016600663809434923,0.0035616620190668247,0.029405,0.004642562064759659
2022-06-10,0.0038130299918048838,-0.026939979391666702,0.031649,0.019659291168983684
