Month,size,idvc,beta,bm,m12,m1,roe,ag,dtvm,ep,market,rf
2000-01,0.0517533008276194,-0.0839023377498279,-0.0372187167128432,-0.0224186813152025,0.0233189066463909,0.0325399762322465,-0.0473569429246993,-0.0353082565893433,0.0679899715022411,-0.0815217448863046,0.1251660829459614,0.0018559999999999998
2000-02,0.1625098109358838,0.1113301337932002,-0.0959229142508494,0.119348207088268,-0.1144976697273808,0.0722705772338358,-0.1517240705738156,-0.0431901640121983,0.1781075879794212,-0.0503410167641605,0.0505902761331855,0.0018559999999999998
2000-03,0.0284705699514716,0.0705604114907675,-0.0768423849759083,0.0605728804207071,-0.0291554438266462,0.0018094544791046,-0.0263838924462247,0.0090297381721228,0.0934635742152792,0.0077699928082617,0.0152745530475422,0.0018559999999999998
2000-04,0.0753222458613904,0.024733616664003,-0.0516706515584707,0.0587886342788011,-0.0257744820693112,-0.019365384180656,-0.0475610398781183,-0.0354033007903029,0.0319987761534338,-0.0116266600784674,0.0276858860071017,0.0018559999999999998
2000-05,-0.0029279238272277,0.0720929393886832,-0.0002079190570131,0.0758276539988888,-0.0690965161503798,-0.0034165926692172,-0.0107495628339977,0.0090530606314575,0.0506600400170671,0.0532687399240007,0.024582281548299,0.0018559999999999998
2000-06,0.029335148159316,-0.0042642468371345,0.0382636886774772,0.064996833229817,-0.0200398713566801,-0.0202627571482858,-0.0367844848368198,-0.0163060905854012,0.0016330343308513,0.0191054869912154,0.0400870607998992,0.0018559999999999998
2000-07,0.0523092960237796,-0.0054109577552819,-0.040975634519101,-0.0207248242773908,0.0431092447831873,0.0129636268686495,-0.0251146982627561,-0.0225850158612932,0.076148724989248,-0.0515886139818544,-0.0088528465339286,0.0018559999999999998
2000-08,0.0408066669413789,-0.0037553528184571,-0.0361848153023783,-0.0430616809977121,0.03999253586434,-0.0481240673076916,-0.0163468341356033,-0.021911575298458,0.0277755057520544,-0.0311784434605905,-0.0472005381575703,0.0018559999999999998
2000-09,0.06638471501209,-0.0242388903971763,0.049144484119634,0.0279749561068933,-0.0303578338067318,-0.0256715211251202,-0.0776382300003244,-0.0427890351415976,0.0314430342321641,-0.0494988822789001,0.0222815915499614,0.0018559999999999998
2000-10,0.044669014473567,0.026681140427608,0.0375540126704395,0.0450566760602281,-0.0090991274170506,0.0270954666785691,0.0213479974931942,-0.0034015284583655,0.0606313927064487,0.0193182516855551,0.0550799899063242,0.0018559999999999998
2000-11,0.0500834996638314,0.0233233465415671,0.0243432624854294,0.020443443765539,0.0065920475728479,-0.0126728873169346,0.0230584971610001,0.0085147933214247,0.0388734181831527,0.0104828388986221,-0.0031905596875196,0.0018559999999999998
2000-12,-0.0166233983806779,0.0776651899428877,0.0175211621315627,0.0474555634261306,-0.0191983260697001,0.0012213012094343,-0.0017110099528345,-0.0070656246602769,0.0364925819042866,0.0279905326595311,-0.0101806669031293,0.0018559999999999998
2001-01,-0.0150435779306993,0.0087820174202142,-0.0270474474764004,0.0193219058022377,0.030724127652203,-0.0290615252958828,0.0606861601096233,0.0072974344372848,-0.0252948227600366,0.0719115888298986,-0.0572881319482967,0.0018559999999999998
2001-02,0.0341006447469127,-0.0339033514291084,0.0258293805077299,-0.0011820740814979,-0.0201751334710719,0.0486141027246938,-0.045346580693554,-0.0027570641332639,3.704997742870475e-05,-0.0415530179725674,0.073775053869591,0.0018559999999999998
2001-03,0.0518641573242244,-0.0002344062090713,-0.0197055333138192,-0.0476031656035491,0.0230385084707887,-0.0162796972640126,-0.0345184729386355,-0.0157720524001827,0.044219604126977,-0.0469758835955491,-0.0086479542354455,0.0018559999999999998
2001-04,0.0987791347174695,-0.0522919827768891,-0.0059192123315517,-0.030100978909585,0.0347173753078516,-0.037828209268252,-0.0365224881700089,-0.0405967490603043,0.0526994411508843,-0.0343308523042098,0.0328437280447723,0.0018559999999999998
2001-05,0.0204027849811635,0.0553149624790871,-0.0137568249342183,0.0407941294421655,0.0001519374642939,0.0286883158437201,-0.0024154239370969,-0.0048441739948489,0.0609146942261162,0.0226765139247479,0.0010246377287943,0.0018559999999999998
2001-06,-0.0166633833334424,0.0234998432279331,-0.0511111325742151,-0.0187907539951462,0.0578364690591962,-0.0022526593512548,0.0206576692544548,-0.0008625670443335,-0.001407089859341,0.0117218593376692,-0.1322143623456762,0.0018559999999999998
2001-07,0.0423713304564324,-0.0085837237912766,0.0107165665490792,-0.0140022142290154,0.0178930766475266,-0.0215272930361047,-0.0059463531935852,0.0046338726580111,0.004221561175594,-0.0075617862448262,-0.0358269580817155,0.0018559999999999998
2001-08,-0.0216801825732613,0.0099892298734451,0.0390335534794716,0.0619197906849418,-0.0278035884040539,-0.005256284506291,0.0972786651140012,0.0916859356520492,-0.0819034541848761,0.1135211889080062,-0.0499531124274344,0.0018559999999999998
2001-09,-0.0417341218575334,-0.0062923459964023,0.0178037417000995,0.0319453166209193,-0.0254066822420815,0.0027376022590216,-0.0234172508875005,0.0034842421228771,-0.0444447356562911,0.0125747371089348,-0.048379209215862,0.0018559999999999998
2001-10,0.0544935325776542,0.0455907803423904,0.0535084952397843,0.0461569470701646,-0.0212086561136272,0.0662119747430745,-0.0168015901869289,-0.0215248708381195,0.0697435684121564,-0.0043119208374886,0.0383456249413445,0.0018559999999999998
2001-11,-0.0273738881933213,0.0546421992835855,-0.0582434373264217,0.0021731554501309,0.0532798846166679,0.022110123677375,0.0959044914840802,0.0499067125749687,0.0387545424096109,0.0945553644902589,-0.0610379920456026,0.0018559999999999998
2001-12,-0.0648032094408565,0.0246714366877489,-0.0389588275719675,0.0273416172568753,0.0606867659943612,-0.0420440453607503,0.0781283224370617,0.0402791209764527,-0.0627880317276359,0.0886891321415731,-0.1060894421157216,0.0018559999999999998
2002-01,0.032826369381595,-0.0652341046062835,0.0668586424937022,0.028354542071264,-0.0580882437608736,0.0498148493217652,-0.044831517210177,-0.026368191427333,0.0086662124170088,-0.0313127429353946,0.0261662876219137,0.0018559999999999998
2002-02,0.0572981728834022,-0.0478558180945731,0.0803653398596699,-0.019396519208649,-0.0521816733289232,-0.0336194667174499,-0.0568488780578435,-0.0227526560359234,0.045693833623511,-0.046926225118705,0.0658652404458681,0.0016350000000000002
2002-03,0.0622240732251567,0.0101566365330337,0.030215534151201,0.044418557422551,-0.0213035537032997,-0.0221721158414271,-0.064113877301551,-0.0350320283591429,0.057812382218879,-0.0417185518478114,0.0390608919139953,0.0016350000000000002
2002-04,-0.0194566841874811,0.0116937604805391,-0.0351992881353919,-0.0286112077361875,0.0154702381634439,-0.0021597015949319,-0.022885892270459,-0.0075089856224263,0.0168550604808665,-0.0100297961701359,-0.0840785843076755,0.0016350000000000002
2002-05,-0.0697229603265735,0.0056151053380337,0.0924419175234959,0.0791485736237218,-0.0463882501704106,0.0895256991037345,0.0442766735863082,0.0040758690190725,-0.0535524277210478,0.0321044558624517,0.1333589132393194,0.0016350000000000002
2002-06,0.0194929999252645,0.0073951509645727,-0.0410258017888145,-0.0318255559625402,0.0330506910356242,0.0505021301506082,0.0293888651434306,0.0206269521835632,0.0317113551522974,0.0168595518527925,-0.0404356574451299,0.0016350000000000002
2002-07,0.0222521413358644,0.0051649373856407,0.0013910464518011,0.0031651019022254,0.0014689108572454,-0.0079412234823903,0.0186553216138264,0.007325891583668,0.0194767429058345,0.0141247085503144,0.0069438026030454,0.0016350000000000002
2002-08,0.0023488581159774,0.0268805133174074,-0.0445106146514331,0.0005828102610008,0.0128780642961063,-0.0303263149660385,0.023367974265237,0.007197193860546,0.0039917101683574,0.0214017463042868,-0.0539384238164346,0.0016350000000000002
2002-09,-0.0195162361862554,0.0171649690904889,-0.0073359730215204,0.0002769718345267,0.0207208801152027,-0.0127262194095663,0.0353067677494599,0.00460624287327,-0.0294169915624949,0.0272473173579754,-0.051622535706184,0.0016350000000000002
2002-10,-0.0650363210641337,0.0365411720142768,-0.0450253597810759,-0.0011240961106551,0.0412684334225781,-0.0161033778344728,0.0491999455312006,0.0307792809781661,-0.0422354059026694,0.0559342275013116,-0.0606259507928753,0.0016350000000000002
2002-11,0.0049470911168945,0.0179104067723127,-0.0634813354896743,-0.0208891189960016,0.0452508463494094,-0.0291063839980275,0.0208626157970027,0.0104970655029101,0.0248780854330412,0.0129342557498593,-0.0504517596195337,0.0016350000000000002
2002-12,0.0315661575138014,-0.0283951558259987,0.1339666097646484,0.0483916261375677,-0.0717507691933566,0.1127907526865597,-0.0220060719928713,-0.0247337871526527,-0.0056673478376186,-0.0021763898444083,0.0924076300085906,0.0016350000000000002
2003-01,0.0187044231916109,0.0062038255388625,0.0028227169366625,0.0073070827801075,0.0024027421005984,0.0193391259285842,-0.0053440109924296,-0.0153163623674552,0.0323085531334504,-0.003358681629573,0.0101674342200844,0.0016350000000000002
2003-02,-0.0570585733871936,0.0377527564870832,-0.0262975449668795,0.0165119448356797,0.0542904065198101,0.0282934538335583,0.0776050613940609,0.044054269478121,-0.0377027504227892,0.0776900462167499,-0.0119462868650703,0.0016350000000000002
2003-03,-0.1377073267520534,0.0260705878079589,-0.0326916738093325,0.0320018208512093,0.0836984580449306,-0.1334115036243781,0.0947727340975528,0.0451976848191085,-0.1042293016436917,0.1035547010796137,-0.0061480303061,0.0016350000000000002
2003-04,-0.011170737643811,-0.0190277709637836,0.0444878752267932,0.0223602175112321,-0.0037473998904276,0.0393624503030401,0.0015919056330149,0.0032602846045026,-0.0130447802501592,0.0043662811489382,0.0436326481815421,0.0016350000000000002
2003-05,0.0080762678480828,0.0492001215354302,-0.0345477229921329,0.0247853771832221,0.0305266972437487,0.0365111197146092,0.0203328768548983,0.001937074186429,0.0270769200043201,0.0315764550726902,-0.0674142227391703,0.0016350000000000002
2003-06,-0.0684770497685029,0.0089471645086998,0.01876762198614,0.0161651591233328,0.05809776443959,-0.0377378430704722,0.057923357976067,0.026798862752126,-0.0540001168743601,0.0622746162072478,-0.0104420552068295,0.0016350000000000002
2003-07,0.0502154804936796,0.0106957474692504,0.0022459526643981,-0.0076007496494532,-0.0452516252349876,0.034106568373936,-0.0475776783801191,-0.0140556345364465,0.0459485277555361,-0.0447780740592951,-0.0315610470340181,0.0016350000000000002
2003-08,-0.0164858752752539,0.0360275377594736,-0.0421035502430325,0.0170679663891835,0.0022953948538312,-0.0022426634483711,-0.0062559068468926,-0.007794074655709,0.0073832962839514,-0.0009232254384784,-0.0445273307263812,0.0016350000000000002
2003-09,-0.1096527762134127,0.1095979630655796,-0.0362354964222178,0.0854881623584657,0.1025032454551554,0.0053119185105707,0.14051135518167,0.0401027712638112,-0.0572272876946853,0.1638654606608086,-0.0361071124186736,0.0016350000000000002
2003-10,-0.010257249268437,-0.0369124594717162,0.0653201807422524,0.0696626251251947,-0.0307531241590898,0.00943405838821,0.0030348609935855,0.0071584213985407,-0.0314088629197896,0.0215514976872377,0.0268921428154678,0.0016350000000000002
2003-11,-0.1146353979461803,0.0828360421635212,-0.0449995372585099,0.1039979640549788,0.135381653593851,-0.0161359344782687,0.0799247584208808,0.0457110057791666,-0.0637931341314389,0.1172534863704246,0.0256051216999036,0.0016350000000000002
2003-12,0.0545946652885189,-0.0379408898278142,0.1332326629593273,0.0316847555993337,-0.0323308762459131,0.0595257485018672,-0.0747377656702632,0.0294699190216534,-0.0010658553452959,-0.092034054227296,0.0753396346039645,0.0016350000000000002
2004-01,0.088648307818014,-0.0622585282216245,0.0591830395570119,0.0160394961655831,-0.0940270423794616,-0.0137205637800596,-0.0427500597222868,-0.0297881263579865,0.0205143428577125,-0.0311331373572703,0.0686498054767381,0.0016350000000000002
2004-02,0.0396589463331679,-0.0038870409530583,0.0421064541271634,0.0261497733715786,-0.0055573705028857,-0.0125551181801707,0.0018653471676863,-0.0137956867036456,0.0110537789313652,0.0133575315109502,0.0336903069251074,0.0016350000000000002
2004-03,-0.0073566015273129,0.0323113664329935,0.0444610794765404,0.0498807884577681,0.0345712294853696,-0.0760867919141944,-0.0024617660469661,0.0071588279151122,-0.0050593923401,0.0225647130042562,-0.0977384760643899,0.0016350000000000002
2004-04,0.044662911028602,-3.6629221197258255e-06,0.0644150634180812,0.0150468894820146,0.0053737097669202,0.0085695062059262,-0.0200964877077961,-0.0351071458233648,-0.0263661684372148,-0.0171745020364699,-0.0218455380206769,0.0016350000000000002
2004-05,-0.0257874659749772,0.0695472016790446,-0.0561682418273938,0.0401503409697537,0.0422192566909894,0.0550962840268529,0.0489220203952128,0.0038464212078544,0.0039844759285149,0.054234994704414,-0.1127114751396909,0.0016350000000000002
2004-06,-0.0684904740026689,-0.0173689265281415,-0.0215674395980517,-0.003949967663141,0.0621398928598896,0.0089957776038982,0.0451210797621627,0.0429874677924374,-0.045552190602015,0.0345740340135296,0.0008423562453811,0.0016350000000000002
2004-07,-0.0124176379653542,0.0784056262018928,-0.0386999449675575,0.0554680954955114,0.0194141098022157,0.0100704077689601,0.0484653826688618,0.0094571957598258,0.0004238676185576,0.0622895430230113,-0.0406793520000155,0.0016350000000000002
2004-08,-0.0197979171512502,-0.0333220231799705,0.0309974073428255,-0.0174373638839763,0.0676647762275501,0.053431276263758,0.0624596131922823,0.0503238573120944,-0.0162284909900964,0.051379889527826,0.0536013406397436,0.0016350000000000002
2004-09,-0.0316782755289303,-0.0013567059308976,-0.0144888259002965,-0.0581549490939686,0.0345757143279433,-0.0782823818916389,0.06729085368894,0.0471273482888931,-0.0048540137478821,0.0409701211099847,-0.0529178978802012,0.0016350000000000002
2004-10,0.0801154199769797,-0.0286079965938943,0.0535657443722097,-0.0006828030694785,-0.0950204033190543,0.0646690459431401,-0.0593588546995596,-0.0338979258893571,0.0715002642545589,-0.0582065865784129,0.0221965125255541,0.0018559999999999998
2004-11,-0.0460380436062675,0.0713105943424225,-0.0856276800079467,0.0207345796370345,0.0761743115740208,0.0086169571132738,0.092508558219372,0.066106144081468,-0.0021580281205566,0.0890129059162931,-0.0675011693612917,0.0018559999999999998
2004-12,-0.0382766179618065,-0.0132499778110528,-0.0429178154791024,-0.0095398117169402,0.0345651608658323,-0.038423076012483,0.0484243068744428,0.0646057737234124,-0.0584119751190722,0.0380262876992206,-0.058909586402067,0.0018559999999999998
2005-01,0.0305354601464617,-0.0642226151758618,0.0615341779886209,0.0168894609305862,-0.0327122217582209,0.0498889683150551,-0.0165409440164009,-0.0005506281035738,0.0091972343952575,-0.0025509001752207,0.0951018886462201,0.0018559999999999998
2005-02,-0.0599848689462136,0.0710731112631531,-0.1487851108164205,-0.0345917930655031,0.1305407157102287,0.0724642069602982,0.1097213979846871,0.088860039282184,-0.0233406274910447,0.0707113571695098,-0.1053940990464252,0.0018559999999999998
2005-03,-0.125163396717258,0.0439468950301772,-0.1219539456001959,-0.047500590048802,0.0911907661144238,-0.1214738672153934,0.1193108564244632,0.0725048356325432,-0.0839266716167169,0.1100218454073179,-0.0283423633980154,0.0018559999999999998
2005-04,0.0912373686544458,-0.0203668308208454,0.1017960053163206,0.0490933773406274,-0.1278928415028808,0.1263569576077952,-0.105994508000485,-0.0947832646304766,0.0945240925115972,-0.0748128105470512,-0.0695462578524023,0.0018559999999999998
2005-05,-0.011261013029734,0.0493632506021381,-0.0548341088676711,0.0073836111609556,0.0608289685455711,0.0156095893239318,0.0612772799478406,0.0279518585165865,-0.0677396604442936,0.0659270628405438,0.0137004554134318,0.0018559999999999998
2005-06,-0.1254480964450217,0.0531758190457809,-0.0445603912288773,0.0036048914805244,0.0959819684571214,-0.0664698011924528,0.1323008571792145,0.0894026698747766,-0.0838613188119833,0.1133781639375036,-0.0158620441908498,0.0018559999999999998
2005-07,0.197047339095914,-0.0758582618313147,0.1077203360750757,0.0386117927133655,-0.1664506259656243,0.1447150010773207,-0.1282803170867142,-0.0814640799764809,0.1124153147394565,-0.1128262329558938,0.0860598160873163,0.0018559999999999998
2005-08,0.0669311692488962,0.005918156399934,-0.0046385518055703,-0.0225387472402713,0.0075617121788181,-0.0195932332883104,0.0266834310628787,0.0066840599391501,0.0631529085714597,0.0164494798605735,0.0029336245076147,0.0018559999999999998
2005-09,-0.0341959909030645,0.0331102655913889,-0.0086853053849253,-0.0526897057280754,0.0605804406067447,-0.0212030466984192,0.0298283671730382,0.0311122431338515,0.0245958463368296,0.0017207886617767,-0.0510065840195409,0.0018559999999999998
2005-10,0.0498405103323944,0.0076528141755231,0.0655437710999655,0.0562726457148596,-0.0697556112038301,0.0313893205779526,-0.052427342907231,-0.0302951061836623,0.0418126385857026,-0.042926980822999,-0.0017757792163619,0.0018559999999999998
2005-11,-0.076848585165616,0.0086183893445513,-0.058715450356833,0.007338706992316,0.0701413425813143,0.0402137027076499,0.0301641786639068,0.0578419336251197,-0.0302665505989315,0.0422215685255807,0.0517768283295233,0.0018559999999999998
2005-12,-0.0438023256171368,-0.0284302476389885,0.0542712205654073,-0.0375249827943517,0.0431260394171217,-0.056684617594374,0.0338695715285841,0.0370594958353562,0.0252553186166102,0.0129020573865716,0.0970210865837337,0.0018559999999999998
2006-01,0.0102191826106223,0.0268402240438199,-0.0647736246929169,0.0205022737997772,-0.0218871621464422,0.0778223235607612,0.0139618303562373,-0.0263059065674379,-0.0088475496398147,-0.0128469852103849,0.032898445808523,0.0018559999999999998
2006-02,-0.0089877959177627,-0.0981266885115235,0.0663117418742815,-0.0592101550058358,0.1128603762332779,0.0237020691459117,0.0387546284647562,0.058988164779187,-0.0032608387095774,1.3388476940425983e-06,0.0180678584115116,0.0018559999999999998
2006-03,-0.0997293583401485,-0.1281239052627009,-1.1079720268758475e-06,-0.1148586894818123,0.1042430076676787,-0.1478794783059017,0.1376964169107704,0.0934688448685063,-0.0278957846819931,0.0653687518821722,0.1155266183172746,0.0018559999999999998
2006-04,0.2053450977482536,-0.0235329003048947,0.1010288359146898,-0.0238980071486095,-0.0874589600398727,0.062505164729079,-0.1899821501793767,-0.1784980256404638,0.1602238022398673,-0.1036397127550196,0.19682361227,0.0018559999999999998
2006-05,0.0313291654551821,0.0019622058166926,0.0104297797901769,0.008127501733726,-0.0578889508503155,0.0164949657437832,0.0116092522456906,-0.0033452124967679,0.120716688407712,-0.002054593044143,0.0395841670815762,0.0018559999999999998
2006-06,0.0740078310688872,0.0109843628962073,-0.0091700484957723,0.00828415868894,-0.0141339851541097,0.0243086644584328,-0.0550013745303938,0.0091746983049132,0.082300456447232,-0.0608237980882187,-0.0578275979299062,0.0018559999999999998
2006-07,-0.0084075029962932,-0.0114785732181382,0.0049949584082226,-0.0081559474199212,0.0244430934414953,0.0192628455614721,-0.0051785815141652,0.000553717179735,-0.0265288862219587,-0.0142422617872741,0.0364444615491895,0.0018559999999999998
2006-08,0.0097566919926865,0.0452254662978725,-0.036106202474493,0.0013570997397083,0.0013537463438914,-0.0217687407713038,-0.0294561266063513,-0.0071700570566517,0.0302722608192645,-0.0486017146713747,0.0476034596115167,0.002076
2006-09,-0.0539661593742302,0.1014912667720421,-0.0668107680267036,0.1025892502725147,-0.0856116012765751,-0.0094842859833514,0.0839281589215732,0.0163414924456463,-0.0251587384937993,0.1281545511184634,0.020272786545109,0.002076
2006-10,-0.2039063498323781,0.0613784358342045,-0.1100133591623641,-0.0211561268190133,0.0103966541272935,-0.0562424190140326,0.1738542121112234,0.162518929513004,-0.1773305843734783,0.1552959585783594,0.1256160891932052,0.002076
2006-11,-0.1901101226060999,-0.0595761756527538,-0.0559810693879873,-0.0277576761318003,0.045953702941561,-0.1671533584089147,0.1597316945618848,0.1413832035422196,-0.1556394311389298,0.13072397437692,0.1385408607108692,0.002076
2006-12,0.0800179838276697,0.067887864488731,-0.0983283693939842,0.0356588656027991,-0.0104316404508513,0.1322670007251326,0.0086857416714421,-0.1189430257577686,0.0739786674109128,-0.0108637425809718,0.2022205814524272,0.002076
2007-01,0.1969232718439238,0.1675549700233954,0.0714234650391013,0.0842636199735069,-0.1608002455125229,-0.0375012036034167,-0.2031505178390891,-0.16420909568763,0.1776708996590886,-0.1823499489067168,0.1068633713774024,0.002076
2007-02,0.1619183287308583,0.0619436533571662,-0.0024043685032729,0.0411975989359165,-0.1235503180634132,-0.0548633270666619,-0.1293743933398827,-0.0242447649794187,0.132287928292466,-0.09569561801187,0.1223610215546024,0.002076
2007-03,0.0762188681835778,-0.0650518436167473,0.0986634007203383,-0.0228079405673726,0.06439455481352,-0.1214974302556388,-0.087945325466499,-0.1444444299328144,0.0278569051817076,-0.1140653122146873,0.3047775244477226,0.002296
2007-04,-0.0492147283279669,-0.0129230334753947,-0.0068065251329351,0.0172834728903259,-0.0109384811100446,0.1308041552396576,0.0028314244562462,0.1216418082055889,0.0099776177229322,0.0020843386161587,0.1027015221891984,0.002296
2007-05,-0.1829301741369606,0.0890987095860449,-0.1802349119252836,-0.0431513203000304,0.0446770421352119,-0.0623785975678621,0.2440329460720207,0.1187532350963249,-0.0152850644897649,0.1825507608180608,-0.0897951185764233,0.002515
2007-06,0.1456404169943627,-0.0437823808213579,0.1370744543368853,0.0078542441560771,0.1134351121463101,0.1750203451904155,-0.0537458433109701,0.0314186147972692,0.0076456533865897,-0.0511619250979754,0.2014182349491553,0.002515
2007-07,-0.0469060999212817,0.1278546976361999,-0.0955627967256887,0.017660846364633,0.0765198514966294,-0.0791923935567762,-0.015830555895058,0.0785977506403427,-0.0374020824281234,-0.0272652089163683,0.1529628916506295,0.002734
2007-08,-0.0245932592370974,0.0799634373716585,0.0086851703696584,0.0946365601703858,0.007645896285054,-0.0786277765158105,0.029972549402217,-0.0220709304451511,0.0065108522307759,0.0888378579090197,0.0457960307350084,0.002952
2007-09,-0.1535767749493818,0.0988392074582118,-0.1731036693986083,-0.0183981094930002,0.117386463628554,0.0030368916602242,0.1405029374692528,0.1753930087822991,-0.0940569292994132,0.1268760213064682,-0.0216825353775253,0.003169
2007-10,0.1825758249790818,0.059024361232662,-0.0256368144415804,0.0604052819718236,-0.1793905824961764,0.1302003715867786,-0.109148168003715,-0.1437793041684955,0.1946342964392495,-0.0637762989972563,-0.1443366374753325,0.003169
2007-11,0.0933217357187235,-0.099779793087761,-0.006280886000086,-0.0167663629529044,-0.0922244052736283,-0.0305778915512265,-0.0055148745193265,-0.0780282361249584,0.0684872569093348,-0.0464664428487026,0.1544749997827011,0.003169
2007-12,0.0843302536227963,0.0070762906304777,-0.0646416434623594,-0.0988434429587491,-0.0082317244167725,-0.0618099218199007,-0.0481156275939973,-0.0170672149270411,0.0900443489755974,-0.0870717544878405,-0.1097347911423242,0.003386
2008-01,0.0999497051337793,-0.0081316951561344,0.0261564031031348,0.0126906443483543,-0.0034662410165033,-0.0263981475313456,-0.0498628432264382,-0.0824853368194037,0.0342630930274707,-0.0516403079306657,0.0385983165148728,0.003386
2008-02,0.0239111288961765,0.0166252038777231,-0.0931102125419606,-0.0273925010876144,-0.0155072552809284,0.0288082171244607,-0.0453269573778708,0.0044429619007766,0.0213921717163617,-0.0519185670853505,-0.1917411070097637,0.003386
2008-03,-0.1572044410626403,0.0151062977178196,-0.0075621890024819,0.0626822997042875,0.0758663075066486,0.0631451011833477,0.1772496847214889,0.1270427794138312,-0.1468957036599847,0.140902408138935,0.03003033046855,0.003386
2008-04,0.0944088068534141,-0.0539948179700374,0.0017018516433042,0.0015546209359831,0.0031927031105332,0.0402081831802733,-0.0966457393878189,-0.0642126454524234,0.1012586833324693,-0.0877299844908404,-0.0765271965174198,0.003386
2008-05,-0.0211027885432534,0.0220168648572887,-0.0728020374904561,-0.0315245389027536,0.0304497255037448,-0.0026209167043801,0.0439273029674207,0.0100730768121886,-0.0025403809304975,0.0333491235238846,-0.2273588616154917,0.003386
2008-06,0.1312288364248591,0.0059110488813534,0.0210275681022018,-0.0303440575060728,-0.0932451967067285,0.1413779846374071,-0.026818068596084,-0.0528614191037724,0.0773037065226671,-0.0413217395239282,0.0327071979479451,0.003386
2008-07,-0.084809130864082,0.1847342732157019,-0.0978471986516039,0.0752640530049469,-0.0679460741393695,0.0251372239198924,0.0874089234883331,0.0557258687108776,-0.0559357476922319,0.0833586675480989,-0.1734748936530504,0.003386
2008-08,-0.0423830682238396,-0.041495656274853,0.0604305864217109,0.0622785433498883,-0.0321969745920645,0.0930046297514976,-0.0878336385207985,0.0159183938323255,-0.0232317863374585,0.0014598947589633,-0.0650665466790589,0.003386
2008-09,0.024423286259928,4.372192831836319e-05,-0.0529671588284866,-0.0228673623143746,0.0588577611385368,-0.0152873089468569,-0.0165333948114391,0.0146193488480841,0.0455410747279174,-0.0288640160509389,-0.2660883259424296,0.003386
2008-10,0.1158049577652355,0.0363917074514456,0.0152252087395753,-0.0348820260899001,0.0041697390204776,0.0362681040351243,-0.0051510265691608,-0.0076009069604033,0.1036213440443596,-0.0467683333222429,0.136910937069168,0.002952
2008-11,0.1698526187672795,-0.0210599083959257,-0.0194318400934999,-0.0668081585291404,0.0233247570740472,0.0928711958918202,0.0188249053174552,0.0650390027760903,0.1549043010745425,-0.0385327725051573,0.0147302939775523,0.002076
2008-12,0.0317600532857814,-0.1265546481462146,0.2616081483864948,0.0548647419350948,-0.0983485727383488,0.0514027713682334,0.0383127783184247,-0.0416708873199289,-0.1186522102268642,0.0471406336403215,0.1346300087713991,0.0018559999999999998
2009-01,0.0518220561862962,0.0233682685687503,0.001806725795879,0.0231085561737323,-0.068466371809805,0.0481066425594235,-0.0526710913190195,0.0228650902732702,0.0723812393760835,-0.0596027120836336,0.0567964351633674,0.0018559999999999998
2009-02,0.0886336758058556,-0.1282649122178115,0.205668597095751,-0.018878914835661,-0.1013712686989236,0.077151768753422,-0.0124542503859004,0.0092825301326372,0.0277888829196351,-0.017167511861863,0.18587449275296,0.0018559999999999998
2009-03,0.0344530146909923,0.0432174274891193,-0.0223423198056502,0.0073557395874997,-0.026029493014375,-0.0138113127764112,0.0140831863892328,0.0590378994458756,0.0865561878075663,0.028215923675109,0.0503495670167418,0.0018559999999999998
2009-04,0.0398466584992283,-0.0221883296205422,0.082223068720581,0.0237057164764038,-0.0738101531762957,0.0299300149101789,-0.0285301677172584,-0.0137754207111675,0.0405854618901089,-0.0361871278198876,0.0550874809032672,0.0018559999999999998
2009-05,-0.0881920155641099,0.0733881200578942,-0.0252618715589439,0.0623119415389753,-0.1000672595910102,-0.0604125560665498,0.0934491985364069,0.0183596768068282,-0.0700475486671294,0.0660071613153008,0.1165687964598533,0.0018559999999999998
2009-06,-0.052613205551903,0.0756369798159336,0.15211367082624,0.1011078157902064,-0.1204399413193967,-0.0197776811358372,-0.1669914863966044,-0.0721228141252281,-0.04625600857336,-0.1455785714409544,0.1725566844152179,0.0018559999999999998
2009-07,0.111835329530135,0.076037762187333,-0.2160420014674321,-0.071886395381685,-0.0180074420393104,0.129605528641248,0.0206024161016613,0.0184577905741115,0.1820099611016994,0.0306400740096208,-0.2145224038219903,0.0018559999999999998
2009-08,-0.0109289252881876,0.0304429230947195,-0.0550677064158898,-0.0294433317496981,0.0101922723022888,0.0374668401163103,0.0939050818407402,0.0618206045946568,-0.0287638851122698,0.0602303208159471,0.052957626220494,0.0018559999999999998
2009-09,0.0586482851911229,-0.0533065358883391,0.0822398983257273,-0.0235153333274885,0.0540749202459911,-0.0027638766434381,0.0125640535017363,-0.0264315547515699,0.0496848295674228,-0.0126760301221781,0.0960175100485462,0.0018559999999999998
2009-10,0.1130872794718258,-0.0249971258106919,0.0620467274164835,-0.0264336945634457,0.0401691570411551,0.0088259905915178,-0.030088673234451,-0.0572425088577096,0.1219663168730206,-0.0544961406009222,0.0840403540362235,0.0018559999999999998
2009-11,0.0302703067434544,0.0570527368936991,-0.0417396560276179,0.0191935898051821,-0.0409689902296299,0.0167214923754244,0.0097085915747553,0.0193427715852648,0.0215631787224601,0.0233504902869211,0.0311599266052783,0.0018559999999999998
2009-12,0.097420686546402,-0.0481342661852507,-0.0226538683070069,-0.0239876841482286,-0.0730317348861235,-0.0126013493621427,-0.039024603678846,-0.0305335325677785,0.1208582379270334,-0.027103998303109,-0.0854962708005051,0.0018559999999999998
2010-01,0.0616158042934647,-0.0639889376312971,0.0524390906554707,-0.012838114409483,0.0214925756634742,-0.0430126023293534,-0.0210958795747433,-0.0240181896329683,0.0556301197378843,-0.0436751037991136,0.0299461166082886,0.0018559999999999998
2010-02,0.0498017392341135,0.0310044851897709,0.028000660345017,-0.00150100016007,0.0035982552837668,0.0296288909709187,-0.0122184961922249,-0.0024177734861102,0.0312557465247211,-0.0011989533045091,0.0237442061236756,0.0018559999999999998
2010-03,0.0190781354712991,0.0027069614162409,-0.0393327380296636,-0.0564686985411782,0.0194634611658531,-0.0029210863129455,-0.0424475623447373,0.0136338523466939,0.0833016627689073,-0.0185715007862108,-0.0771475507302678,0.0018559999999999998
2010-04,0.0213563219996337,-0.0588374241803792,-0.0988907982470195,-0.0955317727424708,0.0689470619596828,-0.0956529609950455,0.023748743555848,0.0291265233258615,0.0077695620981677,0.0341069238858121,-0.0830706502447484,0.0018559999999999998
2010-05,-0.0069815851656608,0.0714397892049831,-0.0184300267521388,0.0367126788430237,-0.0292228027624262,0.008423865753252,0.0767166004758627,0.0500805373713523,-0.0107892652915845,0.0536633217856683,-0.0761764920604498,0.0018559999999999998
2010-06,0.0663779046869529,-0.0324512101662725,0.1333099569312192,-0.0021358677109796,-0.028241741366128,0.104240390459671,-0.0407955523670452,-0.0159833796471073,0.0573247039075507,-0.0628567794143102,0.1228646766470324,0.0018559999999999998
2010-07,0.1098479644963019,-0.168187701709613,0.0183307823633232,-0.1363722812203404,0.154480363096052,-0.0849940686057539,-0.0660859271310598,-0.0173555129924057,0.1175441582568334,-0.1223073315934631,0.0241126514139911,0.0018559999999999998
2010-08,-0.0243791610235923,-0.0127376349332283,0.0251687213905415,-0.0854729964069035,0.0491337789851654,-0.0686807812820254,0.0118215512476644,0.0002602157334516,0.0242272096201153,-0.0166973977315979,0.0086817205443905,0.0018559999999999998
2010-09,-0.057311181601892,-0.0547974834577368,0.1759274951229128,0.0681117465701752,-0.0544514314155779,0.048579872338235,0.0571703742667058,0.0909293723646132,-0.0945300104835941,0.0033550753387069,0.1225817222650628,0.0018559999999999998
2010-10,0.11860694043516,-0.0161629719427138,-0.0933326352487919,-0.1208049901424197,0.1600823409269066,0.1919360204122407,0.0196539630760595,-0.0139784784420579,0.1410757480179928,-0.0141532167345853,-0.0465063452425436,0.0020599999999999998
2010-11,-0.0131192666646839,-0.0058951102762312,0.0598425962466737,0.0425850194024315,-0.0087899587088253,0.0634017823081669,0.0305295091118586,0.0478842027716579,0.0342049609551126,0.0388559288160701,-0.0089246009148175,0.0020599999999999998
2010-12,-0.0763492967627765,0.10707239722613,-0.0529128855038739,0.1174075743643067,-0.1165038187498089,0.0215625094645944,0.018543483790967,-0.0044228747977971,-0.0298371526953313,0.0683098084647251,-0.0196988688080594,0.002263
2011-01,0.0607158879045001,-0.0893904731124589,0.1035518307499173,-0.0447666937885189,0.0745227928626961,0.1126384286469739,-0.0424088422828752,-0.0165543313976113,0.067764287646943,-0.0767554707932955,0.0524292115974637,0.002263
2011-02,-0.0344826621862776,0.0843015653810158,-0.0521395550261717,0.0246377192722661,-0.0507951660636787,0.0226322414549928,-0.0099430853909518,0.005224788261642,0.0076184203596967,0.0121526427502353,0.0018528134456897,0.0024660000000000003
2011-03,-0.0625951191157464,0.0641329341972929,-0.0575005402771332,0.0567254196666827,-0.0493528306968994,-0.0326992197709737,0.0174903251890858,-0.002839719063079,-0.0051738977569057,0.0353979127970257,-0.013800257705009,0.0024660000000000003
2011-04,-0.0293426074364249,0.0300962070740897,-0.0445841582263159,-0.015677916057813,-0.0180920421457194,-0.0138870253737604,0.0413564669970322,-0.0047533408814726,0.0008485963642963,0.0336103642390451,-0.0595211948518169,0.0026690000000000004
2011-05,0.0228428876720604,-0.0508608870709193,0.0632531260575113,-0.0344230445045403,0.068773918544002,0.0378661154945725,0.0241305635320396,0.0341452002607209,0.0115332999633504,-0.0056096618806197,0.023471479971015,0.0026690000000000004
2011-06,0.0540882168728122,-0.0134669378986571,0.0069833776763352,-0.0776317556174141,0.0160385516407419,0.0340216412185008,0.0060776528543777,0.006311566192335,0.0605529298994425,-0.0207728421607667,-0.0120369130342476,0.0026690000000000004
2011-07,0.0492790638243116,0.0178728720537422,-0.0102205179875274,-0.0400503341065796,-0.0352755019629564,-0.0402002076319432,0.0318442752430565,0.0180427500058317,0.0492155939064177,0.0189223409012951,-0.0470098303177567,0.0028710000000000003
2011-08,-0.0420018896406597,0.1169991261532555,-0.0595640165944348,0.0731984832350539,-0.0218213306406787,0.0140379679957476,0.0194281308310815,-0.0383159037843561,-0.0083200064026647,0.0523944204427195,-0.0880072559672624,0.0028710000000000003
2011-09,0.0204341288830104,-0.0152473016634617,0.0071250615079814,0.0122007405431487,-0.0254180615765885,0.0271217611206701,0.0061978247029577,-0.0249572043200371,-0.0209824753573358,0.0239746914997273,0.0440919622525522,0.0028710000000000003
2011-10,0.0324226700498554,0.026399741923177,-0.0839731749228687,-0.0478685528076203,0.0432245361070318,0.001662598634078,0.0112399066589426,0.0127731564531089,0.0308561837255162,0.0120806471063165,-0.0508305374180119,0.0028710000000000003
2011-11,-0.1176622087771953,0.2133400180352937,-0.11448002332666,0.0815258825688026,0.1131971760194597,0.099883014824478,0.1336939217920269,0.0153224419218099,-0.0797518791928153,0.1576062597025817,-0.0694604202086318,0.0028710000000000003
2011-12,-0.1063805307375036,0.0513182635595798,0.0435069929282602,0.0448631617971251,-0.0462591959886966,-0.0042954392306302,0.0065382277059763,-0.0137235025356177,-0.0557816850387854,0.0168212783822439,0.0331497736239971,0.0028710000000000003
2012-01,0.1118340490454942,-0.1343483569198719,0.072486635364616,-0.0428255603769572,-0.0701732932283892,0.0820286591871408,-0.071260227659271,0.0164933964799084,0.0696709964514967,-0.0832928409387701,0.0702392314437748,0.0028710000000000003
2012-02,-0.0097264448203038,0.0513076082827154,-0.0648750401133003,-0.0173143220162833,0.0667102673248261,0.0434013340827934,0.0311295767998547,-0.0170184524327787,0.0187316426766561,0.0361050123459523,-0.0688963715859271,0.0028710000000000003
2012-03,-0.0106832273522097,0.0057066433491688,0.0735397397231894,-0.0078358377209288,-0.0419668202902583,0.0258156936666759,-0.0429079677944915,-0.0209163732643058,0.0267352242640968,-0.0554809683012447,0.0598558667730254,0.0028710000000000003
2012-04,0.0575446402350821,-0.0636640846975955,0.0484722649786662,-0.0423199448983479,-0.0038190761955507,0.0012353933951857,0.0072160724300498,0.019976695482531,0.0286954753686211,-0.0090660912551087,-0.000908094557369,0.0028710000000000003
2012-05,0.0263017302557748,0.0596664683066705,-0.0945516326540153,-0.0213275578911897,0.0677336342074532,0.0052259418094143,0.0725441477839365,0.059745459526812,-0.0005111114543968,0.0767121262504096,-0.0506826322036303,0.0028710000000000003
2012-06,-0.0930852129572125,0.0640094851283078,-0.0304325294601966,-0.0132838920404467,0.0759015433735212,-0.049910400621463,0.0654548068814397,0.0257887565072836,-0.0413895710607864,0.0575516697814744,-0.053839473047893,0.0026690000000000004
2012-07,0.1015851965431355,-0.0003842065711668,-0.0352355715392333,0.0314196073035126,-0.0729194716377821,0.0705575084391955,-0.014083120651509,-0.0244205813777588,0.0743554500931285,0.0081230964738657,-0.0257223986994261,0.0024660000000000003
2012-08,-0.0158284338444114,0.0076948782746385,0.066086936985449,-0.0551473219900014,0.0351910815833252,0.0879732794195496,0.0232038875987176,0.0173717929728692,-0.0478342922249703,-0.014346181520862,0.0247932745256998,0.0024660000000000003
2012-09,0.0006854351456435,0.0108565058706447,-0.05738703729479,0.0254582746106644,0.0121012499771993,0.0448096883376075,0.0018423833339592,-0.0126110050901812,0.0435042580005109,0.0003668872257346,-0.0098037991857992,0.0024660000000000003
2012-10,-0.0802486635963471,0.1255126183465746,-0.0846938587111513,0.0754269088487102,0.0366638366714548,-0.0290841334298101,0.0232129794131652,0.0252873668122059,-0.0342483072243879,0.0593553489492893,-0.0592228085204775,0.0024660000000000003
2012-11,0.0445923038755404,-0.065114318205317,0.128694921950786,0.040059413692779,-0.015204398750529,0.0613566502408797,-0.0418734739421949,-0.0021484543482517,-0.0126578962117063,-0.0145593793052718,0.1503979867581179,0.0024660000000000003
2012-12,0.0052640849901486,0.0167013160534977,0.0121339283705664,0.0462902433114321,-0.010583283251761,-0.0244179878201851,0.0364126106960365,-0.007083290035052,0.0425784897991796,0.0708948299736335,0.0503065114201958,0.0024660000000000003
2013-01,0.0779650828842941,-0.0707132287363751,0.0264531608265086,-0.043690914299968,0.0330704901977284,-0.0548222507570619,0.0078294414172388,0.0111878045868263,0.0518393728165135,0.0045230229118097,-0.0007218583271665,0.0024660000000000003
2013-02,0.0088488147304142,0.017873388304108,-0.0965152085383023,-0.0481127976319551,0.0342798675974123,-0.0657785798768226,0.0327649624185683,0.021191868274949,0.0595946588747489,0.0247790304398337,-0.0517994968873474,0.0024660000000000003
2013-03,-0.0039666016884218,0.0086681343095191,0.0264956082245939,-0.0031629289946651,0.0596767796985182,0.0197703067318586,0.0107728929725578,0.0253659126313693,-0.0040058885497568,0.0041329754922381,-0.0245439373136992,0.0024660000000000003
2013-04,0.1454285243026807,-0.142237912416201,0.0339204350003106,-0.060368163360479,0.0366109228979134,0.0133155170468701,-0.0359346114352996,0.0330548980346911,0.0547838295343211,-0.0318106805843801,0.0767883159280277,0.0024660000000000003
2013-05,-0.0197429389946078,0.0220718989552226,-0.1116282997319876,-0.0597836568788364,0.1042226478938264,-0.0253858841741876,0.1065891792877762,0.0393689004827442,-0.012097004483999,0.0887576947739885,-0.1347449851386443,0.0024660000000000003
2013-06,0.116968430111839,-0.0779217180872819,0.0297845355981456,-0.0366553675317981,0.0747112321745344,0.0424386462922704,-0.0338521344196079,-0.010868725772492,0.0264010620950563,-0.0276475742223461,0.0286206928439357,0.0024660000000000003
2013-07,0.0301333172467986,-0.0120759118858781,0.0474787031489063,0.0528977038465481,-0.070645529953986,0.0364122898661243,-0.0661285863433611,-0.0258248556741444,0.1232092182796482,-0.0704403860388626,0.0524938228098133,0.0024660000000000003
2013-08,0.0386084735313049,-0.1781237178176806,-0.0042512863016779,0.0059660075256149,0.107729931111571,-0.0233089236903583,-0.0208213164480699,0.0272350230800824,0.0750270599846074,-0.0205545351518113,0.0408061750287633,0.0024660000000000003
2013-09,0.0079649980698771,0.1394175804651077,-0.0009118047498994,0.1114390582007913,-0.0684705111643889,0.092707002598541,0.0203833339183071,-0.0178037634447371,0.035333042081585,0.0441347437822498,-0.0199788250336712,0.0024660000000000003
2013-10,0.15695180557832,-0.0551320294451961,0.0417750278205935,-0.031045482277669,0.0138690673587836,0.0266171000832171,-0.0383417476718124,0.0141174165703756,0.0346034365178651,-0.0465894660333532,0.0438870800196898,0.0024660000000000003
2013-11,0.0250975197492657,0.0305075602734374,-0.0206706563694488,-0.02382271757243,0.0204534155278541,0.0011942620213705,0.0217769726284482,0.0129727514917129,0.0221175110414142,0.0123403100675137,-0.0415249108450957,0.0024660000000000003
2013-12,0.1088089102608605,-0.1530010544631856,0.0862380801970771,-0.0618066437464653,0.1497453953922517,-0.0023591612921815,-0.0087848716639934,0.0335068959485256,0.0206611600712805,-0.0294957544655581,-0.0242754564385942,0.0024660000000000003
2014-01,0.0383682873915418,0.0370693614360347,-0.0169380418556912,0.0550176157522594,-0.037576496229227,0.016237769269513,-0.0672239874226701,-0.050436781883104,0.0664981248636774,-0.0222328613640606,0.0117491301229071,0.0024660000000000003
2014-02,-0.0187776328189205,0.1257988574059347,-0.0639417058121704,0.1050845088175962,-0.0818918149985367,0.0505992486948019,0.0470564143218463,-0.0178426253311816,0.0731914882686935,0.0422078791301995,-0.0195807047579757,0.0024660000000000003
2014-03,0.0053504714986784,0.0270886272241591,-0.020103544915536,0.0071416762194827,-0.0266490736020339,-0.0068212003447253,0.0247387373172867,-0.0007885209920171,0.0033901224727094,0.0234228648745506,-0.0052840777956343,0.0024660000000000003
2014-04,0.0556775217571525,-0.00355175708819,0.0248597215238135,-0.0107406235171772,0.0320576093656765,0.0150575811054783,-0.0351465265908953,-0.0023360937914831,0.0095220795573515,-0.0183047155653669,0.0137078028303083,0.0024660000000000003
2014-05,0.079466188313398,-0.0247094012693746,0.0196079874925219,-0.0138679939089872,0.0135956762907105,-0.0122449782104453,-0.0056489843330195,-0.002289242696153,0.0337119167597836,-0.0089593764998374,0.0253984036307601,0.0024660000000000003
2014-06,-0.0205025829632062,0.0477537528211752,-0.0269058893677342,0.0859660808383718,-0.0887056867646655,0.070288480238094,-0.006197030040554,-0.0434968883628583,0.0382803703758862,-0.0212038434069116,0.0830728972847865,0.0024660000000000003
2014-07,0.1014821071229356,-0.0389571850574487,0.0404075868742946,-0.052410233375196,0.0367944579066548,0.0675190391926329,-0.0745146962746773,-0.0145360463105235,0.083656680130401,-0.0641647427794489,0.0147655104501903,0.0024660000000000003
2014-08,0.1324546324291587,-0.0717916431026991,0.0445226252729125,-0.060780443274656,0.020703721868656,-0.0755109077205404,-0.1236341159538328,-0.0231370137131119,0.1118109932926448,-0.1210425416959457,0.0763124363218059,0.0024660000000000003
2014-09,0.004944534983683,0.0315103155949889,-0.0032116040130251,0.0205366454340206,-0.0069630440029944,-0.0109405299215341,0.004197749725148,-0.0022336087496955,0.0377388056373682,0.0183157383431942,0.0216155888165793,0.0024660000000000003
2014-10,-0.0554550447452083,0.0969863292626714,-0.0082440363464037,0.1078807187000081,-0.0699454879469786,-0.1013635398059011,0.0198348813764476,0.0889914419557473,-0.0494497463101033,0.0704041740690362,0.0923258359796108,0.0024660000000000003
2014-11,-0.396829182915332,0.2395824502372007,0.0022611424662549,0.3585900924515196,-0.2054607971777342,-0.3637289089767861,0.2074357327842867,0.1409769940743135,-0.3375968453546104,0.2791613729274105,0.1542344506514347,0.002263
2014-12,0.129683530153008,0.0411547322771465,-0.1173528785747906,-0.1349330632028073,0.0056201617804127,0.202389121369781,-0.0830943300349506,-0.04266376923662,0.3240578649142485,-0.1053580003782926,0.0101738515967502,0.002263
2015-01,0.054398261036922,-0.0468443454107392,-0.0620464435248175,-0.1034894502700018,-0.0324646810806662,-0.0728645160786232,-0.0408737140657875,0.0578673353283843,0.1113168814176982,-0.0430888798843787,0.0440309317247731,0.002263
2015-02,0.1522302658683449,-0.0487935190940566,-0.1028892046718757,-0.0851761710568525,-0.0602636014994312,-0.1061410443155293,-0.1026001236913811,-0.0360593740741102,0.1594314329463931,-0.1078071709528106,0.1513505147499949,0.002263
2015-03,0.0230956259338193,-0.0864074262410327,0.0354276830566064,0.0286012577050194,0.0785915613804527,-0.0806623711615797,-0.018634816588488,-0.0424556084006265,0.0679405664214845,-0.0165701203874777,0.1737409984998387,0.0020599999999999998
2015-04,0.4331561223425467,-0.1457810415722301,-0.0843500452029762,-0.2746624563395281,-0.0709225620910811,0.1601848775815942,-0.17173303688824,-0.0921467175141596,0.4099080340766832,-0.2030186063252184,0.072486319523263,0.0020599999999999998
2015-05,-0.0468940263331136,0.2447730638420102,0.2003780954979863,0.2370511431520758,0.0063515826062957,0.2327546487532245,0.0669428432389752,-0.0591628058376712,-0.0331246447084492,0.0658405554925996,-0.0793039993949255,0.0018559999999999998
2015-06,-0.0655430316876753,0.0967170927376131,-0.0453123796717876,0.0789952229394834,-0.0590959443759887,0.0760786790314739,0.1041923594425602,0.0599219405853586,-0.0523905312313193,0.0910615685835225,-0.1491702101858815,0.001652
2015-07,0.0037511398684783,0.0898221536190342,-0.0105824455326276,0.0957791033357684,0.0032448156631211,0.0333141377902296,-0.0023893860940451,-0.1005886657381544,-0.033062431580609,-0.0295965749222625,-0.1373044704590389,0.001652
2015-08,0.0545682370052154,0.0451706306452107,-0.0229960669116828,-0.0063649333468688,-0.0417943244328676,0.1005595639948514,0.0476990229065888,0.0479466037628668,-0.0355317330740731,0.061382868024829,-0.0434869569398935,0.001447
2015-09,0.2112853372922926,-0.1642282645768832,0.1980523827391264,-0.1608087958004321,-0.0800500300637691,0.0337862032156434,-0.061880918383332,-0.008771293637367,0.1061008074754433,-0.1099521560719002,0.1468251343364843,0.001447
2015-10,0.2230674880600761,-0.0713647449244264,0.090290874220265,-0.0321231505336658,-0.0634054192937991,-0.0451022851132392,-0.0193999352109245,0.0285811791032177,0.1378892288068851,-0.0006576660610897,0.0373040958762032,0.001241
2015-11,0.0548967166329266,0.0279311943785581,-0.0047800888867515,0.0075905377269877,-0.0461453477790781,0.0350880965243833,0.0226119652584446,0.0180756247385473,0.0695328217352597,0.0187987141711044,0.0398402028706506,0.001241
2015-12,-0.101123216993823,0.1474422931203839,-0.157924723586515,0.1526641409654207,-0.1241203471003655,0.0403256124625391,0.0697827789716089,0.0286903904414188,-0.026125499603579,0.0971697704141099,-0.2496089904323917,0.001241
2016-01,-0.0133450444607133,0.0347473362026406,-0.0135717961822345,0.0202307179067097,-0.0185649538095698,-0.0112557949297997,-0.0119329489140864,-0.0370504504352137,-0.0034242147658065,-0.0152886610387024,-0.0192523379790824,0.001241
2016-02,0.1423414398181438,-0.110107359761716,0.133856157582552,-0.0770786948137808,-0.052097537170906,0.1413842440482176,0.0025738206800417,0.0359594489639296,0.0360499400818786,-0.0453222679014372,0.1442786805522395,0.001241
2016-03,0.0251804936244284,0.0322625511905611,-0.0392962096513802,0.0186977941726015,0.0348061399307396,0.0362911958495194,0.0050287585026154,-0.0373097002515406,0.0420884154381869,0.0048810983363271,-0.020593534369584,0.001241
2016-04,0.0098163096039541,0.0096885609053297,0.0082629153173391,0.0158957858120011,-0.0074126818475208,0.0215038835646063,0.0486423244056453,0.0095961426533387,-0.0144494008948285,0.0380906991217644,-0.0028851529132223,0.001241
2016-05,0.0981260946861249,-0.0594444589327609,0.067229741674941,-0.0503609745493123,0.0153698565816102,0.0023680154813379,0.0089692880233335,0.0150907792562838,0.0278519771545023,-0.0001088630241348,0.024839033110388,0.001241
2016-06,-0.0577252782251204,0.0976837689526857,-0.1206951809100905,0.0745567659117996,-0.0370015907977621,0.0587678605624195,0.0568882167479748,-0.040799964022709,0.0602889001147432,0.043046253133279,0.0158613872006237,0.001241
2016-07,0.0315721397518175,-0.0344311354905045,-0.0014284617231762,0.019834890967256,-0.0280010685182969,0.0767333856442853,-0.03544973988726,-0.0075843803101771,0.0294233560878359,-0.0144308445349948,0.040927357948625,0.001241
2016-08,0.0324356487363786,0.0170770912408881,-0.0230118981252845,0.0014909996776754,-0.0104270409158753,-0.0110581261363443,-0.00078505793214,0.0072751141327095,0.0475408945947027,-0.016155864078681,-0.0206921857337329,0.001241
2016-09,0.0279363536886488,-0.0162415548865031,0.0149684383901171,0.0009095070911256,-0.0071795418280653,0.0359666618361669,-0.0201892537692533,-0.0272257950725744,0.013694171094809,-0.0189108071453599,0.0281377150665567,0.001241
2016-10,-0.0019973451525041,0.0192088117201929,-0.0096644913702758,0.0538889883261077,-0.0802927158365954,-0.0619478768300615,-0.0198592434988088,-0.0507393139094047,-0.0237114173711596,0.0257367934376386,0.0424813909444561,0.001241
2016-11,-0.0333730019210756,0.0504658609762118,-0.0268359446073902,0.0216526818391425,0.0203248579476995,0.0259892247879589,0.0020740228981024,-0.0281592749575414,0.0353584870884361,-0.0115609655715537,-0.0489015757994026,0.001241
2016-12,-0.1016849674135408,0.0729061489547483,-0.0261245215798437,0.0762690273860619,0.0463960118721082,-0.0067451829967671,0.0493576231909714,-0.0321717498397459,-0.0528564635263337,0.0705733851436151,0.0112608404049648,0.001241
2017-01,0.0273507885818821,-0.0005289052431795,0.0402950765069665,-0.0072554152182649,0.0055758714902467,0.0536825063036038,-0.0038969569238969,0.001098315647011,0.0205000419539291,-0.024756015852425,0.0256483723915931,0.001241
2017-02,-0.0291818289213707,0.0253764336462183,-0.0148827019742477,0.0009467360580618,0.0708577389884964,-0.0197037044261977,0.0773233536105615,0.027579520518137,-0.0239255172961378,0.0373915997642884,-0.0056891482812685,0.001241
2017-03,-0.093455986335623,0.0882086729562933,-0.0697056803885716,0.0120453986783309,0.0437610917526457,-0.0767921637842147,0.0815133338607891,0.0125906028623026,-0.0638601552162634,0.0659435064372223,-0.0221650758023444,0.001241
2017-04,-0.1091384493125664,0.1188854702548661,-0.1271463065808865,0.0670214410154276,0.0341097286132819,-0.0925726635419393,0.1387593209153974,0.0084200628774109,-0.1003851157357985,0.1517839079218333,-0.015019083595387,0.001241
2017-05,-0.0133045155398487,-0.014126329213855,-0.0035463878989005,-0.0582178239678436,0.029713533105666,0.0361421219639101,0.0560646725604749,0.0163941906123093,-0.0094026799932976,-0.0002889924531945,0.0436428427718941,0.001241
2017-06,-0.1094159847076237,0.098764665505992,-0.0213664559346078,0.091526593817283,0.030108710378117,-0.0545460735773333,0.0438108565847132,-0.0363504728821594,-0.0433923272315462,0.0790621718726716,0.0309450972310581,0.001241
2017-07,0.0454355351313856,-0.0345318446859044,0.0412528560895781,-0.0172585958537528,-0.0160227504944715,0.0497692371433617,-0.017399102414042,-0.0028552732080975,0.00848368347323,-0.0203703840534987,0.0257509734544931,0.001241
2017-08,0.0174194292649566,0.0125218109480239,0.0083919028931974,-0.048872461624216,-0.0284629110896773,-0.0061702291831939,0.004997068912221,0.0390968567607981,0.0199755029418877,-0.0380396819740099,0.0077592915221574,0.001241
2017-09,-0.0565455284833753,0.0766212465474581,-0.1204598299040994,-0.0569078702724589,0.1176875947154614,-0.0322552823838193,0.117085106745035,0.050076024996397,-0.0363116255667187,0.0658888253690734,0.0145546087105614,0.001241
2017-10,-0.1062718824563193,0.0347842930423847,-0.0066204544638958,0.0398121567531175,0.0900474366903138,-0.0108283073473317,0.0713211782951034,0.002018445348674,-0.0611931871727159,0.1040065224427257,-0.0254614345084801,0.001241
2017-11,-0.0410712909771587,-0.0170130443210752,0.0188824993313335,-0.0473623717418285,0.0684963961517294,0.0010272532955143,0.0641522839406329,0.0293769091412541,-0.0293263392669961,0.0277550660479633,0.0012174093321082,0.001241
2017-12,-0.1393493742351855,0.1246413263498941,-0.1186030263908907,0.1028787867093927,0.1158467919047687,-0.0151303075369359,0.0948368456550416,-0.0225861928603819,-0.1073085867307434,0.1670693671921351,0.0424578614476145,0.001241
2018-01,-0.0071880572253862,-0.0680879409141226,0.0375472334797485,-0.0387156445969335,0.0172962972753513,0.0772085352013719,0.0277675993032473,0.0602519579452787,-0.0070127575032472,-0.0161463542309672,-0.0557010458813342,0.001241
2018-02,0.1622475649793756,-0.0442048602064231,0.0004585246333415,-0.0434238787286531,-0.1363746214701831,-0.0159140386078424,-0.0727313897913633,0.0197174006958198,0.0932627702642717,-0.118031295844042,-0.0145129825645619,0.001241
2018-03,0.0046411191694328,0.0466614589868395,-0.0215715191108874,0.0098463033476,0.0354615697028468,0.0020426481480032,0.012007293835003,-0.0078091718014726,-0.0087173659733188,0.0238391330377647,-0.032005017394186,0.001241
2018-04,0.0385697026461563,0.0490007599549408,-0.0336458265668841,-0.0969452452862239,0.0521725419393186,-0.0411577606747296,0.1289748618131626,0.0264712173714068,-0.003093796233831,0.0386818122067879,0.004000767917384,0.001241
2018-05,-0.0282741404734729,0.0111115301133565,-0.0100259194866786,-0.0006457566481043,0.0693572478205292,-0.026562434608255,0.0813906621531717,0.0211333395939375,-0.0567886576972346,0.0794629155189187,-0.0766666775766271,0.001241
2018-06,-0.0475908172223536,0.0746410804476997,-0.0513583188233183,0.0956570036077974,-0.0271264031612286,0.0059438445526167,-0.0241474711138128,-0.0539263927923672,-0.0093337701305051,0.0321506621653367,0.0149005528474206,0.001241
2018-07,-0.0694603372972933,0.0745236869185589,-0.0264558135788836,0.0475929624043886,4.8576603036532e-05,-0.0632146162805814,-0.0359977113580458,-0.0183944798509707,-0.0161420748925905,0.0203702072526209,-0.0551841055589706,0.001241
2018-08,-0.0607348826250612,0.0314394767407534,-0.0899158205193989,0.0188380863072041,0.0316295784443946,-0.0344294262547476,0.0206173147774509,-0.007425666667368,-0.0488518097248922,0.0373541785619822,0.0274503575201304,0.001241
2018-09,0.0229826414401688,0.0874456054447862,-0.01787043091441,0.1408196225840701,-0.011763564230802,0.001723691189802,-0.0592483823883939,-0.0343798336799583,0.0047071171903828,0.0499423642974189,-0.0869714942734156,0.001241
2018-10,0.056664252552641,-0.068426833833576,0.0580338131428272,-0.0424811228294037,-0.1074168083095457,0.0559541351123856,-0.0550320757970432,-0.0195615929895645,0.0897671269522529,-0.1008185869463019,0.0100606433439458,0.001241
2018-11,0.0256562804225858,0.0340038106523315,-0.0394699949106003,0.0072166055291731,0.0222576451965365,0.0156961616806394,0.037692121738313,0.0005286446411577,0.0041831378009407,0.0469782907407116,-0.0409316570460542,0.001241
2018-12,-0.1217332685426457,0.1391816436771357,0.0103958047029255,-0.0058156331941604,0.0824974739646372,0.0128640300462095,0.140137190041019,0.0437345281157742,-0.0678253637384326,0.1277716070349817,0.0333547211070051,0.001241
2019-01,0.1025499234032379,-0.2452533314395309,0.2270495280745546,-0.0399283892966917,-0.1804102325897106,0.1964506998424623,-0.1632081590254341,-0.0716324320834113,0.052875605306855,-0.2212235114557948,0.1545684151923825,0.001241
2019-02,0.0548566153889445,-0.0873725221728939,0.0438485149552884,-0.1186021487662924,0.0340050490913283,-0.0584575818549477,-0.0342604203390636,-0.0170977033120748,0.0775783125598326,-0.1116411535825331,0.0641201756306838,0.001241
2019-03,-0.0575516523472918,0.0694121696370025,-0.0678058231597509,0.0033707989488385,0.0890445668693128,0.0312530720453339,0.0845528207000794,0.0027302314492108,-0.021224031967456,0.064555530740566,-0.0080814548153847,0.001241
2019-04,0.056882173101355,0.0167151734801334,-0.051391298755713,-0.0049536177836944,0.0197600761044929,0.0147905112222794,0.0117689042000982,-0.0183031137190486,0.0339214845609589,-0.0006873973612648,-0.0585269775012305,0.001241
2019-05,-0.0326157559733716,0.0898702370883986,-0.020788546417777,-0.0266628771647494,0.0737391296651181,0.0613810880946516,0.1063178299010097,0.0513526340056349,-0.0394410558167172,0.0805604451432923,0.0345908486478771,0.001241
2019-06,0.0004064350787191,0.0388985927927691,-0.0099322482968234,-0.004940543981926,0.0110106487431614,0.0111736550724678,-0.0158284216535965,0.0122569287828976,-0.0166986264135598,-0.0094529507736845,-0.0018761097752273,0.001241
2019-07,-0.005139934857089,-0.0538007374686348,0.0718555034945895,-0.1317857472239174,0.0612996585269661,-0.0393357392459552,0.0130973734939348,0.0099451133805825,-0.0294454853942013,-0.054187981964792,-0.0096125907270776,0.001241
2019-08,0.0335987999923373,0.0423312438396683,0.0343748839393474,0.0249359669989371,-0.0418897450962139,0.0212105867930093,-0.0015761292585172,0.0126265774344651,0.0104771915618119,0.0133958412093963,0.0066201870700496,0.001241
2019-09,-0.0281995325797414,-0.0023069898428883,-0.0279211539596855,-0.0030881884685799,0.0487730876689868,0.005777659081133,0.0346766495374154,0.0332253311974389,-0.0094593512371492,0.0431173371790396,0.0128246085144742,0.001241
2019-10,-0.0236570783891733,0.0004064295734759,-0.0040234547002845,0.0140945750441901,-0.0029573253185415,0.0277271123971999,-0.0007153966002255,0.0254106764544579,-0.0035045191253629,0.000791450574058,-0.0155917191321006,0.001241
2019-11,0.032832685449455,-0.0401082155611206,0.0619515372532784,-0.0123528610409454,-0.0026989307171651,-0.0471221387326299,-0.0032307381593316,0.0208439398199414,0.0027381042360811,-0.0271049248448533,0.0682262985443646,0.001241
2019-12,0.0219586420669009,-0.0979685503790473,0.0635851099801012,-0.058949316588233,0.0345007803134134,-0.0176157843248853,0.0161696095514691,0.0758444796448951,-0.0003756356862327,-0.0125211264907266,-0.0121439253695438,0.001241
2020-01,-0.008799864201784,-0.0842008764440968,0.066573484914922,-0.0754201692710233,0.0789437216510492,-0.0771216996908746,0.0010555153323918,0.0252776267292375,-0.0399570754560429,-0.0434150693379544,-0.0100279333092755,0.001241
2020-02,0.0668573925859391,0.1359360400088645,-0.1283026138511916,0.0125989952344557,-0.042805801439501,0.0591364007652734,0.0516657964094634,-0.0010986633718091,0.1033141185643994,0.0401141059232628,-0.0560164357409609,0.001241
2020-03,-0.0514753965317458,-0.0451778679451969,0.0930622156051534,-0.0884446675007502,0.1374616656285532,0.1041914574466806,0.0801025941863045,0.0615198827434898,-0.0564517175054214,0.033819421004568,0.0479761648820985,0.001241
2020-04,0.0535183961084302,-0.0027161160213831,0.003490439451199,-0.0695367667373381,0.0379875163939056,-0.0489401784039506,0.0238428000481472,-0.0053872903575793,0.0459052470378536,-0.0041291033413824,0.0029764782615495,0.001241
2020-05,-0.0016540970636094,-0.0576507544988798,0.1560464625183666,-0.1347872101678819,0.1480968227078773,-0.0061110190799182,0.0247027301647004,0.0736531419494434,-0.0724874502777911,0.0044388339113766,0.0758185123037093,0.001241
2020-06,0.0015295246764493,-0.050443209899705,0.0508083592780543,-0.099552530581434,0.0177068606524685,-0.0437020818364366,0.0038127444789001,-0.0069203123172214,-0.0020520694769738,-0.0190518890366809,0.1309584695640019,0.001241
2020-07,0.0548421685620595,0.0932459071510488,-0.0339422462795152,-0.010455800057239,-0.0501395772599882,0.0139909447586308,0.0636413689299838,-0.0284697875198188,0.0394987601931027,0.0103606354548467,0.0265364424064676,0.001241
2020-08,-0.0036467790899649,0.0338215131888967,-0.0016211848253166,0.0215535486213861,-0.0034636510484282,0.0123927726156864,0.0101605792187531,-0.000520814290068,-0.0097320527750363,0.0243287976629469,-0.0556625551295327,0.001241
2020-09,0.0243872227270001,-0.0190566214719359,0.002666994042801,-0.0249149953838468,-0.0067499495953539,-0.0554695358692644,0.0418967149463799,0.0222732670942779,-0.0326255712311614,0.0206951921564063,0.0104358337521883,0.001241
2020-10,-0.0293165831026584,0.0988955138748942,-0.0790210980124772,0.0882155626254443,-0.0725451345222124,-0.0283427168825253,-0.0383576134177654,-0.0268453691410089,0.0147421192030151,0.0274770987965935,0.0417223607605862,0.001241
2020-11,-0.1498888836894818,-0.0423904916390626,0.0875533235089802,-0.1907842362724578,0.2138679546685659,-0.0092563694457602,0.1476833894254,0.1246570954365102,-0.1185352177589686,-0.0042331034499236,0.0273386978214073,0.001241
2020-12,-0.1377628060354856,0.0153504295837535,0.0074053600916519,-0.0508587789962171,0.1063351968250359,-0.116027107398365,0.1304991554058923,0.0987543922389904,-0.1047600977311227,0.066050712821792,-0.0005916374257983,0.001241
2021-01,0.059955517719959,0.0932917070984574,-0.06499160362201,0.1070048393134077,-0.081916387344161,0.0581649758248344,-0.0186498188898262,-0.0382703103454809,0.0635187902512095,0.0455554087105678,0.002600147639391,0.001241
2021-02,0.0814425409290208,0.0899628615976164,-0.1100759657762389,0.1079443594153589,-0.0275823205338251,0.0137170364778323,-0.0541223704132868,-0.0562458751136675,0.1288126173022167,0.0133705418005944,-0.0254366959944284,0.001241
2021-03,-0.0190052929451905,-0.1436716475799823,0.1040765326524239,-0.105152892467851,0.1048706439069836,0.0337428344136433,0.0359591299378813,0.0407460016509212,-0.0031419200073618,-0.0548916699475071,0.0158304711769725,0.001241
2021-04,0.027640231201791,-0.0820319658380182,0.0320737309384882,-0.0424634620830534,0.0003226127609621,-0.0221012474421893,-0.0172958938469742,-0.0159829508881826,-0.0142455032801086,-0.0385091792650495,0.0495165235989129,0.001241
2021-05,0.0565374773058112,-0.0605648380949248,0.0005044743850343,-0.0217746203041241,0.008356840869161,-0.0617632748501962,0.0176890414015883,0.0112529531042536,0.0255770366475059,0.0133208159032086,0.0062193701087142,0.001241
2021-06,0.0569627177807563,-0.0704863704134233,-0.0035281445011838,0.0035913361595989,0.0076567485807899,-0.1580777653443298,-0.0528603944774642,0.0230989348836415,0.0295613514933998,0.0062043183720911,-0.039879886296095,0.001241
2021-07,0.0551812521799708,-0.0205500359822844,-0.0428804000689571,0.0799468088426934,0.0592509061137523,-0.1394215100283542,-0.045540046686529,-0.1087784933653485,0.0611325093448589,0.0068391881283228,0.0348670983572876,0.001241
2021-08,-0.0364843844636896,0.123489506479199,-0.0760216049316237,0.0360061653782878,-0.1122767986492991,0.1215134890814516,0.0125810983534799,0.0363423126034704,0.0403510764125724,0.0053539067260322,0.0013043987568681,0.001241
2021-09,-0.0465407954994898,-0.0488204191253554,0.0486063591670918,-0.06364093166618,0.0464104772413402,0.0719092569691048,-0.0103694401689431,0.0793350070226046,-0.0445006814983385,-0.0371772844929593,-0.0012320708823374,0.001241
2021-10,0.1742543537380987,-0.0062472252753203,0.0697330542989779,-0.0409258600578511,-0.0260085528935066,-0.0010427100756186,-0.0289391344228826,-0.0282436510930955,0.1103926757721591,-0.0337465078406754,0.0204038947432898,0.001241
2021-11,0.0044812210514331,0.0901674549038104,-0.0526922774563353,0.0741017899204515,-0.1315676563483468,0.0854132872071471,-0.0495703091262176,-0.0854741029239723,0.0910924648595022,-0.0440702798803154,0.0176846700209973,0.001241
2021-12,0.008643548057121,0.1285147385871602,-0.0667030379769585,0.1204008985988341,-0.0414055357173818,-0.0048735904250044,-0.0237570271511854,-0.0093682612822931,0.0455992034231269,0.0573118987524409,-0.0869950056726159,0.001241
