,.TRXFLDHDTE1,.TRXFLDHDTF1,.TRXFLDHDTF4,.TRXFLDHDTH2,.TRXFLDHDTI1,.TRXFLDHDTI2,.TRXFLDHDTI4,.TRXFLDHDTM2,.TRXFLDHDTM3,.TRXFLDHDTN1,.TRXFLDHDTT1,.TRXFLDHDTU1,.TRXFLDHDTY2,.TRXFLDHDTY3,.TRXFLDHDTY4,.TRXFLDHDTA1,.TRXFLDHDTE2,.TRXFLDHDTH1,.TRXFLDHDTM1,.TRXFLDHDTN2,.TRXFLDHDTT2,.TRXFLDHDTY1
2018-04-06,0.06666666666666667,0.06666666666666667,0.06666666666666667,0.06666666666666667,0.06666666666666667,0.06666666666666667,0.06666666666666667,0.06666666666666667,0.06666666666666667,0.06666666666666667,0.06666666666666667,0.06666666666666667,0.06666666666666667,0.06666666666666667,0.06666666666666667,,,,,,,
2018-04-13,0.0670658843852094,0.06595492257455825,0.06665812968691712,0.07051860102586158,0.06503580433984155,0.06633269390582788,0.06718195141336904,0.06675746043448053,0.06649910280765317,0.066101445100599,0.06412072653090314,0.06643161441417061,0.06720703642430587,0.0656843840768545,0.06845024287944834,,,,,,,
2018-04-20,0.06558160451422551,0.06760588559861887,0.06764607445194697,0.06849318821615576,0.06680646115891375,0.0649470598060702,0.06670235694799163,0.06494410363741596,0.06850810593145552,0.06704743024389719,0.06528188823417454,0.06483646135264526,0.06717735749181229,0.06669735575271311,0.0677246666619635,,,,,,,
2018-04-27,0.06585986401917446,0.06958644808157868,0.06696181508331679,0.0679256577280204,0.06501949529199012,0.06593242908832503,0.0680584512271314,0.06430625562177796,0.06788593438360063,0.06797796722799808,0.06169270227610785,0.06628543411738008,0.06618014044725025,0.06785744214052292,0.06846996326582543,,,,,,,
2018-05-04,0.06666666666666667,0.06666666666666667,0.06666666666666667,0.06666666666666667,0.06666666666666667,0.06666666666666667,0.06666666666666667,0.06666666666666667,0.06666666666666667,0.06666666666666667,0.06666666666666667,0.06666666666666667,0.06666666666666667,0.06666666666666667,0.06666666666666667,,,,,,,
2018-05-11,0.06708840333592637,0.06496407815412625,0.06595232278285228,0.06712472283332513,0.06676031765628719,0.06686939121258953,0.06636619111008461,0.06608784287689777,0.06623622296645114,0.06600666341246716,0.06760690632502267,0.06691199499459251,0.06684804928099004,0.06756299422858784,0.06761389882979943,,,,,,,
2018-05-18,0.06650155637396707,0.064950643668243,0.06581413949749634,0.06787863642510655,0.06869635808817838,0.06582694330498447,0.0657516153180973,0.0651262281770394,0.06921484677357444,0.06522175627424387,0.06692231032630744,0.06639238088511945,0.06652923465804902,0.06679969164057313,0.0683736585890203,,,,,,,
2018-05-25,0.06735468575382254,0.06442608968779376,0.06604125411130919,0.07204595651836404,0.06924264767584512,0.0645766615714707,0.06645819698476536,0.06526016756941877,0.06793329852865852,0.06734991037135782,0.06629565491804078,0.06576040965120673,0.06506912266584675,0.06543151960004463,0.0667544243920554,,,,,,,
2018-06-01,0.06666666666666667,0.06666666666666667,0.06666666666666667,0.06666666666666667,0.06666666666666667,0.06666666666666667,0.06666666666666667,0.06666666666666667,0.06666666666666667,0.06666666666666667,0.06666666666666667,0.06666666666666667,0.06666666666666667,0.06666666666666667,0.06666666666666667,,,,,,,
2018-06-08,0.06451625172730069,0.06571946930070942,0.06654977456498473,0.06721521155116715,0.06669014330000696,0.06651854674419344,0.06746889754308824,0.06658841750282518,0.06528184035752715,0.06670634698488545,0.06515746334929819,0.06752201330686193,0.06928543412047268,0.066493698970722,0.06828649067595664,,,,,,,
2018-06-15,0.06352652447958887,0.06607970923320533,0.06753674622178105,0.06497433351856581,0.06811134394988574,0.06603829229684972,0.06760343958335079,0.06721167227948774,0.06288152217937319,0.06708178107423747,0.06815001683354348,0.06771296288927199,0.06952582965781541,0.06447627065135932,0.06908955515168415,,,,,,,
2018-06-22,0.06599889583085458,0.06663073180596228,0.06772410686106173,0.06456689160772025,0.06831843776814328,0.06642289381289547,0.06812229017637808,0.06754850253917927,0.062176305558634494,0.06557814285456753,0.06662808565727961,0.0676844299335577,0.06927793611296862,0.06554643126040906,0.06777591822038806,,,,,,,
2018-06-29,0.06666666666666667,0.06666666666666667,0.06666666666666667,0.06666666666666667,0.06666666666666667,0.06666666666666667,0.06666666666666667,0.06666666666666667,0.06666666666666667,0.06666666666666667,0.06666666666666667,0.06666666666666667,0.06666666666666667,0.06666666666666667,0.06666666666666667,,,,,,,
2018-07-06,0.07010383466756816,0.06719514788044706,0.0651797157261966,0.06617964867603988,0.06755546082816398,0.06717900105897867,0.06686397003308649,0.06526936740772998,0.06454908717606495,0.06674724555271784,0.0657208324636493,0.0686649137265914,0.06655572728497075,0.06595166657618794,0.06628438094160696,,,,,,,
2018-07-13,0.07067366196925876,0.06831372488599724,0.0660018028228168,0.06335048930747357,0.06766007245953203,0.06907465923914859,0.06780028916215657,0.06550619247945823,0.062427224634116825,0.06705963982771142,0.06453247805837929,0.07234232788307471,0.06568921155107582,0.06446762685360843,0.06510059886619178,,,,,,,
2018-07-20,0.07085829562168378,0.06761814706855804,0.06532098561103243,0.06600635993921933,0.06860798968527017,0.06759551845311625,0.06623363586257373,0.06478713548616977,0.059936201513158455,0.06836493886746572,0.06436425332872238,0.07173957755654699,0.06635819834288474,0.06681222383990401,0.06539653882369427,,,,,,,
2018-07-27,0.06666666666666667,0.06666666666666667,0.06666666666666667,0.06666666666666667,0.06666666666666667,0.06666666666666667,0.06666666666666667,0.06666666666666667,0.06666666666666667,0.06666666666666667,0.06666666666666667,0.06666666666666667,0.06666666666666667,0.06666666666666667,0.06666666666666667,,,,,,,
2018-08-03,0.06641449010169406,0.06684351543328093,0.06777890115429952,0.06379991729655447,0.06672129736278991,0.06546348575603893,0.06707649875372858,0.06845634074285559,0.070709856655151,0.06649033428570732,0.06691688531519982,0.06452871950839388,0.06649818979616338,0.06703229995273396,0.06526926788540864,,,,,,,
2018-08-10,0.06865962507866388,0.06711495394409549,0.06691615903494066,0.0602576942980994,0.06446626658168977,0.06695746311199571,0.06914596362183646,0.06698360533337348,0.0748660005710494,0.0667028494998337,0.06655573155037758,0.06583244458684943,0.06490714609875806,0.06553176876060643,0.0651023279278305,,,,,,,
2018-08-17,0.06897077860406693,0.06730150984939816,0.06903866160694834,0.06088970933750162,0.06505482123801581,0.06729733607553577,0.06733005723144239,0.06769849336979772,0.07098181639580885,0.0650773193906329,0.06625107827462144,0.06655322551360367,0.06617923847314389,0.06655906325943853,0.06481689138004403,,,,,,,
2018-08-24,0.06666666666666667,0.06666666666666667,0.06666666666666667,0.06666666666666667,0.06666666666666667,0.06666666666666667,0.06666666666666667,0.06666666666666667,0.06666666666666667,0.06666666666666667,0.06666666666666667,0.06666666666666667,0.06666666666666667,0.06666666666666667,0.06666666666666667,,,,,,,
2018-08-31,0.06725266359275994,0.06488580682958109,0.06608526727598768,0.07295383827557808,0.06725126266584495,0.06389868390823522,0.06170288913548747,0.06775622024924437,0.06732978532349171,0.06661225769489217,0.06595469761562393,0.06446365445953219,0.06698261640928041,0.06850794225373043,0.06836241431073023,,,,,,,
2018-09-07,0.06702812656669906,0.0644131156961337,0.06609392121570122,0.07262676337418321,0.06852473429158293,0.06423934827031448,0.061616137708818255,0.06915020550641607,0.06665327114355468,0.06427556918075329,0.06583723810270534,0.06452964060790978,0.06872114052940012,0.06956581759443684,0.06672497021139094,,,,,,,
2018-09-14,0.06887836933554342,0.06483830831253529,0.06570171194752367,0.07197819772116622,0.06840057449918216,0.06679890153732736,0.06230497346471519,0.06996466936521373,0.06759504536730773,0.06425117853154011,0.06589099586073782,0.06594440955832404,0.0672962356101461,0.06464432706766564,0.06551210182107152,,,,,,,
2018-09-21,0.06666666666666667,0.06666666666666667,0.06666666666666667,0.06666666666666667,0.06666666666666667,0.06666666666666667,0.06666666666666667,0.06666666666666667,0.06666666666666667,0.06666666666666667,0.06666666666666667,0.06666666666666667,0.06666666666666667,0.06666666666666667,0.06666666666666667,,,,,,,
2018-09-28,0.06765662174535794,0.06676184736842126,0.0660957529139318,0.06748957442175144,0.06451808600679813,0.0651470210142688,0.06568612365853588,0.06712025634493592,0.06618260750581757,0.0678430708500421,0.06691697280811387,0.0640790287093277,0.06660834847598616,0.06884131666409249,0.06905337151261896,,,,,,,
2018-10-05,0.0705177326415475,0.06724610197628576,0.06437300724865919,0.06630599032352424,0.06524579698074122,0.06662172170546043,0.06606977361381546,0.06629139564536986,0.06417233479043451,0.06754621381422055,0.06723765334384915,0.06420194983522283,0.0677568621926194,0.06617212031101097,0.07024134557723898,,,,,,,
2018-10-12,0.0718532701118824,0.06749291363817565,0.06367409735582429,0.06383443307115162,0.06290976850830836,0.0671212221560624,0.06662167082023118,0.06819983764047206,0.06465617044241931,0.07028369854821938,0.06608971461959187,0.06321121005927162,0.06641520126681107,0.06750780905189459,0.07012898270968408,,,,,,,
2018-10-19,0.06666666666666667,0.06666666666666667,0.06666666666666667,0.06666666666666667,0.06666666666666667,0.06666666666666667,0.06666666666666667,0.06666666666666667,0.06666666666666667,0.06666666666666667,0.06666666666666667,0.06666666666666667,0.06666666666666667,0.06666666666666667,0.06666666666666667,,,,,,,
2018-10-26,0.0665957427541877,0.0662202407654467,0.06651841080822254,0.06812670678194976,0.06748365340205989,0.06729076240782149,0.06618199817607989,0.06752044783511707,0.06719825987018527,0.06693531737957713,0.06600781935536985,0.06782714481850068,0.0652496628329384,0.06675260678498919,0.06409122602755446,,,,,,,
2018-11-02,0.06738211909037543,0.06588718994482098,0.06840579310405182,0.06796369134427152,0.060226116901279464,0.06876182315187816,0.06749199404289342,0.06750089576270885,0.0684780637426357,0.06783632186075922,0.06316121865168196,0.06890780987311167,0.06640905906500731,0.06601157664831792,0.06557632681620647,,,,,,,
2018-11-09,0.06440409031037021,0.06684925064898295,0.06766200468364013,0.07199350911438743,0.06524110219445085,0.06742621849717471,0.0651353500309686,0.06393121541235235,0.06967357859887861,0.06656028123295428,0.06414598366546174,0.06628672496179301,0.06782099039349984,0.06820463688013617,0.06466506337494897,,,,,,,
2018-11-16,0.06666666666666667,0.06666666666666667,0.06666666666666667,0.06666666666666667,0.06666666666666667,0.06666666666666667,0.06666666666666667,0.06666666666666667,0.06666666666666667,0.06666666666666667,0.06666666666666667,0.06666666666666667,0.06666666666666667,0.06666666666666667,0.06666666666666667,,,,,,,
2018-11-23,0.06420552461269528,0.06744004224973285,0.0683490281594086,0.06433046754689083,0.06846664590879546,0.06594629801534442,0.06757466812464853,0.06675242202432442,0.06492024918782303,0.06754422318118461,0.0660875219428418,0.067063420036558,0.06673515312593033,0.06834635025980013,0.06623798562402172,,,,,,,
2018-11-30,0.06377533125920967,0.06781311879635149,0.06936061876195498,0.06247560044665555,0.06706446849646183,0.0668594104865181,0.06801986385869088,0.06531272976567609,0.06550444128406072,0.06734926297126523,0.06548549776501765,0.068417667941068,0.06754756204684159,0.06897862830712585,0.06603579781310233,,,,,,,
2018-12-07,0.062429548527068716,0.06793891883685887,0.07082694391939329,0.06245410317356907,0.06822097367896715,0.06757677714604744,0.06962575366832122,0.06417397162017918,0.06455693278766038,0.06449715941157178,0.06552159251531253,0.06791722187372483,0.06709713171288004,0.07118794818524456,0.06597502294320108,,,,,,,
2018-12-14,0.06666666666666667,0.06666666666666667,0.06666666666666667,0.06666666666666667,0.06666666666666667,0.06666666666666667,0.06666666666666667,0.06666666666666667,0.06666666666666667,0.06666666666666667,0.06666666666666667,0.06666666666666667,0.06666666666666667,0.06666666666666667,0.06666666666666667,,,,,,,
2018-12-21,0.06625534913242885,0.06730099034450275,0.06759506077330768,0.06379899360120286,0.06654674148954796,0.06799924601230982,0.06705316284336627,0.06703436276800034,0.06462072232294447,0.06769460506695996,0.06514649815107537,0.06745182213973205,0.0669222504591198,0.06807223423774737,0.06650796065775448,,,,,,,
2018-12-28,0.06281129473299259,0.06921867591175465,0.06785950514966707,0.06185989885282071,0.06570925659410023,0.06878614658160176,0.06791302897380307,0.06664983777472987,0.06611024724036889,0.06826703467739001,0.0644499347807854,0.06950091848576866,0.06740626354108988,0.06714821752617281,0.06630973917695446,,,,,,,
2019-01-04,0.06218371361010599,0.06878122788261466,0.06746025260778385,0.06224605282651913,0.06600966123105738,0.06723637280324869,0.06869117061994161,0.06717115335613325,0.06623279839814486,0.06855100729319234,0.06379208385999466,0.07045994097785037,0.06728442667543164,0.06810517032352244,0.06579496753445903,,,,,,,
2019-01-11,0.06666666666666667,0.06666666666666667,0.06666666666666667,0.06666666666666667,0.06666666666666667,0.06666666666666667,0.06666666666666667,0.06666666666666667,0.06666666666666667,0.06666666666666667,0.06666666666666667,0.06666666666666667,0.06666666666666667,0.06666666666666667,0.06666666666666667,,,,,,,
2019-01-18,0.0647957948984449,0.06538208534610272,0.06605575532348598,0.06994808841783393,0.07048604146470099,0.0655734773537244,0.0655489014141792,0.06684517718784648,0.06777302325412107,0.0683248160087936,0.06830298031549178,0.0650079535056409,0.06669258106480859,0.06496273091660507,0.06430059352822033,,,,,,,
2019-01-25,0.06583094113529364,0.06431225284148026,0.0651798437372382,0.07445536712895483,0.07105460915676451,0.06529056092528471,0.06406380680742799,0.06716447945514094,0.06705140861487975,0.06799960150303125,0.06908570276598476,0.06381973704080741,0.0665646864728611,0.06495059894764127,0.06317640346720961,,,,,,,
2019-02-01,0.0658006535077147,0.06424612283361848,0.0662241602422261,0.07337951332746023,0.0708390164111187,0.06566688819656152,0.06409765258712544,0.06623085375629356,0.06745863053711885,0.06794901586612122,0.06995689009421809,0.06353838941683777,0.06561027840641653,0.06553522674794571,0.06346670806922326,,,,,,,
2019-02-08,0.06666666666666667,0.06666666666666667,0.06666666666666667,0.06666666666666667,0.06666666666666667,0.06666666666666667,0.06666666666666667,0.06666666666666667,0.06666666666666667,0.06666666666666667,0.06666666666666667,0.06666666666666667,0.06666666666666667,0.06666666666666667,0.06666666666666667,,,,,,,
2019-02-15,0.06736662915615561,0.06579182018295204,0.06687359438162686,0.06544418685839186,0.06747132554712022,0.06757423735607734,0.06652167585344118,0.0667151965100355,0.06723953905966049,0.06549594878516687,0.06721219699070034,0.0665460286345033,0.06676402135279166,0.06594823277806348,0.06703536655331316,,,,,,,
2019-02-22,0.06806629177326619,0.066287970765734,0.06553642887662728,0.06576730218810019,0.06845267383056361,0.0683043236177465,0.06586351439938352,0.06554525166636364,0.06796273576082852,0.06663475774003681,0.06771088991820556,0.06680863769661198,0.0659946594127296,0.06303637769752313,0.06802818465627937,,,,,,,
2019-03-01,0.06400425024861066,0.06540730275563683,0.06532718946956445,0.06431276218865573,0.07126664455522438,0.0680830175768282,0.06585943683701467,0.0656545314807688,0.0674768322495954,0.06686213432986231,0.06997530430283584,0.06681730688843443,0.06614509186503549,0.06555597086971175,0.06725222438222093,,,,,,,
2019-03-08,0.06666666666666667,0.06666666666666667,0.06666666666666667,0.06666666666666667,0.06666666666666667,0.06666666666666667,0.06666666666666667,0.06666666666666667,0.06666666666666667,0.06666666666666667,0.06666666666666667,0.06666666666666667,0.06666666666666667,0.06666666666666667,0.06666666666666667,,,,,,,
2019-03-15,0.06588486987354215,0.06716139810093691,0.06717436261895735,0.0664033106135699,0.06609405799465638,0.06601291306212387,0.0679406590280177,0.06552979289890451,0.06700355884913434,0.06717955049679004,0.0678881505945408,0.06731902254906463,0.06664326799179071,0.06478678972341742,0.06697829560455333,,,,,,,
2019-03-22,0.06944289583140399,0.06725713600334467,0.06777838730785919,0.06714655309639993,0.06558374404529588,0.06373018288597408,0.06926614736941647,0.06563770713261965,0.0627077745316528,0.06935622503806509,0.06557742459851898,0.06746675426504745,0.06813230831039678,0.06470750338130223,0.0662092562027029,,,,,,,
2019-03-29,0.06922634128808333,0.06615441387750451,0.06885527193352332,0.06956389716094748,0.06362286607540302,0.0638803006368166,0.06823907746143403,0.06466137908446289,0.06201150455971875,0.07169862692123231,0.06704692585331554,0.0657438984233264,0.06852832626468895,0.06472995813484553,0.06603721232469738,,,,,,,
2019-04-05,0.06666666666666667,0.06666666666666667,0.06666666666666667,0.06666666666666667,0.06666666666666667,0.06666666666666667,0.06666666666666667,0.06666666666666667,0.06666666666666667,0.06666666666666667,0.06666666666666667,0.06666666666666667,0.06666666666666667,0.06666666666666667,0.06666666666666667,,,,,,,
2019-04-12,0.06649803518905192,0.06671226173725435,0.06569219253892607,0.06794524272030761,0.06841047698085967,0.064331904133497,0.0653275262363832,0.06784441403298329,0.06551756369606848,0.06618221352791749,0.06760562920082727,0.0645105837351192,0.06579781178271091,0.070129678438482,0.06749446604961144,,,,,,,
2019-04-19,0.06617743487874296,0.06666733307034618,0.06553531112466138,0.07040219869976898,0.06924601470803475,0.06346988090861508,0.06533312947871724,0.06843555557297745,0.06468995794280258,0.06545166609293519,0.06805784039404894,0.06403202734710915,0.06472695074696182,0.06926549894973043,0.06850920008454792,,,,,,,
2019-04-26,0.06626282682942854,0.06754301537218073,0.06434938883574283,0.06696814575738505,0.06965834477921155,0.06296504760370551,0.06441768451555192,0.06766601545935481,0.06588272632981407,0.06606566666172309,0.06875285241200714,0.06331743896842883,0.06557401483158123,0.07024710705398565,0.07032972458989897,,,,,,,
2019-05-03,0.06666666666666667,0.06666666666666667,0.06666666666666667,0.06666666666666667,0.06666666666666667,0.06666666666666667,0.06666666666666667,0.06666666666666667,0.06666666666666667,0.06666666666666667,0.06666666666666667,0.06666666666666667,0.06666666666666667,0.06666666666666667,0.06666666666666667,,,,,,,
2019-05-10,0.06622030768272749,0.06779754924780541,0.06652274517430307,0.0680333864875635,0.06760221044126628,0.06630988395084787,0.06640016682404265,0.06618346572985002,0.06509562956183573,0.06784659893229673,0.06520546999305674,0.06615590571938802,0.0669989367184591,0.06791796552600649,0.06570977801055079,,,,,,,
2019-05-17,0.06558518645893176,0.06789960955338584,0.06766654140980428,0.06810695640521464,0.06331360363989336,0.06752562277287319,0.06814930507805023,0.06702282013381532,0.06546346762879995,0.066966599076082,0.0630929148606416,0.06919220646701178,0.06737249569727333,0.06666456715021732,0.0659781036680055,,,,,,,
2019-05-24,0.0664463684838863,0.06841765829806361,0.06807271106928116,0.07076622900883757,0.062117784790709986,0.06831987002020166,0.07123675169442377,0.06637380563078664,0.06491094788241113,0.06755323350553893,0.059612958226372095,0.0704065756839953,0.06532095043993423,0.06423954686446241,0.0662046084010952,,,,,,,
2019-05-31,0.06666666666666667,0.06666666666666667,0.06666666666666667,0.06666666666666667,0.06666666666666667,0.06666666666666667,0.06666666666666667,0.06666666666666667,0.06666666666666667,0.06666666666666667,0.06666666666666667,0.06666666666666667,0.06666666666666667,0.06666666666666667,0.06666666666666667,,,,,,,
2019-06-07,0.06739750803632606,0.06584906644105186,0.0654093106962934,0.06695473284410036,0.0656903037213702,0.06683721705858432,0.06624253023383428,0.06866309664111103,0.06558619131914556,0.06683625719046922,0.0660524684532282,0.06592490545946898,0.06629643619375945,0.06723238451611317,0.06902759119514394,,,,,,,
2019-06-14,0.0660669914569703,0.06636801388029592,0.0667245887826726,0.06421057389308943,0.06769351341731335,0.06640892093137538,0.0667247455394729,0.06830574204808607,0.06427625209046678,0.06803288880667574,0.06517554552311966,0.06659153236039814,0.06729413914703712,0.06692088460860028,0.06920566751442637,,,,,,,
2019-06-21,0.061944472438812535,0.06561973265310901,0.06637369698356577,0.06478163808984286,0.06934485526344422,0.06717355518411089,0.06661403075022658,0.06788065736885271,0.06514017615323635,0.06896457574311805,0.06579906263227481,0.06669439820966146,0.0682791242088404,0.06740041240898856,0.06798961191191563,,,,,,,
2019-06-28,0.06666666666666667,0.06666666666666667,0.06666666666666667,0.06666666666666667,0.06666666666666667,0.06666666666666667,0.06666666666666667,0.06666666666666667,0.06666666666666667,0.06666666666666667,0.06666666666666667,0.06666666666666667,0.06666666666666667,0.06666666666666667,0.06666666666666667,,,,,,,
2019-07-05,0.0664844048521503,0.06584534577478116,0.0663446750636578,0.0672164562056587,0.06749325131306083,0.06531096268901482,0.06752052827427109,0.06712952825028921,0.06666295548368277,0.06578583520311738,0.06701307920745311,0.06577803139558312,0.06837127293147116,0.06710619788943209,0.06593747546637657,,,,,,,
2019-07-12,0.06367817967802664,0.06542800964760946,0.06628300287798483,0.06880744940087573,0.06712313382759871,0.06542132507021838,0.06715817168060728,0.06840845627495643,0.06621074260557544,0.06604692781493013,0.06602440822811205,0.06672296363696514,0.06823935984975175,0.06868995871253623,0.06575791069425183,,,,,,,
2019-07-19,0.06399348776206046,0.06634153131909802,0.06692124303443318,0.06765825279645628,0.06541689595245963,0.0647625638401834,0.06857796007774523,0.06915595058181168,0.0651357689484067,0.06620447575512609,0.06487759737103319,0.06754989573938067,0.06746550953284568,0.0701328117677345,0.06580605552122529,,,,,,,
2019-07-26,0.06666666666666667,0.06666666666666667,0.06666666666666667,0.06666666666666667,0.06666666666666667,0.06666666666666667,0.06666666666666667,0.06666666666666667,0.06666666666666667,0.06666666666666667,0.06666666666666667,0.06666666666666667,0.06666666666666667,0.06666666666666667,0.06666666666666667,,,,,,,
2019-08-02,0.064989510208948,0.06627297824018155,0.06511987934646687,0.06795211778969519,0.0672164648558777,0.06541747951852905,0.06690985234924439,0.0657313872607926,0.06600727390785568,0.06790458457991218,0.06926987459023175,0.0663406049973479,0.06815780118475605,0.06526453418254097,0.06744565698762016,,,,,,,
2019-08-09,0.05931527526269404,0.06758670944789966,0.06496985901108786,0.07076666876725166,0.06582501838747865,0.06783537127490233,0.06676148041898246,0.06438391792015116,0.06526533493761576,0.06650334440703713,0.06888631428586946,0.06951668233780813,0.0687032154781129,0.0642268835045821,0.06945392455852684,,,,,,,
2019-08-16,0.058797416488891426,0.06649349326607135,0.0634057625605895,0.07076554935306241,0.06686757794025368,0.06852205702411043,0.06659814567868125,0.06486183705488081,0.06379384155367208,0.06773736178787076,0.06947782316920818,0.07092651962371514,0.07075812578198427,0.06245529650039912,0.06853919221660952,,,,,,,
2019-08-23,0.06666666666666667,0.06666666666666667,0.06666666666666667,0.06666666666666667,0.06666666666666667,0.06666666666666667,0.06666666666666667,0.06666666666666667,0.06666666666666667,0.06666666666666667,0.06666666666666667,0.06666666666666667,0.06666666666666667,0.06666666666666667,0.06666666666666667,,,,,,,
2019-08-30,0.067715147169723,0.06588186674368007,0.06533420166761841,0.07232272992716388,0.06640334601295658,0.06624652954166152,0.0647397491893836,0.06667292108167516,0.06412487323066396,0.06688313812654129,0.06721004313448296,0.06446117087107354,0.06825605923419677,0.06680432870285663,0.06694389536632273,,,,,,,
2019-09-06,0.06688108458217863,0.06541552059486083,0.06450916282928128,0.07392049887088104,0.06600434150890544,0.06652878801307059,0.06418881309048868,0.06710169839407792,0.06599726283170168,0.06603287632006559,0.06663832559022022,0.06416834679348307,0.06874049269601633,0.06702270226109558,0.06685008562367317,,,,,,,
2019-09-13,0.062476477616383086,0.06539518815049852,0.06493861026323416,0.07057886500200339,0.06889789684130886,0.06729902775816161,0.06399508503640938,0.06601821203489262,0.06819457221118438,0.06684522496911288,0.0697215342078269,0.0618902124095959,0.06851776664977886,0.06805988898322217,0.06717143786638746,,,,,,,
2019-09-20,0.06666666666666667,0.06666666666666667,0.06666666666666667,0.06666666666666667,0.06666666666666667,0.06666666666666667,0.06666666666666667,0.06666666666666667,0.06666666666666667,0.06666666666666667,0.06666666666666667,0.06666666666666667,0.06666666666666667,0.06666666666666667,0.06666666666666667,,,,,,,
2019-09-27,0.07467117766950405,0.06620711315553031,0.0657767566154553,0.06720622919256886,0.06371281795183348,0.06745996796085539,0.06578552474506462,0.06571085117244242,0.06546296677944849,0.06524608306350178,0.06780966915774586,0.06753633003509531,0.06628258917036335,0.06524707130192407,0.06588485202866665,,,,,,,
2019-10-04,0.07362748119931053,0.06720920440913691,0.06590948546670894,0.06713973500557373,0.0664638014194396,0.06708357954001941,0.06524862303035958,0.06506757835166405,0.06468673955253366,0.0649956537664853,0.06605416152383949,0.0684068882622028,0.06807400786996547,0.06442466466323743,0.06560839593952315,,,,,,,
2019-10-11,0.0714988708511359,0.06598061860701535,0.06684213343901517,0.06735660084263669,0.06387678452781713,0.06861131273591221,0.06460806171954091,0.06519615054013105,0.06395522297889464,0.06577039280177527,0.06739146426719818,0.06836278921899414,0.06926481942987416,0.06522721984310637,0.06605755819695279,,,,,,,
2019-10-18,0.058823529411764705,0.058823529411764705,0.058823529411764705,0.058823529411764705,0.058823529411764705,0.058823529411764705,0.058823529411764705,0.058823529411764705,0.058823529411764705,0.058823529411764705,0.058823529411764705,0.058823529411764705,0.058823529411764705,0.058823529411764705,0.058823529411764705,,0.058823529411764705,0.058823529411764705,,,,
2019-10-25,0.0560176235961318,0.05886458458550454,0.05894375370451481,0.060418544849704214,0.06063189398484795,0.05852842741301281,0.058422913336665,0.061507457964682606,0.059149492220927864,0.05828301491629396,0.05734693938511508,0.05796287017718014,0.05882265532643715,0.05919955950981426,0.05912812195591882,,0.056354644880512214,0.060417502192736804,,,,
2019-11-01,0.056288500867711574,0.059292842890302296,0.05893329614462551,0.0612412495287935,0.05965455997043597,0.05788118762301569,0.058505121396806144,0.05998991663598257,0.05926285523634849,0.05813192034187501,0.05818572131053983,0.057969483747882654,0.05773771925507274,0.06032662704364717,0.06013254505549919,,0.05679533585818962,0.059671117093272025,,,,
2019-11-08,0.05548657706079527,0.057323997521264616,0.05921850149992229,0.06532262447510646,0.06257495218778787,0.05672200739307238,0.058252590401495635,0.05869372831943639,0.05745703970106951,0.05979659109281169,0.059074869503055794,0.0576762344566138,0.05875708728394608,0.06040394194554653,0.06033034050939726,,0.054363758445345294,0.05854515820333296,,,,
2019-11-15,0.058823529411764705,0.058823529411764705,0.058823529411764705,0.058823529411764705,0.058823529411764705,0.058823529411764705,0.058823529411764705,0.058823529411764705,0.058823529411764705,0.058823529411764705,0.058823529411764705,0.058823529411764705,0.058823529411764705,0.058823529411764705,0.058823529411764705,,0.058823529411764705,0.058823529411764705,,,,
2019-11-22,0.059235194554955024,0.05773871716361707,0.05679317814652519,0.059939241963460364,0.057106257763141474,0.057484283880812906,0.05785729628407109,0.0662625668927074,0.05964932641278012,0.05812270779272345,0.058387278855853215,0.058119468699137554,0.05780945878047054,0.0578853636525238,0.057432234463025714,,0.05875079174178123,0.06142663295241408,,,,
2019-11-29,0.06017496973648495,0.05953552372010995,0.05898103430918726,0.061435846705325585,0.05838943407530488,0.05807878219683808,0.05930526353452909,0.04239462337088279,0.0629258420214241,0.058285942953723816,0.0599411545443122,0.05919481075744378,0.05970510283677991,0.05881621964917237,0.05901246292916152,,0.06155438496448165,0.06226860169483809,,,,
2019-12-06,0.059201589787839085,0.05971156075997877,0.05953907929241535,0.057954848298855485,0.05828608327446627,0.05822641169688631,0.0605710840750924,0.04324411388877102,0.06299530279072123,0.05919402398838124,0.06142881762794012,0.058731302951070756,0.059461326225135704,0.058362097509849525,0.059543600310283495,,0.06180214330266293,0.061746614219650206,,,,
2019-12-13,0.058823529411764705,0.058823529411764705,0.058823529411764705,0.058823529411764705,0.058823529411764705,0.058823529411764705,0.058823529411764705,0.058823529411764705,0.058823529411764705,0.058823529411764705,0.058823529411764705,0.058823529411764705,0.058823529411764705,0.058823529411764705,0.058823529411764705,,0.058823529411764705,0.058823529411764705,,,,
2019-12-20,0.05865139869046218,0.05963680851701144,0.05923715184018009,0.05628603142920684,0.059636679103141375,0.058827180596735064,0.0599062296249242,0.05824424215177255,0.06240434189239461,0.05666257516292074,0.060512973131349596,0.05906095157658787,0.05652156257713531,0.060239080051609196,0.059295871777561904,,0.0577312444295377,0.05714567744746945,,,,
2019-12-27,0.05920613386156356,0.05994861915075271,0.059839127064999366,0.05682857648949569,0.058625777623780254,0.05864555467741934,0.060305974793272335,0.058551725981196526,0.06081674741110856,0.056444478543240154,0.05991261739804646,0.05893062736564754,0.0575468631018428,0.05956445356637413,0.059620008403063925,,0.05783054307305831,0.057382171495138475,,,,
2020-01-03,0.06072863835271576,0.05919063028994549,0.05965848892660682,0.05674469077635903,0.058102965986684366,0.059016914618369595,0.05944450254116397,0.059253095012424,0.05957736936752929,0.0565000965409079,0.060239675724304824,0.05844409493053435,0.056718292219434384,0.06015904701133157,0.060218273336109275,,0.05857792567443789,0.05742529869114159,,,,
2020-01-10,0.058823529411764705,0.058823529411764705,0.058823529411764705,0.058823529411764705,0.058823529411764705,0.058823529411764705,0.058823529411764705,0.058823529411764705,0.058823529411764705,0.058823529411764705,0.058823529411764705,0.058823529411764705,0.058823529411764705,0.058823529411764705,0.058823529411764705,,0.058823529411764705,0.058823529411764705,,,,
2020-01-17,0.053193623547981274,0.05898410189149061,0.05841890818533649,0.05838943968013328,0.05799873214915986,0.060398377197600696,0.058826028314671604,0.05718172744705924,0.058148507131875755,0.060630411198848586,0.06042770002897772,0.059449097228623994,0.0613459443818498,0.060399806207657704,0.057823902470038935,,0.059332309019458025,0.05905138391923655,,,,
2020-01-24,0.05009870264335821,0.05812772060165633,0.05824620680654083,0.06011232284982087,0.05882003287847033,0.060587523388765004,0.05851037207025302,0.056231120149844924,0.05778668954224692,0.059736318236103925,0.0622972709721194,0.05930799887644856,0.06081134634388469,0.05958549384668595,0.05905814392305533,,0.060274551126635115,0.060408185744110415,,,,
2020-01-31,0.050270609944294845,0.0581214356119903,0.05629892410651285,0.060816878747497964,0.05973661079387717,0.059797896465150484,0.057916831344382136,0.055180429384111704,0.059188949282584,0.05842456542439748,0.06329601022634067,0.060450824425318614,0.059515036988284434,0.05532543408127328,0.059467731181957306,,0.06160183616927112,0.06458999582275558,,,,
2020-02-07,0.058823529411764705,0.058823529411764705,0.058823529411764705,0.058823529411764705,0.058823529411764705,0.058823529411764705,0.058823529411764705,0.058823529411764705,0.058823529411764705,0.058823529411764705,0.058823529411764705,0.058823529411764705,0.058823529411764705,0.058823529411764705,0.058823529411764705,,0.058823529411764705,0.058823529411764705,,,,
2020-02-14,0.05661812088915823,0.05806193217029679,0.05845004680853617,0.06100174136856635,0.059443098237007504,0.05930815163855521,0.057623683496173285,0.05782566913017347,0.05788602663174501,0.05937715815128502,0.060000308926221775,0.0564261448752968,0.05709302346963165,0.05922692666077453,0.05675806864388943,,0.06429810481707353,0.060601794085615286,,,,
2020-02-21,0.056671664256162345,0.05731584333949225,0.059012472207814554,0.06084480046211867,0.060720241182162536,0.05909078337631129,0.0563689884498122,0.0577436879813512,0.05650547828614606,0.05912789550044739,0.05923312724637656,0.055438793215533654,0.055952542418620244,0.05895807021469194,0.05634903889145294,,0.06674169965209534,0.06392487331941074,,,,
2020-02-28,0.05670757049912183,0.055668158247664294,0.05715985074355078,0.06008752371568276,0.06000943815927149,0.05747711184675594,0.0555888016439845,0.05798634286727556,0.06235551141665874,0.05971865762014437,0.0581166775867355,0.05533540279809389,0.055695323439433085,0.05791426576922755,0.05651148911881748,,0.06701938888369313,0.06664848564388916,,,,
2020-03-06,0.058823529411764705,0.058823529411764705,0.058823529411764705,0.058823529411764705,0.058823529411764705,0.058823529411764705,0.058823529411764705,0.058823529411764705,0.058823529411764705,0.058823529411764705,0.058823529411764705,0.058823529411764705,0.058823529411764705,0.058823529411764705,0.058823529411764705,,0.058823529411764705,0.058823529411764705,,,,
2020-03-13,0.059465506200736665,0.056652699689866116,0.059082667423405275,0.061181965519348167,0.05806739492375049,0.05750880709225009,0.0572159840332782,0.060207428087834615,0.054449340593078065,0.06090292381212601,0.05996822789743777,0.05921348159355411,0.06019534082536489,0.05769145394570151,0.05832426970691197,,0.05880919235742461,0.0610633162979315,,,,
2020-03-20,0.059898902599378405,0.05780055462133624,0.060060665348639304,0.06016632305553843,0.05715960945950314,0.06002727516057836,0.0592353731891184,0.05979058365648845,0.05460848951831198,0.06094935649146654,0.05880970738349116,0.06157415490867394,0.05804879935350907,0.0583058420207964,0.05691082864826259,,0.055311997007719944,0.06134153757718769,,,,
2020-03-27,0.06466918128268928,0.06177154452675174,0.05907285506578215,0.061710537303615545,0.0554737989855439,0.06225424488403665,0.061904104268244046,0.06040420691470427,0.05301144032340527,0.06010156743821154,0.05775067174238773,0.059847868143802115,0.05665503334203888,0.058157406191357376,0.056670039722639266,,0.04949511039004477,0.061050389474745344,,,,
2020-04-03,0.058823529411764705,0.058823529411764705,0.058823529411764705,0.058823529411764705,0.058823529411764705,0.058823529411764705,0.058823529411764705,0.058823529411764705,0.058823529411764705,0.058823529411764705,0.058823529411764705,0.058823529411764705,0.058823529411764705,0.058823529411764705,0.058823529411764705,,0.058823529411764705,0.058823529411764705,,,,
2020-04-10,0.05946759799567996,0.054678822722237896,0.059700524164275175,0.06077250256306472,0.05789275825884184,0.05832102785643401,0.05969182792287502,0.058803150045181725,0.05759908625233912,0.05880041099394998,0.05881376286841686,0.06143238637856954,0.05504174699957718,0.056918314415820674,0.05819950397874714,,0.060000138974546056,0.06386643760944313,,,,
2020-04-17,0.057047041078389746,0.05443059654201675,0.05913562316346956,0.06053303872535174,0.06207262098718086,0.05616385758887413,0.05765364496758605,0.059161156540581995,0.05816223920619863,0.05911221590835897,0.057231169803426275,0.06101630071601115,0.057250321202533816,0.060258477345234096,0.05992143232893696,,0.05802302247857658,0.06282724141727276,,,,
2020-04-24,0.054551403649314656,0.052673590764398266,0.05880371382259522,0.06069044013063149,0.06207281234449635,0.05627354733368011,0.0582708267327122,0.05841696235123615,0.059144452660786606,0.05689305055404774,0.0573311815476304,0.06045265567603223,0.05825577055103517,0.06134660872406091,0.05891417282115248,,0.05883984276969562,0.06706896756649444,,,,
2020-05-01,0.058823529411764705,0.058823529411764705,0.058823529411764705,0.058823529411764705,0.058823529411764705,0.058823529411764705,0.058823529411764705,0.058823529411764705,0.058823529411764705,0.058823529411764705,0.058823529411764705,0.058823529411764705,0.058823529411764705,0.058823529411764705,0.058823529411764705,,0.058823529411764705,0.058823529411764705,,,,
2020-05-08,0.05824879799127804,0.05883727461517097,0.05953423792919072,0.058081067699781795,0.059157763174521615,0.05904032599259935,0.05936908616348934,0.05860161826144778,0.059679284015177574,0.05716744262074348,0.058601699469302646,0.05858591763374373,0.05882191158284908,0.059082445475127886,0.05958892579966704,,0.06092415139598373,0.05667805017992537,,,,
2020-05-15,0.05672770967615506,0.05696869555239923,0.05841169672451644,0.058350480549295085,0.06331898384334297,0.05564446981531133,0.05893853030236953,0.057071941719589306,0.05683680561757682,0.05690217215601829,0.06117717981732003,0.0570862340663031,0.05951886951311315,0.05985266736020557,0.05943357897689949,,0.06747998056821661,0.05628000374136788,,,,
2020-05-22,0.05599267706505433,0.056399180964921386,0.05673055792791546,0.061128758323406904,0.06253484098520407,0.05519205397551233,0.05718450046591388,0.05713679560317268,0.05533521529811983,0.056882743737438214,0.06363254934748712,0.05667636218349998,0.058698286805430856,0.058530386843172466,0.05931147412909023,,0.06625952203216726,0.06237409431249311,,,,
2020-05-29,0.058823529411764705,0.058823529411764705,0.058823529411764705,0.058823529411764705,0.058823529411764705,0.058823529411764705,0.058823529411764705,0.058823529411764705,0.058823529411764705,0.058823529411764705,0.058823529411764705,0.058823529411764705,0.058823529411764705,0.058823529411764705,0.058823529411764705,,0.058823529411764705,0.058823529411764705,,,,
2020-06-05,0.05737070184594776,0.058961939509696484,0.05858660512320536,0.059151517518564144,0.059738866299237116,0.05646410575333876,0.057580282497733844,0.05663200442119482,0.05991125652600331,0.058831937998583626,0.05871994397695494,0.058599107485783605,0.06077739885286228,0.06021653919462621,0.060482549282564385,,0.05940069906798761,0.05857454464571564,,,,
2020-06-12,0.055507111282083244,0.061575723154370585,0.06042649711394769,0.05978793457171713,0.060622546299089475,0.05444483636939831,0.0591784640613133,0.05440498421048354,0.058074479424528445,0.05722658359081899,0.05995931525259197,0.05704516257639227,0.06235177401426392,0.06061890334972945,0.06083191904753828,,0.060259920543112626,0.057683845138620786,,,,
2020-06-19,0.055044099004975484,0.059584396274482095,0.06056442452300317,0.058837191760850956,0.060846503281663605,0.05459370834090019,0.05885165870880179,0.0542727920227193,0.058651361219002225,0.05677656301795546,0.05919808162528654,0.05642642947572517,0.059898297077480234,0.05941901822336381,0.06162946251242172,,0.064217319818414,0.061188693112954246,,,,
2020-06-26,0.058823529411764705,0.058823529411764705,0.058823529411764705,0.058823529411764705,0.058823529411764705,0.058823529411764705,0.058823529411764705,0.058823529411764705,0.058823529411764705,0.058823529411764705,0.058823529411764705,0.058823529411764705,0.058823529411764705,0.058823529411764705,0.058823529411764705,,0.058823529411764705,0.058823529411764705,,,,
2020-07-03,0.0565629338907148,0.05958472443317111,0.057354920558484415,0.061800500183305004,0.0573388236587346,0.05591468196777405,0.05849950535364052,0.05789414631724072,0.05889429293876096,0.058318064170722175,0.06138182318723428,0.057441636522699124,0.05795816649073927,0.056942559236748035,0.06024469963161006,,0.06194297282732889,0.06192554863109203,,,,
2020-07-10,0.055835102866110535,0.06033879398772235,0.05808181072122007,0.059450010862436446,0.056420855986216774,0.05626065095887746,0.058547981822445236,0.0590628474446189,0.05757598940130708,0.05787929323499015,0.06312409337456219,0.055988073055827293,0.05609159501402148,0.056941784639330396,0.05985104272154122,,0.06521479652840928,0.06333527738036306,,,,
2020-07-17,0.05387047857176458,0.05945525608005342,0.055626402139449346,0.059429324165201226,0.05726527004103467,0.05453821272413348,0.05478149923750888,0.06202787266847982,0.06087839633696437,0.05773400058647424,0.0692244396308716,0.0532383583371834,0.055992951405801863,0.05365158568414826,0.058002399612231345,,0.0656959609256916,0.06858759185300795,,,,
2020-07-24,0.058823529411764705,0.058823529411764705,0.058823529411764705,0.058823529411764705,0.058823529411764705,0.058823529411764705,0.058823529411764705,0.058823529411764705,0.058823529411764705,0.058823529411764705,0.058823529411764705,0.058823529411764705,0.058823529411764705,0.058823529411764705,0.058823529411764705,,0.058823529411764705,0.058823529411764705,,,,
2020-07-31,0.06065579016806635,0.05921826473181359,0.05771593068297382,0.05813540664765073,0.057464793320575296,0.05891762643769647,0.05739843003550304,0.06256559650927679,0.056771478718497095,0.05705897912259723,0.059699315555712076,0.058149382699958736,0.05874554058386326,0.05527628971484755,0.05744357931097189,,0.062423147710394304,0.06236044804960175,,,,
2020-08-07,0.05787276499103154,0.05799516041433579,0.05757200128742141,0.058188273951654886,0.05587334426258621,0.056758701769545096,0.05657443591425243,0.06317790140036952,0.058326152944662736,0.056461314123299,0.05973709791454101,0.05814728516213606,0.05914650574079848,0.05572676520603836,0.05801802536976006,,0.06308095291793303,0.0673433166296343,,,,
2020-08-14,0.05874923584731364,0.05614830413500753,0.056643992663082184,0.058057962320417204,0.05716307444407092,0.05545906039913003,0.056562600051004434,0.06281960082331745,0.059261505785069155,0.05621202360342253,0.05999269417672702,0.05663592392650476,0.0606816537618201,0.05514450300859258,0.057538712133294125,,0.06912872970925181,0.06380042321197464,,,,
2020-08-21,0.058823529411764705,0.058823529411764705,0.058823529411764705,0.058823529411764705,0.058823529411764705,0.058823529411764705,0.058823529411764705,0.058823529411764705,0.058823529411764705,0.058823529411764705,0.058823529411764705,0.058823529411764705,0.058823529411764705,0.058823529411764705,0.058823529411764705,,0.058823529411764705,0.058823529411764705,,,,
2020-08-28,0.05563690294727243,0.05818140388913463,0.058450352791764255,0.06152560670577975,0.05937717635509619,0.05936132849715008,0.05920701056433833,0.05842120799854027,0.05953600384419873,0.057734089544833354,0.05975603907856322,0.05727383427010752,0.05873830256675887,0.060179002561088865,0.05874681527075913,,0.058847506950816884,0.05902741616379754,,,,
2020-09-04,0.05485203159971347,0.05738798303708077,0.0573062570624927,0.06278645326832483,0.05996084896619208,0.057458235663810815,0.0589107151617596,0.05639967289214654,0.05973261314267125,0.05929037998755099,0.06380507130340268,0.05578088985904189,0.060051420854203306,0.059656099747959,0.057940799268556685,,0.06174120935541326,0.05693931882968004,,,,
2020-09-11,0.05238599171854851,0.05755851880392157,0.05681609977911503,0.060686060727046326,0.058367336852459435,0.05845061999805883,0.05915749540134581,0.05664317431110707,0.06130666256152376,0.05959590672903929,0.06849782847571086,0.05667578779381972,0.059044664031948885,0.059909559027018444,0.05835867574867862,,0.0595800758641654,0.05696554217649239,,,,
2020-09-18,0.058823529411764705,0.058823529411764705,0.058823529411764705,0.058823529411764705,0.058823529411764705,0.058823529411764705,0.058823529411764705,0.058823529411764705,0.058823529411764705,0.058823529411764705,0.058823529411764705,0.058823529411764705,0.058823529411764705,0.058823529411764705,0.058823529411764705,,0.058823529411764705,0.058823529411764705,,,,
2020-09-25,0.06038223776018275,0.056237918602332834,0.05775261920336657,0.06027005552574601,0.0582788197644697,0.05961246419933275,0.0578668600971212,0.05775666713156171,0.06567153190286389,0.05778839129537708,0.05645988091823933,0.056554859415270164,0.06015494241741208,0.056865468879967504,0.05984974649193674,,0.062375851097432364,0.05612168529738732,,,,
2020-10-02,0.06061194534722758,0.05537081344952547,0.057702665756979014,0.060378880487711485,0.06053057028363392,0.06054143349950302,0.05949045763465948,0.05630247670830825,0.06594367938661914,0.058802288492305774,0.054747332917312964,0.05926674869939821,0.06040530548026077,0.054588772351027,0.059469764213362204,,0.06426511674863968,0.051581748543526075,,,,
2020-10-09,0.06113019246030007,0.05551172969609007,0.057439443763557536,0.05994684890657309,0.06045077446567833,0.05898695078264343,0.0567658631539213,0.05588787249477136,0.06299285371760613,0.05810507600678824,0.054835027288175915,0.05718425319085722,0.061057194925521384,0.0536652927946019,0.05914549522483074,,0.07457615032893161,0.05231898079915164,,,,
2020-10-16,0.058823529411764705,0.058823529411764705,0.058823529411764705,0.058823529411764705,0.058823529411764705,0.058823529411764705,0.058823529411764705,0.058823529411764705,0.058823529411764705,0.058823529411764705,0.058823529411764705,0.058823529411764705,0.058823529411764705,0.058823529411764705,0.058823529411764705,,0.058823529411764705,0.058823529411764705,,,,
2020-10-23,0.05794820540776982,0.05721369693359683,0.05783952191364491,0.058817348329249904,0.05868899175461313,0.06051469051232038,0.059697086906630885,0.059825637071739955,0.05876106433135468,0.05899311787086852,0.06252880705542722,0.059056553632282356,0.05932624600860849,0.05775611190918053,0.058597705384259215,,0.055667910683766746,0.058767304294686344,,,,
2020-10-30,0.05981931478258331,0.05938717764765682,0.05750567466078978,0.05783037783105592,0.058257850096023356,0.059703887730798946,0.06009521301110006,0.057591302843461624,0.06293035148242485,0.057936724790494415,0.060132570053703926,0.060064465892390034,0.06007125335048395,0.05893026498633603,0.05944035450135708,,0.05455353449238893,0.055749681846951046,,,,
2020-11-06,0.058046860006698675,0.06045475954803087,0.056991799419173386,0.05721706590963706,0.05805695561191044,0.0584381658784797,0.05993434270762425,0.05766668401827081,0.06204929361792162,0.05697782891835995,0.06043112728457452,0.060727062327461494,0.06023270268060213,0.05680121576702364,0.05912784202796489,,0.060923517511626224,0.05592277676464048,,,,
2020-11-13,0.058823529411764705,0.058823529411764705,0.058823529411764705,0.058823529411764705,0.058823529411764705,0.058823529411764705,0.058823529411764705,0.058823529411764705,0.058823529411764705,0.058823529411764705,0.058823529411764705,0.058823529411764705,0.058823529411764705,0.058823529411764705,0.058823529411764705,,0.058823529411764705,0.058823529411764705,,,,
2020-11-20,0.0632881230145796,0.06016691029601144,0.06035148031475789,0.05831544854868236,0.05392284793269076,0.05947691083840899,0.06094498134090364,0.058313527816587614,0.058355110699348595,0.05920574936376623,0.05778289542073494,0.059778453443095986,0.0575742733117811,0.061336872930156675,0.05739444698642925,,0.056389144205407464,0.057402823536657474,,,,
2020-11-27,0.0677416117086273,0.06006709197947104,0.05858108105360254,0.05673640353680398,0.05512611971774533,0.05906611649893996,0.062401925707183455,0.057769763905226076,0.055381173469016075,0.05903726852280442,0.05803931174130882,0.05729151442265531,0.05891495284055891,0.061634135054389284,0.05865643359174906,,0.05524089013205717,0.05831420611786097,,,,
2020-12-04,0.06825529340212258,0.06358973324841552,0.05876891586648822,0.05369529306301457,0.0523140483593434,0.057724597714947846,0.06264251696304703,0.05770965611586769,0.05631103699517097,0.057371154239229415,0.059230631704326527,0.05829741187433115,0.05830142429348046,0.060706893325305766,0.058289212493003346,,0.057930896808614685,0.05886128353329086,,,,
2020-12-11,0.058823529411764705,0.058823529411764705,0.058823529411764705,0.058823529411764705,0.058823529411764705,0.058823529411764705,0.058823529411764705,0.058823529411764705,0.058823529411764705,0.058823529411764705,0.058823529411764705,0.058823529411764705,0.058823529411764705,0.058823529411764705,0.058823529411764705,,0.058823529411764705,0.058823529411764705,,,,
2020-12-18,0.05713591046171387,0.056624467758547126,0.058173985140403145,0.058233903247038914,0.062100295717661465,0.05871153501478074,0.0582902664478318,0.05662567236824106,0.061224079307737676,0.05769765008951755,0.06060177656946455,0.05847503336316028,0.05912970727135635,0.05847503336316028,0.055971477949503204,,0.06230898856414656,0.06022021736573553,,,,
2020-12-25,0.059547658514761424,0.054199372773384644,0.05563809070146462,0.062072899123386864,0.06171239309818579,0.05660572912182403,0.05732548558943233,0.05769169314928716,0.06034357792209597,0.05574721521886431,0.06090935123838693,0.05625470325350661,0.05704698767562881,0.05495813522246995,0.055205756469216355,,0.0731272760316168,0.061613674896487385,,,,
2021-01-01,0.060261188499919835,0.053545994625366515,0.05452219231562768,0.061957840110019334,0.06111057045480981,0.05566308680588122,0.05628380236097996,0.054416759860414325,0.06044854765535059,0.055448506752195294,0.0646421310411804,0.05552624690791402,0.059257054591850856,0.05429631256983083,0.05366150079098566,,0.08217722320128758,0.05678104145638603,,,,
2021-01-08,0.058823529411764705,0.058823529411764705,0.058823529411764705,0.058823529411764705,0.058823529411764705,0.058823529411764705,0.058823529411764705,0.058823529411764705,0.058823529411764705,0.058823529411764705,0.058823529411764705,0.058823529411764705,0.058823529411764705,0.058823529411764705,0.058823529411764705,,0.058823529411764705,0.058823529411764705,,,,
2021-01-15,0.05944302438144716,0.060936289565253404,0.058143228617245885,0.05625475852932871,0.06131832813604572,0.058075136648527474,0.05907579227845427,0.0580127827744263,0.05894620047657271,0.06103129105716087,0.05723524166415731,0.058152853244420384,0.058275615810692225,0.05799750689418861,0.05454335472621779,,0.06331938142502844,0.05923921377083266,,,,
2021-01-22,0.0624899828639241,0.06185198941906913,0.05887065872166157,0.062134021570514696,0.05836077341332896,0.060240830589903815,0.059491169723817384,0.058387873052908004,0.06274494339051456,0.060730414258603434,0.055689768131346205,0.05852203575689365,0.057255257016117965,0.05536116878536271,0.055424290412876415,,0.05549757427271495,0.056947248620442356,,,,
2021-01-29,0.05914925004576736,0.06157353602809968,0.057735355740496416,0.06686463344333608,0.061082909658630974,0.05722231124692829,0.056868541857843485,0.05786898282962352,0.05876926521345054,0.06214007751860572,0.056570527557253,0.05582814182044796,0.056630461388418304,0.05408371863372317,0.05525693295606651,,0.05733481627453442,0.06502053778677462,,,,
2021-02-05,0.058823529411764705,0.058823529411764705,0.058823529411764705,0.058823529411764705,0.058823529411764705,0.058823529411764705,0.058823529411764705,0.058823529411764705,0.058823529411764705,0.058823529411764705,0.058823529411764705,0.058823529411764705,0.058823529411764705,0.058823529411764705,0.058823529411764705,,0.058823529411764705,0.058823529411764705,,,,
2021-02-12,0.05785575520849927,0.05756176886577971,0.05729968861053475,0.0616312117170201,0.05850622019431157,0.05583790235112322,0.057631762045895714,0.058399376962561624,0.06160559255252828,0.056890002550086846,0.05493552172640475,0.057097800267881964,0.06080522126344955,0.06215327845885319,0.05786676103934682,,0.06472294618991495,0.05919918999580778,,,,
2021-02-19,0.06002426067902142,0.05677958462974132,0.056138152167247386,0.06083339042473276,0.05770234311304642,0.05417535474489259,0.057614586144852833,0.06093882818941672,0.060434877746381586,0.055432142898192614,0.054622989580476476,0.05474086470922883,0.06148666518852055,0.06300180311419215,0.05754945809033311,,0.06724030453204508,0.06128439404767818,,,,
2021-02-26,0.058427706684757844,0.059072745072666494,0.057516442575041675,0.05738195163932479,0.05721897096506963,0.054156563873740016,0.05677673709878127,0.06255749305472384,0.06670088180201393,0.05490609176941601,0.05621229147542163,0.05389909448788985,0.06024459730826353,0.062084989428461274,0.05828289393040863,,0.06300083765848537,0.06155971117553411,,,,
2021-03-05,0.058823529411764705,0.058823529411764705,0.058823529411764705,0.058823529411764705,0.058823529411764705,0.058823529411764705,0.058823529411764705,0.058823529411764705,0.058823529411764705,0.058823529411764705,0.058823529411764705,0.058823529411764705,0.058823529411764705,0.058823529411764705,0.058823529411764705,,0.058823529411764705,0.058823529411764705,,,,
2021-03-12,0.05712869521120993,0.059613352428413834,0.05869123134833023,0.056888698581922435,0.05988639977382338,0.060182726846131795,0.06220998091771367,0.05995183274571091,0.06267791716814242,0.05876972274660224,0.05858497099471852,0.05872871876156668,0.060891193725501135,0.05974569690117825,0.0585209234492707,,0.051817527948312916,0.055710410451450997,,,,
2021-03-19,0.057653370203659134,0.05800011830032623,0.057890740389617945,0.05771815001967671,0.06258467229075167,0.06064719381191824,0.06201528068098249,0.062496979577721164,0.06399682689404261,0.057985001126269684,0.055126759846405304,0.05835530599554842,0.06127982168514284,0.05752942395629912,0.06125308460650337,,0.05262731853132868,0.0528399520838064,,,,
2021-03-26,0.05909015290123197,0.05879348975934646,0.058859762620236566,0.05798014005511777,0.06351133665689791,0.05990414525478782,0.06106579680316566,0.06138159944810392,0.056576401854765555,0.058045084032327283,0.05937585808988309,0.05987983517727326,0.06229428987090632,0.05837373665944907,0.0645862807293115,,0.04713144859621984,0.05315064149097601,,,,
2021-04-02,0.058823529411764705,0.058823529411764705,0.058823529411764705,0.058823529411764705,0.058823529411764705,0.058823529411764705,0.058823529411764705,0.058823529411764705,0.058823529411764705,0.058823529411764705,0.058823529411764705,0.058823529411764705,0.058823529411764705,0.058823529411764705,0.058823529411764705,,0.058823529411764705,0.058823529411764705,,,,
2021-04-09,0.05805692849776388,0.05779617820992647,0.05829394299644986,0.05984240004596152,0.05872722617311109,0.05872851017613251,0.05816979231917965,0.059101873769040525,0.05795329420577967,0.05673287022333196,0.05978223922871285,0.05739419545984106,0.05970765332229042,0.058223647865001546,0.05933576388837181,,0.06035068004199289,0.061802803577112146,,,,
2021-04-16,0.05655271642161442,0.05875265117380164,0.05858369829600378,0.05793167990922811,0.06077167849441932,0.06035621284209864,0.057987235662565334,0.0612951454994394,0.05893072508907152,0.05661962571879573,0.05900081356850574,0.05817275077715644,0.061386171223633657,0.057301754373859926,0.05645075582228902,,0.05826334000930811,0.061643045118209124,,,,
2021-04-23,0.05913003123523643,0.05762867050218276,0.05968608004074251,0.057786733386784785,0.05979966488076671,0.0612729666400089,0.058247716031839696,0.061653754247755994,0.05715300274885984,0.056968228457503885,0.059842047222232665,0.059064801214164124,0.06407558579051265,0.05642048454457658,0.05408964744036545,,0.0568574575524744,0.060323128063992724,,,,
2021-04-30,0.058823529411764705,0.058823529411764705,0.058823529411764705,0.058823529411764705,0.058823529411764705,0.058823529411764705,0.058823529411764705,0.058823529411764705,0.058823529411764705,0.058823529411764705,0.058823529411764705,0.058823529411764705,0.058823529411764705,0.058823529411764705,0.058823529411764705,,0.058823529411764705,0.058823529411764705,,,,
2021-05-07,0.05996309830969379,0.061197275539105596,0.05848594004245083,0.059368640168692435,0.05800789526807258,0.0592243729753078,0.0602707357168027,0.05909633781529315,0.057969603425924165,0.05909693651700176,0.0557919107654234,0.0591104229895393,0.05927539660105076,0.059387640255012725,0.05952862729997226,,0.05598696062477774,0.058238205685878924,,,,
2021-05-14,0.0605908646890997,0.06102268942044541,0.058165364521151196,0.05574220287339623,0.06080402443067433,0.060113468327434895,0.06073227918111954,0.06304632083544974,0.06458462238827874,0.0576918502242579,0.054840783551190514,0.06148972581851701,0.06084070512297426,0.05639140596516719,0.05879212546811083,,0.04848893256501184,0.05666263461772069,,,,
2021-05-21,0.06029301622763769,0.061423302316167,0.05715841393802978,0.059219511312869746,0.05771683436596696,0.0601516734627531,0.05948394004694752,0.060031776636660976,0.06550511757299314,0.05864971693108335,0.056020858805053315,0.06257010517931107,0.060213063889479265,0.05539374414276827,0.0561583574066085,,0.051748669117193176,0.05826189864847721,,,,
2021-05-28,0.058823529411764705,0.058823529411764705,0.058823529411764705,0.058823529411764705,0.058823529411764705,0.058823529411764705,0.058823529411764705,0.058823529411764705,0.058823529411764705,0.058823529411764705,0.058823529411764705,0.058823529411764705,0.058823529411764705,0.058823529411764705,0.058823529411764705,,0.058823529411764705,0.058823529411764705,,,,
2021-06-04,0.04348348346918096,0.06168035469210543,0.059902005215152314,0.06009768689109035,0.06252926317776372,0.05804603703005702,0.058520984801883516,0.05920765798990984,0.05810432495889242,0.05745917723058074,0.06183554199692163,0.06024579450568137,0.06219491780641502,0.05994739921800563,0.058445335743172726,,0.06068729249642908,0.057612742776758145,,,,
2021-06-11,0.042200816344704475,0.060968710902114226,0.05925193453923092,0.06263249942807478,0.059631967621624156,0.056159583574131644,0.06015116358501977,0.05757909662362654,0.05372115123925721,0.05732603486677197,0.06438992784941186,0.059938714131403885,0.06320583980327465,0.060500256850474804,0.06163763533552166,,0.060042766474906875,0.06066190083045062,,,,
2021-06-18,0.04044404692623689,0.05961775239391809,0.059794263643510356,0.06398327500867312,0.06103725742407726,0.05639174265924176,0.060529307599762786,0.05834700340354808,0.05420685976850763,0.05657594732301902,0.06188081393612072,0.060591288377202956,0.06345723886077592,0.0593453401134301,0.05850967785991302,,0.06577666007121513,0.05951152463084708,,,,
2021-06-25,0.058823529411764705,0.058823529411764705,0.058823529411764705,0.058823529411764705,0.058823529411764705,0.058823529411764705,0.058823529411764705,0.058823529411764705,0.058823529411764705,0.058823529411764705,0.058823529411764705,0.058823529411764705,0.058823529411764705,0.058823529411764705,0.058823529411764705,,0.058823529411764705,0.058823529411764705,,,,
2021-07-02,0.05543319734228469,0.05751791767808699,0.05888017957534968,0.06171544415941149,0.057596621831249584,0.05827006711082921,0.05834333169506092,0.060638521524091236,0.058478952691966644,0.05718769394888773,0.057835876971727346,0.05864834878868068,0.059114274895851054,0.05694725499339125,0.05933172694413996,,0.06201142497887308,0.06204916487011849,,,,
2021-07-09,0.05342719671695362,0.05682525159625741,0.05889338540232526,0.06106608627091723,0.0572743432591947,0.058106356257288196,0.05959089675575963,0.06008945490898143,0.0617626638838544,0.056721152311766436,0.05699674164497207,0.05882284891750058,0.06080753843627101,0.05772241690449398,0.06184958534402082,,0.0602800781319796,0.059764003257463665,,,,
2021-07-16,0.053074108037076614,0.05850075723383072,0.05818244710921096,0.0589089979874393,0.05745172206308875,0.05806662120476242,0.06003790265872585,0.06120620030583031,0.06212695587273269,0.056118167181125035,0.05768575634376708,0.05997908378195902,0.062084954212786134,0.05794360069133982,0.05951306975508451,,0.062025808542437964,0.05709384701880278,,,,
2021-07-23,0.058823529411764705,0.058823529411764705,0.058823529411764705,0.058823529411764705,0.058823529411764705,0.058823529411764705,0.058823529411764705,0.058823529411764705,0.058823529411764705,0.058823529411764705,0.058823529411764705,0.058823529411764705,0.058823529411764705,0.058823529411764705,0.058823529411764705,,0.058823529411764705,0.058823529411764705,,,,
2021-07-30,0.05843108568317611,0.0598493970811422,0.058360192869461425,0.057240571968261024,0.06033953285039547,0.06036207953112928,0.06039672840436983,0.06045316392184595,0.05739165747759578,0.057748963328648754,0.05758485667566156,0.0610224612676086,0.056855921379063944,0.0580943808379192,0.058862598550141775,,0.061711681349609464,0.05529472682396975,,,,
2021-08-06,0.05720726356646742,0.0609743579711668,0.05670155986611515,0.055660452958691556,0.06502343075217998,0.0583397564868545,0.06132120181614157,0.06173778896736443,0.05703925430774196,0.05555423814591345,0.058745268160179644,0.06391370905009063,0.058117884704139866,0.054289897420410425,0.05883275535973276,,0.0636140940928413,0.05292708637396849,,,,
2021-08-13,0.05729747727379789,0.06145336190753065,0.05523801206274774,0.05592176624189252,0.0672278739284123,0.06029532714286213,0.06011744534064587,0.060569398295984095,0.059596895707275076,0.05592371443642443,0.059156063661993705,0.06300087287299268,0.0582443296468144,0.051029998354440775,0.05745831430465127,,0.06757739313801654,0.04989175568351805,,,,
2021-08-20,0.058823529411764705,0.058823529411764705,0.058823529411764705,0.058823529411764705,0.058823529411764705,0.058823529411764705,0.058823529411764705,0.058823529411764705,0.058823529411764705,0.058823529411764705,0.058823529411764705,0.058823529411764705,0.058823529411764705,0.058823529411764705,0.058823529411764705,,0.058823529411764705,0.058823529411764705,,,,
2021-08-27,0.06110571147802091,0.05937257396300498,0.06041199708491514,0.05571847828175096,0.06037805397800291,0.06043360466066411,0.06043642656292219,0.05798726243842409,0.05784049529232236,0.05852444032157413,0.05815756309448157,0.06136254080743405,0.061143623073635626,0.05749649943518456,0.055065228796287245,,0.06115969007060149,0.053405810660773566,,,,
2021-09-03,0.05974025316786928,0.05802872115057006,0.05747914844696689,0.05601278424298686,0.06064616277679943,0.05908273465816002,0.06047210576234471,0.05920689644757645,0.057244387097952175,0.057718390774283194,0.05812053230459767,0.057410470132363264,0.06009134720431783,0.05872735771676836,0.06398829937368485,,0.06373092813233788,0.052299480610421084,,,,
2021-09-10,0.059603428241648194,0.055657558046008596,0.05559036376561634,0.057306085695619936,0.060603345789858806,0.060095162994835895,0.061465700008885404,0.05810567661964928,0.0588864139925479,0.05691178878230794,0.05808896575352027,0.05618887659230494,0.05961846054840556,0.060027586560673564,0.06316925744780814,,0.06423399134371799,0.054447337816591154,,,,
2021-09-17,0.058823529411764705,0.058823529411764705,0.058823529411764705,0.058823529411764705,0.058823529411764705,0.058823529411764705,0.058823529411764705,0.058823529411764705,0.058823529411764705,0.058823529411764705,0.058823529411764705,0.058823529411764705,0.058823529411764705,0.058823529411764705,0.058823529411764705,,0.058823529411764705,0.058823529411764705,,,,
2021-09-24,0.058674782713413635,0.060199503088408685,0.05632699583738453,0.0662279403648283,0.05882808328687505,0.060110944041121626,0.060183201572626084,0.057628415472453856,0.05793794472327704,0.05879799265397304,0.05876425402538937,0.05998923437659107,0.05891605191109831,0.05025210826092789,0.05876046672989551,,0.0592361976312704,0.05916588331046563,,,,
2021-10-01,0.05990720875384282,0.06050734786462614,0.05584000469632582,0.06359489213496437,0.05937684568059591,0.06400704556215904,0.06278859634072169,0.055683634324846736,0.05976492083958553,0.058352439345794996,0.057572578097019114,0.05935452895707433,0.05478583099399563,0.05188106435827501,0.057655037695906124,,0.05973163903368967,0.05919638532057704,,,,
2021-10-08,0.06047131226530166,0.06236734408955223,0.059575865143586544,0.06521390075885658,0.0585040503970835,0.06563136009528137,0.05976222619137448,0.05480616868605342,0.05204285219060988,0.06159016404042262,0.05650520581380461,0.06115957825224316,0.05623248946120287,0.05254081974909481,0.056904204797817416,,0.05872297387564762,0.05796948419206721,,,,
2021-10-15,0.058823529411764705,0.058823529411764705,0.058823529411764705,0.058823529411764705,0.058823529411764705,0.058823529411764705,0.058823529411764705,0.058823529411764705,0.058823529411764705,0.058823529411764705,0.058823529411764705,0.058823529411764705,0.058823529411764705,0.058823529411764705,0.058823529411764705,,0.058823529411764705,0.058823529411764705,,,,
2021-10-22,0.05831141386471817,0.0590709312031602,0.05800178358097465,0.05711008860908401,0.059412234308592826,0.059680913800202656,0.05711403530779221,0.05975882655212793,0.05947651623586871,0.058366866245653376,0.05767914505365913,0.05686654067505762,0.058840627427502915,0.05903983604684745,0.06119568540446786,,0.06269131027369351,0.057383245410596924,,,,
2021-10-29,0.04758361885322689,0.059292895487376665,0.059488699043376184,0.05819773233477131,0.05909064352195598,0.05904161691153341,0.059166850722799404,0.058382865117454774,0.06054141256265594,0.05967844260199448,0.06010920879741083,0.056387838017718635,0.06170566369997314,0.05857045338007564,0.062080381573870205,,0.062199404271505256,0.0584822731023014,,,,
2021-11-05,0.0453929166255797,0.06106477529855653,0.05837964972832845,0.058982114411263095,0.061887196900074486,0.05998453915512513,0.059213861808975386,0.057401089946017544,0.060398374420446384,0.06044441079988655,0.05976105024602696,0.060459263663365514,0.060148878152376614,0.056588570710108387,0.06122561809474441,,0.06552186634226269,0.053145823696862105,,,,
2021-11-12,0.058823529411764705,0.058823529411764705,0.058823529411764705,0.058823529411764705,0.058823529411764705,0.058823529411764705,0.058823529411764705,0.058823529411764705,0.058823529411764705,0.058823529411764705,0.058823529411764705,0.058823529411764705,0.058823529411764705,0.058823529411764705,0.058823529411764705,,0.058823529411764705,0.058823529411764705,,,,
2021-11-19,0.05636940391804943,0.05665812572911394,0.060080420708607356,0.0584503317133235,0.05849906255183457,0.05811067731782177,0.05686672649226415,0.060082696461665426,0.05933030300869044,0.0591464719049845,0.05942869517184162,0.05713271063417805,0.06014147660445158,0.06001207727478317,0.059703546648482105,,0.05840424447533458,0.0615830293845738,,,,
2021-11-26,0.054362636919152836,0.056614909323209416,0.05802565410460335,0.05995789766503848,0.05994502872053654,0.057226034184588964,0.05807482654543131,0.059211407511949796,0.05746417399461835,0.05982271280980361,0.058774066099918705,0.057174220378003585,0.05928767806024965,0.05998112492131569,0.06272204469866412,,0.05956565272271364,0.06178993134020187,,,,
2021-12-03,0.05983406152200871,0.05626068227977774,0.057815861802276415,0.05920848931211788,0.05939549426632419,0.05963213845984372,0.057718944513985466,0.058862983886688994,0.058230863748062904,0.062173080447441166,0.05825773703578181,0.059360044676230676,0.05696619897956533,0.05933156714931329,0.06261909413576305,,0.05573993279386301,0.05859282499095563,,,,
2021-12-10,0.058823529411764705,0.058823529411764705,0.058823529411764705,0.058823529411764705,0.058823529411764705,0.058823529411764705,0.058823529411764705,0.058823529411764705,0.058823529411764705,0.058823529411764705,0.058823529411764705,0.058823529411764705,0.058823529411764705,0.058823529411764705,0.058823529411764705,,0.058823529411764705,0.058823529411764705,,,,
2021-12-17,0.06037115071117527,0.05962103796518675,0.06021751153650606,0.05626576168884155,0.057125718735563255,0.0581083190269445,0.06018003253431979,0.05943035772638208,0.05973988504203727,0.05852509307281854,0.058793794278268405,0.05806856800492211,0.060724057876747235,0.058015826920467285,0.05695679609940254,,0.05941402972777708,0.058442059052640216,,,,
2021-12-24,0.051234241863251984,0.06328248881014127,0.06043189743975704,0.05301554515185371,0.057065127497038924,0.06069305393262299,0.0606754641313256,0.06251655116434157,0.06014120650921109,0.060559535199049934,0.05985331291881337,0.06320014838243643,0.05976385526486587,0.05496196266131639,0.055401027704149,,0.06034069760664476,0.056863883763179954,,,,
2021-12-31,0.051319908349255566,0.06352324894202843,0.06028336358801901,0.05254523312694237,0.056698273233118296,0.06165804949824551,0.060448253251944604,0.06428958785653117,0.05978426253575292,0.060703116237592294,0.061353091534299437,0.06436718266505928,0.05950164292835163,0.05781470897688368,0.052102841840128436,,0.05788055811498928,0.05572667732085813,,,,
2022-01-07,0.058823529411764705,0.058823529411764705,0.058823529411764705,0.058823529411764705,0.058823529411764705,0.058823529411764705,0.058823529411764705,0.058823529411764705,0.058823529411764705,0.058823529411764705,0.058823529411764705,0.058823529411764705,0.058823529411764705,0.058823529411764705,0.058823529411764705,,0.058823529411764705,0.058823529411764705,,,,
2022-01-14,0.0643644689862896,0.06263888311570336,0.06015621639599142,0.05430647650612643,0.0572519131561211,0.059926869896074986,0.060278903150955285,0.056975735530018855,0.061096484437572596,0.058055007265771785,0.05777172978608033,0.05931334216477582,0.05689068620141841,0.06063070525044335,0.05906663143306158,,0.05539629797712892,0.05587964874646625,,,,
2022-01-21,0.07518224190120007,0.06340941836577411,0.05812144437289217,0.05668267440451677,0.05291388461906372,0.057380308544407246,0.06312680000611078,0.05635717280293591,0.0589964838896501,0.056552358323450895,0.055964473759214595,0.057392518807163506,0.056343153787437955,0.05893982952221825,0.06000366696190254,,0.0551195277177621,0.05751404221429924,,,,
2022-01-28,0.07566303094934985,0.0628414241987589,0.06069779516167682,0.05496367839096187,0.05078043594877069,0.05701312387860287,0.060059116420336324,0.05635860169506223,0.05898315800775944,0.057177771169909686,0.05450751608100826,0.05565082792087822,0.0587102091990914,0.06331361465715613,0.06248713451307865,,0.05463193684459046,0.05616062496300821,,,,
2022-02-04,0.058823529411764705,0.058823529411764705,0.058823529411764705,0.058823529411764705,0.058823529411764705,0.058823529411764705,0.058823529411764705,0.058823529411764705,0.058823529411764705,0.058823529411764705,0.058823529411764705,0.058823529411764705,0.058823529411764705,0.058823529411764705,0.058823529411764705,,0.058823529411764705,0.058823529411764705,,,,
2022-02-11,0.05909111656789951,0.05840432289199905,0.05809186404054158,0.060316528287810256,0.06150423573761443,0.05742100583151272,0.05851163350691511,0.058197750248216495,0.05702655104763963,0.05866127733762454,0.058157884794739115,0.05701781272965554,0.06022149904649048,0.05914390587150397,0.060151979783702327,,0.0588373273082848,0.05924330496785034,,,,
2022-02-18,0.0630590098458066,0.05818042404381995,0.058046884473358255,0.05289139528815974,0.058621301216043545,0.05778304112625777,0.05917158588211138,0.061806406220481586,0.05823891325761992,0.058973425538392604,0.05564182027710492,0.056884599969191624,0.05952040249194965,0.06134989455032362,0.06095665871955111,,0.06141683947079511,0.057457397629032694,,,,
2022-02-25,0.05749623045233312,0.05742808424786351,0.057237696009917974,0.05608659923352955,0.058573010296398526,0.0581359268704377,0.060338767229229553,0.06235756092467884,0.057602339665097466,0.059476826043283505,0.055631053881482165,0.05654543634541971,0.05838313532553304,0.062438951815219974,0.06000122183029803,,0.06432770980851639,0.057939450020760924,,,,
2022-03-04,0.058823529411764705,0.058823529411764705,0.058823529411764705,0.058823529411764705,0.058823529411764705,0.058823529411764705,0.058823529411764705,0.058823529411764705,0.058823529411764705,0.058823529411764705,0.058823529411764705,0.058823529411764705,0.058823529411764705,0.058823529411764705,0.058823529411764705,,0.058823529411764705,0.058823529411764705,,,,
2022-03-11,0.051618002943248927,0.05820146106909494,0.06035614174870442,0.057461068656827985,0.06144635039633314,0.061263567063408526,0.061952950791076794,0.05782939781755054,0.06205914777426215,0.05803043337476353,0.05670895866685039,0.06062478955368263,0.05849823356071791,0.05995006542478585,0.059204779200580204,,0.056012940972083834,0.05878171098602835,,,,
2022-03-18,0.0527668726362479,0.06051105664210616,0.06205298422229846,0.056020113545503215,0.06409963057840708,0.06436591787211232,0.060495220624764166,0.05890844732651797,0.05943543898912285,0.055976310674514355,0.05664696916929531,0.06449029572033724,0.05441638933511077,0.055224881568755525,0.05216559628838508,,0.0682542227491356,0.05416965205738603,,,,
2022-03-25,0.05638369212934315,0.062370633930579164,0.06239365927834942,0.05615526982522927,0.06394252548403033,0.06410156585457345,0.06165246856763565,0.05807555104816097,0.06133432539235181,0.053818372365134724,0.05590695029889773,0.061163501580537995,0.05425207586194526,0.056566967259631284,0.056516369691683346,,0.06351769104329674,0.051848380388619615,,,,
2022-04-01,0.058823529411764705,0.058823529411764705,0.058823529411764705,0.058823529411764705,0.058823529411764705,0.058823529411764705,0.058823529411764705,0.058823529411764705,0.058823529411764705,0.058823529411764705,0.058823529411764705,0.058823529411764705,0.058823529411764705,0.058823529411764705,0.058823529411764705,,0.058823529411764705,0.058823529411764705,,,,
2022-04-08,0.05836549924649278,0.05876727285114079,0.05882445576754951,0.058021853260014335,0.05792678187588316,0.06066529907260829,0.05912325865304193,0.05925795259954717,0.05721638144238698,0.06038591220355237,0.056886946928480724,0.05817463694662292,0.0591421869276042,0.06017566647012575,0.05854312828291022,,0.05978397064904193,0.05873879682299688,,,,
2022-04-15,0.06265304432417522,0.05861645320474871,0.061978744996905415,0.05983558724380349,0.054841179375784144,0.062187979361506565,0.057362448849213966,0.06009183021041509,0.05751771425294938,0.05967379829634817,0.05567102009414101,0.058153629579224604,0.055868761835557036,0.058748129569521176,0.05802292382112426,,0.058893563334398207,0.059883191650183576,,,,
2022-04-22,0.060466170653393644,0.05787364533242606,0.06154716873312561,0.057472905942579214,0.053273008493710805,0.06101022741105315,0.05975556946023803,0.059324174402858657,0.058911881007786694,0.061042531038232026,0.053852346922691516,0.0576212596021409,0.057490282189939686,0.060931468645694604,0.05925163534937043,,0.060762857827521444,0.0594128669872376,,,,
2022-04-29,0.058823529411764705,0.058823529411764705,0.058823529411764705,0.058823529411764705,0.058823529411764705,0.058823529411764705,0.058823529411764705,0.058823529411764705,0.058823529411764705,0.058823529411764705,0.058823529411764705,0.058823529411764705,0.058823529411764705,0.058823529411764705,0.058823529411764705,,0.058823529411764705,0.058823529411764705,,,,
